iata	airport	city	country
AAA	Anaa	Anaa	French Polynesia
AAB	Arrabury	Arrabury	Australia
AAE	Les Salines	Annaba	Algeria
AAF	Apalachicola Regional	Apalachicola	United States
AAG	Arapoti	Arapoti	Brazil
AAI	Arraias	Arraias	Brazil
AAJ	Cayana Airstrip	Awaradam	Suriname
AAK	Aranuka	Aranuka	Kiribati
AAL	Aalborg	Aalborg	Denmark
AAM	Mala Mala	Mala Mala	South Africa
AAN	Al Ain	Al Ain	United Arab Emirates
AAO	Anaco	Anaco	Venezuela
AAR	Aarhus Airport	Aarhus	Denmark
AAS	Apalapsili	Apalapsili	Indonesia
AAT	Altay	Altay	China
AAU	Asau	Asau	Samoa
AAV	Allah Valley	Surallah	Philippines
AAW	Abbottabad	Abbottabad	Pakistan
AAX	Araxa	Araxa	Brazil
AAY	Al Ghaydah	Al Ghaydah	Yemen
AAZ	Quetzaltenango	Quetzaltenango	Guatemala
ABA	Abakan	Abakan	Russia
ABB	RAF Station	Asaba	Nigeria
ABC	Los Llanos	Albacete	Spain
ABD	Abadan	Abadan	Iran
ABE	Lehigh Valley International	Allentown	United States
ABF	Abaiang	Abaiang	Kiribati
ABH	Alpha	Alpha	Australia
ABI	Municipal	Abilene	United States
ABJ	Felix Houphouet Boigny	Abidjan	Ivory Coast
ABK	Kabri Dar	Kabri Dar	Ethiopia
ABL	Ambler	Ambler	United States
ABM	Bamaga Injinoo	Bamaga	Australia
ABN	Albina	Albina	Suriname
ABO	Aboisso	Aboisso	Ivory Coast
ABP	Atkamba	Atkamba	Papua New Guinea
ABQ	Albuquerque International	Albuquerque	United States
ABR	Municipal	Aberdeen	United States
ABS	Abu Simbel	Abu Simbel	Egypt
ABT	Al-Aqiq	Al-Baha	Saudi Arabia
ABU	Atambua	Atambua	Indonesia
ABV	Nnamdi Azikiwe International Airport	Abuja	Nigeria
ABW	Abau	Abau	Papua New Guinea
ABX	Albury	Albury	Australia
ABY	Dougherty County	Albany	United States
ABZ	Dyce	Aberdeen	United Kingdom
ACA	General Juan N. Alvarez International	Acapulco	Mexico
ACB	Antrim County	Bellaire	United States
ACC	Kotoka International Airport	Accra	Ghana
ACD	Acandi	Acandi	Colombia
ACE	Lanzarote	Arrecife	Spain
ACH	Altenrhein	Altenrhein	Switzerland
ACI	The Blaye	Alderney	Guernsey
ACJ	Anuradhapura	Anuradhapura	Sri Lanka
ACK	Nantucket Memorial	Nantucket	United States
ACL	Aguaclara	Aguaclara	Colombia
ACM	Arica	Arica	Colombia
ACN	International	Acuna	Mexico
ACR	Araracuara	Araracuara	Colombia
ACS	Achinsk	Achinsk	Russia
ACT	Municipal	Waco	United States
ACU	Achutupo	Achutupo	Panama
ACV	Arcata	Arcata	United States
ACX	Xingyi	Xingyi	China
ACY	Atlantic City International	Atlantic City	United States
ACZ	Zabol Airport	Zabol	Iran
ADA	Adana	Adana	Turkey
ADB	Adnan Menderes Airport	Izmir	Turkey
ADC	Andakombe	Andakombe	Papua New Guinea
ADD	Bole International	Addis Ababa	Ethiopia
ADE	International	Aden	Yemen
ADF	Adiyaman	Adiyaman	Turkey
ADG	Lenawee County	Adrian	United States
ADH	Aldan	Aldan	Russia
ADI	Arandis	Arandis	Namibia
ADJ	Marka International Airport	Amman	Jordan
ADK	Adak Island Ns	Adak Island	United States
ADL	Adelaide International Airport	Adelaide	Australia
ADM	Ardmore Municipal Airport	Ardmore	United States
ADN	Andes	Andes	Colombia
ADO	Andamooka	Andamooka	Australia
ADP	Ampara	Ampara	Sri Lanka
ADQ	Kodiak Airport	Kodiak	United States
ADR	Andrews	Andrews	United States
ADS	Addison Airport	Dallas	United States
ADT	Ada Municipal	Ada	United States
ADU	Ardabil	Ardabil	Iran
ADW	Andrews AFB	Camp Springs	United States
ADX	Leuchars	St Andrews	United Kingdom
ADY	Alldays	Alldays	South Africa
ADZ	San Andres Island	San Andres Island	Colombia
AEA	Abemama Atoll	Abemama Atoll	Kiribati
AEB	Youjiang	Baise	China
AED	Aleneva	Aleneva	United States
AEE	Adareil	Adareil	South Sudan
AEG	Aek Godang	Aek Godang	Indonesia
AEH	Abeche	Abéché	Chad
AEI	Algeciras	Algeciras	Spain
AEK	Aseki	Aseki	Papua New Guinea
AEL	Albert Lea	Albert Lea	United States
AEO	Aioun El Atrouss	Aioun El Atrouss	Mauritania
AEP	Aeroparque Jorge Newbery	Buenos Aires	Argentina
AER	Sochi International Airport	Sochi	Russia
AES	Vigra	Aalesund	Norway
AET	Allakaket	Allakaket	United States
AEU	Abu Musa	Abu Musa	Iran
AEX	Alexandria International	Alexandria	United States
AEY	Akureyri	Akureyri	Iceland
AFA	San Rafael	San Rafael	Argentina
AFD	Port Alfred	Port Alfred	South Africa
AFF	USAF Academy Airstrip	Colorado Springs	United States
AFI	Amalfi	Amalfi	Colombia
AFK	Kondavattavan Tank	Ampara	Sri Lanka
AFL	Alta Floresta	Alta Floresta	Brazil
AFN	Municipal	Jaffrey	United States
AFO	Municipal	Afton	United States
AFR	Afore	Afore	Papua New Guinea
AFS	Zarafshan	Zarafshan	Uzbekistan
AFT	Afutara Aerodrome	Afutara	Solomon Islands
AFW	Fort Worth Alliance	Dallas	United States
AFY	Afyon	Afyon	Turkey
AGA	Al Massira	Agadir	Morocco
AGB	Augsburg - Muehlhausen	Munich	Germany
AGC	Allegheny County	Pittsburgh	United States
AGD	Anggi	Anggi	Indonesia
AGE	Flugplatz	Wangerooge	Germany
AGF	La Garenne	Agen	France
AGG	Angoram	Angoram	Papua New Guinea
AGH	Angelholm	Angelholm	Sweden
AGI	Wageningen	Wageningen	Suriname
AGJ	Aguni	Aguni	Japan
AGK	Kagua	Kagua	Papua New Guinea
AGL	Wanigela	Wanigela	Papua New Guinea
AGM	Tasiilaq	Tasiilaq	Greenland
AGN	Angoon	Angoon	United States
AGO	Municipal	Magnolia	United States
AGP	Malaga Costa del Sol Airport	Malaga	Spain
AGR	Kheria	Agra	India
AGS	Bush Field	Augusta	United States
AGT	Alejo Garcia	Ciudad Del Este	Paraguay
AGU	Aguascalients	Aguascalientes	Mexico
AGV	Acarigua	Acarigua	Venezuela
AGW	Agnew	Agnew	Australia
AGX	Agatti Island	Agatti Island	India
AGZ	Aggeneys	Aggeneys	South Africa
AHA	Naha AFB	Okinawa	Japan
AHB	Abha	Abha	Saudi Arabia
AHC	Amedee AAF	Herlong	United States
AHD	Downtown	Ardmore	United States
AHE	Ahe Airport	Ahe	French Polynesia
AHF	Municipal	Arapahoe	United States
AHH	Municipal	Amery	United States
AHI	Amahai	Amahai	Indonesia
AHL	Aishalton	Aishalton	Guyana
AHM	Sumner Parker Field	Ashland	United States
AHN	Athens-Ben Epps	Athens	United States
AHO	Fertilia	Alghero	Italy
AHS	Ahuas	Ahuas	Honduras
AHU	Charif Al Idrissi	Al Hoceima	Morocco
AHW	Saih Rawl	Saih Rawl	Oman
AHY	Ambatolahy	Ambatolahy	Madagascar
AHZ	Alpe D Huez	Alpe D Huez	France
AIA	Alliance	Alliance	United States
AIB	Anita Bay	Anita Bay	United States
AIC	Airok	Airok	Marshall Islands
AID	Municipal	Anderson	United States
AIE	Aiome	Aiome	Papua New Guinea
AIF	Assis	Assis	Brazil
AIG	Yalinga	Yalinga	Central African Republic
AIH	Aiambak	Aiambak	Papua New Guinea
AII	Alisabieh	Alisabieh	Djibouti
AIK	Municipal	Aiken	United States
AIL	Ailigandi	Ailigandi	Panama
AIM	Ailuk Island	Ailuk Island	Marshall Islands
AIN	Wainwright	Wainwright	United States
AIO	Municipal	Atlantic	United States
AIP	Ailinglapalap Island	Ailinglapalap Island	Marshall Islands
AIR	Aripuana	Aripuana	Brazil
AIS	Arorae Island	Arorae Island	Kiribati
AIT	Aitutaki	Aitutaki	Cook Islands
AIU	Atiu Island	Atiu Island	Cook Islands
AIV	George Downer	Aliceville	United States
AIW	Ai-ais	Ai-ais	Namibia
AIZ	Lee C Fine Memorial	Kaiser	United States
AJA	Campo Dell Oro	Ajaccio	France
AJF	Jouf	Sakaka Al Jouf	Saudi Arabia
AJI	Agri	Agri	Turkey
AJJ	Akjoujt	Akjoujt	Mauritania
AJK	Araak	Araak	Iran
AJL	Aizawl	Aizawl	India
AJN	Ouani	Anjouan	Comoros
AJR	Arvidsjaur	Arvidsjaur	Sweden
AJS	Abreojos	Abreojos	Mexico
AJU	Santa Maria	Aracaju	Brazil
AJY	Agades	Agades	Niger
AKA	Ankang	Ankang	China
AKB	Atka	Atka	United States
AKC	Fulton International	Akron/Canton	United States
AKD	Akola	Akola	India
AKE	Akieni	Akieni	Gabon
AKF	Kufrah	Kufrah	Libya
AKG	Anguganak	Anguganak	Papua New Guinea
AKH	Prince Sultan Air Base	Al Kharj	Saudi Arabia
AKI	Akiak	Akiak	United States
AKJ	Asahikawa	Asahikawa	Japan
AKK	Akhiok SPB	Akhiok	United States
AKL	Auckland International	Auckland	New Zealand
AKM	Zakouma	Zakouma	Chad
AKN	King Salmon	King Salmon	United States
AKO	Colorado Plains Regional Airport	Akron	United States
AKP	Anaktuvuk	Anaktuvuk	United States
AKQ	Gunung Batin	Astraksetra	Indonesia
AKR	Akure	Akure	Nigeria
AKS	Gwaunaru'u	Auki	Solomon Islands
AKT	Raf Akrotiri	Akrotiri	Cyprus
AKU	Aksu	Aksu	China
AKV	Akulivik	Akulivik	Canada
AKW	Aghajari	Aghajari	Iran
AKX	Aktyubinsk	Aktyubinsk	Kazakhstan
AKY	Civil	Sittwe	Myanmar
ALA	Almaty International Airport	Almaty	Kazakhstan
ALB	Albany International	Albany	United States
ALC	Alicante Elche Miguel Hernandez Airport	Alicante	Spain
ALD	Alerta	Alerta	Peru
ALE	Alpine	Alpine	United States
ALF	Alta	Alta	Norway
ALG	Houari Boumediene	Algiers	Algeria
ALH	Albany	Albany	Australia
ALI	International	Alice	United States
ALJ	Kortdoorn	Alexander Bay	South Africa
ALK	Asela	Asela	Ethiopia
ALL	Albenga	Albenga	Italy
ALM	Municipal	Alamogordo	United States
ALN	Alton	Alton	United States
ALO	Waterloo	Waterloo	United States
ALP	Nejrab	Aleppo	Syria
ALQ	Federal	Alegrete	Brazil
ALR	Alexandra	Alexandra	New Zealand
ALS	Municipal	Alamosa	United States
ALT	Alenquer	Alenquer	Brazil
ALU	Alula	Alula	Somalia
ALW	Walla Walla	Walla Walla	United States
ALX	Thomas C Russell Field	Alexander City	United States
ALY	El Nohza	Alexandria	Egypt
ALZ	Alitak SPB	Alitak	United States
AMA	Rick Husband Amarillo International	Amarillo	United States
AMB	Ambilobe	Ambilobe	Madagascar
AMC	Am Timan	Am Timan	Chad
AME	Alto Molocue	Alto Molocue	Mozambique
AMF	Ama	Ama	Papua New Guinea
AMG	Amboin	Amboin	Papua New Guinea
AMH	Arba Mintch	Arba Mintch	Ethiopia
AMJ	Almenara	Almenara	Brazil
AMK	Animas Airpark	Durango	United States
AMM	Queen Alia International	Amman	Jordan
AMN	Gratiot Community	Alma	United States
AMO	Mao	Mao	Chad
AMP	Ampanihy	Ampanihy	Madagascar
AMQ	Pattimura	Ambon	Indonesia
AMR	Arno	Arno	Marshall Islands
AMS	Schiphol	Amsterdam	Netherlands
AMT	Amata	Amata	Australia
AMU	Amanab	Amanab	Papua New Guinea
AMV	Amderma	Amderma	Russia
AMW	Ames	Ames	United States
AMX	Ammaroo	Ammaroo	Australia
AMY	Ambatomainty	Ambatomainty	Madagascar
AMZ	Ardmore	Ardmore	New Zealand
ANA	John Wayne International	Anaheim	United States
ANB	Anniston Metropolitan	Anniston	United States
ANC	Ted Stevens Anchorage International Airport	Anchorage	United States
AND	Anderson	Anderson	United States
ANE	Marce	Angers	France
ANF	Cerro Moreno	Antofagasta	Chile
ANG	Brie-Champniers	Angouleme	France
ANI	Aniak	Aniak	United States
ANJ	Zanaga	Zanaga	Republic of the Congo
ANK	Etimesgut	Ankara	Turkey
ANL	Andulo	Andulo	Angola
ANM	Antsirabato	Antalaha	Madagascar
ANN	Annette Island	Annette Island	United States
ANO	Angoche	Angoche	Mozambique
ANP	Lee	Annapolis	United States
ANQ	Tri-State Steuben County	Angola	United States
ANR	Deurne/ Antwerp Airport	Antwerp	Belgium
ANS	Andahuaylas	Andahuaylas	Peru
ANT	St Anton	St Anton	Austria
ANU	V. C. Bird International	St. John's	Antigua and Barbuda
ANV	Anvik	Anvik	United States
ANW	Ainsworth	Ainsworth	United States
ANX	Andoya	Andenes	Norway
ANY	Anthony	Anthony	United States
ANZ	Angus Downs	Angus Downs	Australia
AOB	Annanberg	Annanberg	Papua New Guinea
AOC	Altenburg Nobitz	Altenburg	Germany
AOD	Abou Deia	Abou Deia	Chad
AOE	Anadolu University	Eskisehir	Turkey
AOG	Anshan	Anshan	China
AOH	Allen County	Lima	United States
AOI	Falconara	Ancona	Italy
AOJ	Aomori	Aomori	Japan
AOK	Karpathos	Karpathos	Greece
AOL	Paso De Los Libres	Paso De Los Libres	Argentina
AOM	Adam	Adam	Oman
AON	Arona	Arona	Papua New Guinea
AOO	Martinsburg	Martinsburg	United States
AOP	Andoas	Andoas	Peru
AOR	Alor Setar	Alor Setar	Malaysia
AOS	Amook	Amook	United States
AOT	Corrado Gex	Aosta	Italy
AOU	Attopeu	Attopeu	Laos
APA	Arapahoe Co	Denver	United States
APB	Apolo	Apolo	Bolivia
APC	Napa County	Napa	United States
APE	San Juan Aposento	San Juan Aposento	Peru
APF	Naples	Naples	United States
APG	Phillips AAF	Aberdeen	United States
APH	Camp A P Hill	Bowling Green	United States
API	Apiay	Apiay	Colombia
APK	Apataki	Apataki	French Polynesia
APL	Nampula	Nampula	Mozambique
APN	Alpena County Regional	Alpena	United States
APO	Apartado	Apartado	Colombia
APP	Asapa	Asapa	Papua New Guinea
APQ	Arapiraca	Arapiraca	Brazil
APR	April River	April River	Papua New Guinea
APS	Anapolis	Anapolis	Brazil
APT	Marion County	Jasper	United States
APU	Apucarana	Apucarana	Brazil
APV	Apple Valley	Apple Valley	United States
APW	Faleolo	Apia	Samoa
APX	Arapongas	Arapongas	Brazil
APY	Alto Parnaiba	Alto Parnaiba	Brazil
APZ	Zapala	Zapala	Argentina
AQA	Araraquara	Araraquara	Brazil
AQB	Quiche Airport	Quiche	Guatemala
AQG	Anqing	Anqing	China
AQI	Qaisumah	Qaisumah	Saudi Arabia
AQJ	King Hussein International	Aqaba	Jordan
AQM	Ariquemes	Ariquemes	Brazil
AQP	Rodriguez Ballon	Arequipa	Peru
AQY	Alyeska	Alyeska	United States
ARA	Acadiana Regional	New Iberia	United States
ARB	Municipal	Ann Arbor	United States
ARC	Arctic Village	Arctic Village	United States
ARD	Alor Island	Alor Island	Indonesia
ARE	Arecibo	Arecibo	Puerto Rico
ARF	Acaricuara	Acaricuara	Colombia
ARG	Walnut Ridge	Walnut Ridge	United States
ARH	Talagi	Arkhangelsk	Russia
ARI	Chacalluta	Arica	Chile
ARJ	Arso	Arso	Indonesia
ARK	Arusha	Arusha	Tanzania
ARL	Arly	Arly	Burkina Faso
ARM	Armidale	Armidale	Australia
ARN	Arlanda	Stockholm	Sweden
ARO	Arboletas	Arboletas	Colombia
ARP	Aragip	Aragip	Papua New Guinea
ARQ	Arauquita	Arauquita	Colombia
ARR	Alto Rio Senguerr	Alto Rio Senguerr	Argentina
ARS	Aragarcas	Aragarcas	Brazil
ART	Watertown	Watertown	United States
ARU	Aracatuba	Aracatuba	Brazil
ARV	Noble F. Lee	Minocqua	United States
ARW	Arad	Arad	Romania
ARY	Ararat	Ararat	Australia
ARZ	N'zeto	N'zeto	Angola
ASA	Assab International	Assab	Eritrea
ASB	Ashgabat	Ashgabat	Turkmenistan
ASC	Ascension	Ascension	Bolivia
ASD	Andros Town	Andros Town	Bahamas
ASE	Aspen	Aspen	United States
ASF	Astrakhan	Astrakhan	Russia
ASG	Ashburton	Ashburton	New Zealand
ASH	Boire Field	Nashua	United States
ASI	Wideawake Field	Georgetown	Saint Helena
ASJ	Amami	Amami	Japan
ASK	Yamoussoukro	Yamoussoukro	Ivory Coast
ASL	Harrison County	Marshall	United States
ASM	Yohannes IV	Asmara	Eritrea
ASN	Talladega	Talladega	United States
ASO	Asosa	Asosa	Ethiopia
ASP	Alice Springs	Alice Springs	Australia
ASQ	Austin	Austin	United States
ASR	Erkilet International Airport	Kayseri	Turkey
AST	Astoria	Astoria	United States
ASU	Silvio Pettirossi	Asuncion	Paraguay
ASV	Amboseli	Amboseli	Kenya
ASW	Aswan	Aswan	Egypt
ASX	Ashland	Ashland	United States
ASY	Ashley	Ashley	United States
ASZ	Asirim	Asirim	Papua New Guinea
ATA	Anta	Anta	Peru
ATB	Atbara	Atbara	Sudan
ATC	Arthur's Town	Arthur's Town	Bahamas
ATD	Atoifi	Atoifi	Solomon Islands
ATE	Antlers	Antlers	United States
ATF	Chachoan	Ambato	Ecuador
ATG	Attock	Attock	Pakistan
ATH	Eleftherios Venizelos	Athens	Greece
ATI	Artigas	Artigas	Uruguay
ATJ	Antsirabe	Antsirabe	Madagascar
ATK	Atqasuk	Atqasuk	United States
ATL	Hartsfield-Jackson Atlanta International	Atlanta	United States
ATM	Altamira	Altamira	Brazil
ATN	Namatanai	Namatanai	Papua New Guinea
ATO	Ohio University	Athens	United States
ATP	Airstrip	Aitape	Papua New Guinea
ATQ	Sri Guru Ram Dass Jee	Amritsar	India
ATR	Mouakchott	Atar	Mauritania
ATS	Artesia	Artesia	United States
ATT	Atmautluak	Atmautluak	United States
ATV	Ati	Ati	Chad
ATW	Outagamie County	Appleton	United States
ATX	Atbasar	Atbasar	Kazakhstan
ATY	Watertown	Watertown	United States
ATZ	Assiut	Assiut	Egypt
AUA	Reina Beatrix	Aruba	Aruba
AUB	Itauba	Itauba	Brazil
AUC	Arauca	Arauca	Colombia
AUD	Augustus Downs	Augustus Downs	Australia
AUE	Abu Rudeis	Abu Rudeis	Egypt
AUF	Auxerre Branches	Auxerre	France
AUG	Augusta	Augusta	United States
AUH	Zayed International Airport	Abu Dhabi	United Arab Emirates
AUI	Aua Island	Aua Island	Papua New Guinea
AUJ	Ambunti	Ambunti	Papua New Guinea
AUK	Alakanuk	Alakanuk	United States
AUL	Aur Island	Aur Island	Marshall Islands
AUM	Austin	Austin	United States
AUN	Auburn	Auburn	United States
AUO	Auburn-Opelika	Auburn	United States
AUP	Agaun	Agaun	Papua New Guinea
AUQ	Atuona	Atuona	French Polynesia
AUR	Aurillac	Aurillac	France
AUS	Austin-bergstrom International	Austin	United States
AUT	Atauro	Atauro	Indonesia
AUU	Aurukun Mission	Aurukun Mission	Australia
AUV	Aumo	Aumo	Papua New Guinea
AUW	Municipal	Wausau	United States
AUX	Araguaina	Araguaina	Brazil
AUY	Aneityum	Aneityum	Vanuatu
AUZ	Municipal Airport	Aurora	United States
AVA	An Shun/Huang Guo Shu	An Shun	China
AVB	Aviano	Aviano	Italy
AVG	Auvergne	Auvergne	Australia
AVI	Maximo Gomez	Ciego De Avila	Cuba
AVK	Arvaikheer	Arvaikheer	Mongolia
AVL	Asheville Regional Airport	Fletcher	United States
AVN	Avignon-Caumont	Avignon	France
AVO	Municipal	Avon Park	United States
AVP	Wilkes-Barre/Scranton International Airport	Wilkes-Barre	United States
AVU	Avu Avu	Avu Avu	Solomon Islands
AVV	Avalon	Melbourne	Australia
AVW	Avra Valley	Tucson	United States
AVX	Avalon Bay	Avalon	United States
AWA	Awassa	Awassa	Ethiopia
AWB	Awaba	Awaba	Papua New Guinea
AWD	Aniwa	Aniwa	Vanuatu
AWE	Alowe	Alowe	Gabon
AWK	Wake Island	Wake Island	United States Minor Outlying Islands
AWM	Municipal	West Memphis	United States
AWN	Alton Downs	Alton Downs	Australia
AWP	Austral Downs	Austral Downs	Australia
AWZ	Ahwaz	Ahwaz	Iran
AXA	Wallblake	Anguilla	Anguilla
AXB	Alexandria Bay	Alexandria Bay	United States
AXC	Aramac	Aramac	Australia
AXD	Dimokritos	Alexandroupolis	Greece
AXE	Xanxere	Xanxere	Brazil
AXG	Algona	Algona	United States
AXK	Ataq	Ataq	Yemen
AXL	Alexandria	Alexandria	Australia
AXM	El Eden	Armenia	Colombia
AXN	Alexandria	Alexandria	United States
AXP	Springpoint Airport	Spring Point	Bahamas
AXR	Arutua	Arutua	French Polynesia
AXS	Municipal	Altus	United States
AXT	Akita	Akita	Japan
AXU	Axum	Axum	Ethiopia
AXV	Neil Armstrong	Wapakoneta	United States
AXX	Angel Fire	Angel Fire	United States
AYA	Ayapel	Ayapel	Colombia
AYC	Ayacucho	Ayacucho	Colombia
AYD	Alroy Downs	Alroy Downs	Australia
AYG	Yaguara	Yaguara	Colombia
AYI	Yari	Yari	Colombia
AYJ	Ayodhya Airport	Ayodhya	India
AYK	Arkalyk	Arkalyk	Kazakhstan
AYL	Anthony Lagoon	Anthony Lagoon	Australia
AYN	Anyang	Anyang	China
AYO	Ayolas	Ayolas	Paraguay
AYP	Yanamilla	Ayacucho	Peru
AYQ	Connellan	Ayers Rock	Australia
AYR	Ayr	Ayr	Australia
AYS	Ware County	Waycross	United States
AYT	Antalya	Antalya	Turkey
AYU	Aiyura	Aiyura	Papua New Guinea
AYW	Ayawasi	Ayawasi	Indonesia
AYY	Arugam Bay SPB	Pothuvil	Sri Lanka
AZA	Williams Gateway	Phoenix	United States
AZB	Amazon Bay	Amazon Bay	Papua New Guinea
AZD	Yazd	Yazd	Iran
AZG	Apatzingan	Apatzingan	Mexico
AZL	Fazenda Tucunare	Sapezal	Brazil
AZN	Andizhan	Andizhan	Uzbekistan
AZO	Kalamazoo/Battle Creek International	Kalamazoo	United States
AZP	Atizapan	Mexico City	Mexico
AZR	Adrar	Adrar	Algeria
AZS	Samana El Catey International	El Catey	Dominican Republic
AZT	Zapatoca	Zapatoca	Colombia
AZZ	Ambriz	Ambriz	Angola
BAA	Bialla	Bialla	Papua New Guinea
BAB	Beale AFB	Marysville	United States
BAC	Barranca De Upia	Barranca De Upia	Colombia
BAD	Barksdale AFB	Shreveport	United States
BAE	Barcelonnette	Barcelonnette	France
BAF	Barnes	Westfield	United States
BAG	Loakan	Baguio	Philippines
BAH	Bahrain International	Manama	Bahrain
BAI	Buenos Aires	Buenos Aires	Costa Rica
BAJ	Bali	Bali	Papua New Guinea
BAL	Batman	Batman	Turkey
BAM	Lander County	Battle Mountain	United States
BAN	Basongo	Basongo	Democratic Republic of the Congo
BAO	Udorn	Ban Mak Khaen	Thailand
BAQ	E Cortissoz	Barranquilla	Colombia
BAR	Baker AAF	Baker Island	United States
BAS	Balalae	Balalae	Solomon Islands
BAT	Airport Chafei Amsei	Barretos	Brazil
BAU	Bauru	Bari	Italy
BAV	Baotou	Baotou	China
BAW	Biawonque	Biawonque	Gabon
BAX	Barnaul	Barnaul	Russia
BAY	Baia Mare	Baia Mare	Romania
BAZ	Barbelos	Barbelos	Brazil
BBA	Teniente Vidal	Balmaceda	Chile
BBB	Municipal	Benson	United States
BBC	Bay City	Bay City	United States
BBD	Curtis Field	Brady	United States
BBF	Burlington	Burlington	United States
BBG	Butaritari	Butaritari	Kiribati
BBH	Barth	Barth	Germany
BBI	Biju Patnaik	Bhubaneswar	India
BBJ	Bitburg Air Base	Bitburg	Germany
BBK	Kasane	Kasane	Botswana
BBM	Battambang	Battambang	Cambodia
BBN	Bario	Bario	Malaysia
BBO	Berbera	Berbera	Somalia
BBP	Bembridge	Bembridge	United Kingdom
BBQ	Barbuda	Barbuda	Antigua and Barbuda
BBR	Baillif	Basse Terre	Guadeloupe
BBS	Blackbushe	Yateley	United Kingdom
BBT	Berberati	Berberati	Central African Republic
BBU	Baneasa	Bucharest	Romania
BBV	Nero-Mer	Bereby	Ivory Coast
BBW	Broken Bow	Broken Bow	United States
BBX	Wings Field	Blue Bell	United States
BBY	Bambari	Bambari	Central African Republic
BBZ	Zambezi	Zambezi	Zambia
BCA	Baracoa	Baracoa	Cuba
BCB	Virginia Tech	Blacksburg	United States
BCC	Bear Creek	Bear Creek	United States
BCD	Bacolod	Bacolod	Philippines
BCE	Bryce	Bryce	United States
BCF	Bouca	Bouca	Central African Republic
BCG	Bemichi	Bemichi	Guyana
BCH	Cakung International	Baucau	East Timor
BCI	Barcaldine	Barcaldine	Australia
BCK	Bolwarra	Bolwarra	Australia
BCL	Barra Colorado	Barra Colorado	Costa Rica
BCM	Bacau	Bacau	Romania
BCN	Josep Tarradellas Barcelona–El Prat Airport	Barcelona	Spain
BCO	Jinka	Jinka	Ethiopia
BCP	Bambu	Bambu	Papua New Guinea
BCQ	Brack	Brack	Libya
BCR	Boca Do Acre	Boca Do Acre	Brazil
BCS	Southern Seaplane	Belle Chasse	United States
BCT	Public	Boca Raton	United States
BCU	Bauchi	Bauchi	Nigeria
BCV	Belmopan	Belmopan	Belize
BCW	Benguera Island	Benguera Island	Mozambique
BCX	Beloreck	Beloreck	Russia
BCY	Bulchi	Bulchi	Ethiopia
BCZ	Bickerton Island	Bickerton Island	Australia
BDA	L. F. Wade International	St. George	Bermuda
BDB	Bundaberg	Bundaberg	Australia
BDC	Barra Do Corda	Barra Do Corda	Brazil
BDD	Badu Island	Badu Island	Australia
BDE	Baudette	Baudette	United States
BDF	Rinkenberger	Bradford	United States
BDG	Blanding	Blanding	United States
BDH	Bandar Lengeh	Bandar Lengeh	Iran
BDI	Bird Island	Bird Island	Seychelles
BDJ	Sjamsudin Noor	Banjarmasin	Indonesia
BDK	Bondoukou	Bondoukou	Ivory Coast
BDL	Bradley International	Windsor Locks	United States
BDM	Bandirma	Bandirma	Turkey
BDN	Talhar	Badin	Pakistan
BDO	Husein Sastranegara	Bandung	Indonesia
BDP	Bhadrapur	Bhadrapur	Nepal
BDQ	Vadodara	Vadodara	India
BDR	Igor I. Sikorsky Memorial	Bridgeport	United States
BDS	Papola Casale	Brindisi	Italy
BDT	Gbadolite	Gbadolite	Democratic Republic of the Congo
BDU	Bardufoss	Bardufoss	Norway
BDV	Moba	Moba	Democratic Republic of the Congo
BDW	Bedford Downs	Bedford Downs	Australia
BDX	Broadus	Broadus	United States
BDY	State	Bandon	United States
BDZ	Baindoung	Baindoung	Papua New Guinea
BEB	Benbecula	Benbecula	United Kingdom
BEC	Beech	Wichita	United States
BED	Hanscom Field	Bedford	United States
BEE	Beagle Bay	Beagle Bay	Australia
BEF	Bluefields	Bluefields	Nicaragua
BEG	Belgrade Nikola Tesla	Belgrade	Serbia
BEH	Ross Field	Benton Harbor	United States
BEI	Beica	Beica	Ethiopia
BEJ	Kalimaru	Tanjung Redep	Indonesia
BEK	Bareli	Bareli	India
BEL	Val De Cans	Belem	Brazil
BEN	Benina International	Benghazi	Libya
BEO	Belmont	Newcastle	Australia
BEP	Bellary	Bellary	India
BEQ	Honington	Bury St Edmunds	United Kingdom
BER	Berlin Brandenburg Airport	Berlin	Germany
BES	Brest Lesquin	Brest	France
BET	Bethel Airport	Bethel	United States
BEU	Bedourie	Bedourie	Australia
BEV	Beer Sheba	Beer Sheba	Israel
BEW	Beira	Beira	Mozambique
BEX	Benson (RAF Station)	Benson	United Kingdom
BEY	Beirut Rafic Hariri International Airport	Beirut	Lebanon
BEZ	Beru	Beru	Kiribati
BFA	Bahia Negra	Bahia Negra	Paraguay
BFB	Blue Fox Bay	Blue Fox Bay	United States
BFC	Bloomfield	Bloomfield	Australia
BFD	Bradford	Bradford	United States
BFE	Bielefeld	Bielefeld	Germany
BFF	Western Neb. Regional	Scottsbluff	United States
BFG	Bullfrog Basin	Bullfrog Basin	United States
BFH	Bacacheri	Curitiba.	Brazil
BFI	Boeing Field/King County International Airport	Seattle	United States
BFK	Buffalo Municipal Airport	Denver	United States
BFL	Meadows Field	Bakersfield	United States
BFM	Mobile Downtown	Mobile	United States
BFN	Bloemfontein International	Bloemfontein	South Africa
BFO	Buffalo Range	Buffalo Range	Zimbabwe
BFP	Beaver Falls	Beaver Falls	United States
BFQ	Bahia Pinas	Bahia Pinas	Panama
BFR	Virgil I Grissom Municipalcipal	Bedford	United States
BFS	Aldergrove International Airport	Belfast	United Kingdom
BFT	County	Beaufort	United States
BFU	Bengbu	Bengbu	China
BFV	Buri Ram	Buri Ram	Thailand
BFW	Sidi Belabbes	Sidi Belabbes	Algeria
BFX	Bafoussam	Bafoussam	Cameroon
BGA	Palo Negro	Bucaramanga	Colombia
BGB	Booue	Booue	Gabon
BGC	Braganca	Braganca	Portugal
BGD	Borger	Borger	United States
BGE	Decatur County	Bainbridge	United States
BGF	Bangui	Bangui	Central African Republic
BGG	Bongouanou	Bongouanou	Turkey
BGH	Abbaye	Boghe	Mauritania
BGI	Grantley Adams International	Bridgetown	Barbados
BGJ	Borgarfjordur Eystri	Borgarfjordur Eystri	Iceland
BGK	Big Creek	Big Creek	Belize
BGL	Baglung	Baglung	Nepal
BGM	Greater Binghamton	Binghamton	United States
BGO	Bergen Airport, Flesland	Bergen	Norway
BGP	Bongo	Bongo	Gabon
BGQ	Big Lake	Big Lake	United States
BGR	Bangor International Airport	Bangor	United States
BGS	Webb AFB	Big Spring	United States
BGT	Bagdad	Bagdad	United States
BGU	Bangassou	Bangassou	Central African Republic
BGV	Bento Goncalves	Bento Goncalves	Brazil
BGW	Baghdad International	Baghdad	Iraq
BGX	Airport Cmdt. Gustavo Kraemer	Bage	Brazil
BGY	Bergamo - Orio al Serio	Milan	Italy
BGZ	Braga	Braga	Portugal
BHA	Bahia De Caraquez	Bahia De Caraquez	Ecuador
BHB	Bar Harbor	Bar Harbor	United States
BHC	Bhurban Heliport	Bhurban	Pakistan
BHD	George Best Belfast City	Belfast	United Kingdom
BHE	Woodbourne Air Station	Blenheim	New Zealand
BHF	Bahia Cupica	Bahia Cupica	Colombia
BHG	Brus Laguna	Brus Laguna	Honduras
BHH	Bisha	Bisha	Saudi Arabia
BHI	Comandante Espora	Bahia Blanca	Argentina
BHJ	Rudra Mata	Bhuj	India
BHK	Bukhara	Bukhara	Uzbekistan
BHL	Bahia Angeles	Bahia Angeles	Mexico
BHM	Birmingham	Birmingham	United States
BHN	Beihan	Beihan	Yemen
BHO	Raja Bhoj	Bhopal	India
BHP	Bhojpur	Bhojpur	Nepal
BHQ	Broken Hill	Broken Hill	Australia
BHR	Bharatpur Airport	Bharatpur	Nepal
BHS	Raglan	Bathurst	Australia
BHT	Brighton Downs	Brighton Downs	Australia
BHU	Bhavnagar	Bhavnagar	India
BHV	Bahawalpur	Bahawalpur	Pakistan
BHW	Bhagatanwala Airport	Sargodha	Pakistan
BHX	Birmingham Airport	Birmingham	United Kingdom
BHY	Beihai	Beihai	China
BIA	Poretta	Bastia	France
BIB	Baidoa	Baidoa	Somalia
BIC	Big Creek	Big Creek	United States
BID	Block Island	Block Island	United States
BIE	Beatrice	Beatrice	United States
BIF	Biggs AAF	El Paso	United States
BIG	Intermediate Field	Big Delta	United States
BIH	Bishop	Bishop	United States
BII	Enyu Airfield	Bikini Atoll	Marshall Islands
BIK	Frans Kaisepo	Biak	Indonesia
BIL	Billings	Billings	United States
BIM	International	Bimini	Bahamas
BIN	Bamiyan	Bamiyan	Afghanistan
BIO	Bilbao	Bilbao	Spain
BIP	Bulimba	Bulimba	Australia
BIQ	Biarritz Parme	Biarritz	France
BIR	Biratnagar	Biratnagar	Nepal
BIS	Bismarck	Bismarck	United States
BIT	Baitadi	Baitadi	Nepal
BIU	Bildudalur	Bildudalur	Iceland
BIV	Bria	Bria	Central African Republic
BIW	Billiluna	Billiluna	Australia
BIX	Keesler AFB	Biloxi	United States
BIY	Bisho	Bisho	South Africa
BJA	Bejaia	Bejaia	Algeria
BJB	Bojnord	Bojnord	Iran
BJC	Jeffco	Broomfield	United States
BJD	Bakkafjordur	Bakkafjordur	Iceland
BJE	Baleela	Baleela	Sudan
BJF	Batsfjord	Batsfjord	Norway
BJG	Bolaang	Bolaang	Indonesia
BJH	Bajhang	Bajhang	Nepal
BJI	Bemidji	Bemidji	United States
BJJ	Wayne County	Wooster	United States
BJK	Benjina	Benjina	Indonesia
BJL	Yundum International	Banjul	Gambia
BJM	International	Bujumbura	Burundi
BJN	Bajone	Bajone	Mozambique
BJO	Bermejo	Bermejo	Bolivia
BJP	Braganca Paulista	Braganca Paulista	Brazil
BJQ	Bahja	Bahja	Oman
BJR	Bahar Dar	Bahar Dar	Ethiopia
BJT	Bentota River	Bentota River	Sri Lanka
BJU	Bajura Airport	Bajura	Nepal
BJV	Milas	Milas	Turkey
BJW	Bajawa	Bajawa	Indonesia
BJX	Del Bajio International	León	Mexico
BJY	Batajnica	Belgrade	Serbia
BJZ	Talaveral La Real	Badajoz	Spain
BKB	Bikaner	Bikaner	India
BKC	Buckland	Buckland	United States
BKD	Stephens County	Breckenridge	United States
BKE	Baker	Baker	United States
BKF	Lake Brooks SPB	Katmai National Park	United States
BKG	Branson	Branson	United States
BKH	Barking Sands PMRF	Kekaha	United States
BKI	Kota-Kinabalu International Airport	Kota-Kinabalu	Malaysia
BKJ	Boke	Boke	Guinea
BKK	Suvarnabhumi International	Bangkok	Thailand
BKL	Burke Lakefront	Cleveland	United States
BKM	Bakalalan	Bakalalan	Malaysia
BKO	Senou International Airport	Bamako	Mali
BKP	Barkly Downs	Barkly Downs	Australia
BKQ	Blackall	Blackall	Australia
BKR	Bokoro	Bokoro	Chad
BKS	Padangkemiling	Bengkulu	Indonesia
BKT	Blackstone AAF	Blackstone	United States
BKU	Betioky	Betioky	Madagascar
BKW	Beckley	Beckley	United States
BKX	Brookings	Brookings	United States
BKY	Kavumu	Bukavu	Democratic Republic of the Congo
BKZ	Bukoba	Bukoba	Tanzania
BLA	Gen J A Anzoategui	Barcelona	Venezuela
BLB	Balboa	Balboa	Panama
BLC	Bamenda	Bali	Cameroon
BLD	Boulder City	Las Vegas	United States
BLE	Dala Airport	Borlange	Sweden
BLF	Princeton	Princeton	United States
BLG	Belaga	Belaga	Malaysia
BLH	Blythe	Blythe	United States
BLI	Bellingham	Bellingham	United States
BLJ	Batna	Batna	Algeria
BLK	Blackpool Airport	Blackpool	United Kingdom
BLL	Billund	Billund	Denmark
BLM	Monmouth Executive Airport	Belmar - Farmingdale	United States
BLN	Benalla	Benalla	Australia
BLO	Blonduos	Blonduos	Iceland
BLP	Bellavista	Bellavista	Peru
BLQ	Guglielmo Marconi	Bologna	Italy
BLR	Kempegowda International Airport	Bangalore	India
BLS	Bollon	Bollon	Australia
BLT	Blackwater	Blackwater	Australia
BLU	Blue Canyon	Blue Canyon	United States
BLV	Belleville	Belleville	United States
BLX	Belluno	Belluno	Italy
BLY	Belmullet	Belmullet	Ireland
BLZ	Chileka	Blantyre	Malawi
BMA	Bromma	Stockholm	Sweden
BMB	Bumba	Bumba	Democratic Republic of the Congo
BMC	Brigham City	Brigham City	United States
BMD	Belo	Belo	Madagascar
BME	Broome	Broome	Australia
BMF	Bakouma	Bakouma	Central African Republic
BMG	Bloomington	Bloomington	United States
BMH	Bomai	Bomai	Papua New Guinea
BMI	Central Illinois Regional Airport at Bloomington-Normal	Bloomington	United States
BMJ	Baramita	Baramita	Guyana
BMK	Borkum	Borkum	Germany
BML	Berlin Municipal Airport	Berlin	United States
BMM	Bitam	Bitam	Gabon
BMN	Bamerny	Bamerny	Iraq
BMO	Bhamo	Bhamo	Myanmar
BMP	Brampton Island	Brampton Island	Australia
BMQ	Bamburi	Bamburi	Kenya
BMR	Baltrum	Baltrum Island	Germany
BMS	Brumado	Brumado	Brazil
BMT	Beaumont Municipalcipal	Beaumont	United States
BMU	Bima	Bima	Indonesia
BMV	Phung-Duc	Banmethuot	Vietnam
BMW	Bordj Badji Mokhtar	Bordj Badji Mokhtar	Algeria
BMX	Big Mountain	Big Mountain	United States
BMY	Belep Island	Belep Island	New Caledonia
BMZ	Bamu	Bamu	Papua New Guinea
BNA	Nashville International	Nashville	United States
BNB	Boende	Boende	Democratic Republic of the Congo
BNC	Beni	Beni	Democratic Republic of the Congo
BND	Bandar Abbas	Bandar Abbas	Iran
BNE	Brisbane International	Brisbane	Australia
BNF	Warm Spring Bay SPB	Baranof	United States
BNG	Banning	Banning	United States
BNH	Barnes	Hartford	United States
BNI	Benin City	Benin City	Nigeria
BNK	Ballina Byron Gateway	Ballina	Australia
BNL	Barnwell Regional	Barnwell	United States
BNM	Bodinumu	Bodinumu	Papua New Guinea
BNN	Bronnoy	Bronnoysund	Norway
BNO	Burns	Burns	United States
BNP	Bannu	Bannu	Pakistan
BNR	Banfora	Banfora	Burkina Faso
BNS	Barinas	Barinas	Venezuela
BNT	Bundi	Bundi	Papua New Guinea
BNU	Blumenau	Blumenau	Brazil
BNW	Boone	Boone	United States
BNX	Banja Luka	Banja Luka	Bosnia and Herzegovina
BNY	Bellona	Bellona	Solomon Islands
BOA	Boma	Boma	Democratic Republic of the Congo
BOB	Motu Mute	Bora Bora	French Polynesia
BOC	Bocas Del Toro	Bocas Del Toro	Panama
BOD	Merignac	Bordeaux	France
BOE	Boundji	Boundji	Republic of the Congo
BOF	Bolling AFB	Washington	United States
BOG	El Dorado International	Bogota	Colombia
BOH	Bournemouth International	Bournemouth	United Kingdom
BOI	Boise Air Terminal/Gowen Field	Boise	United States
BOJ	Burgas	Bourgas	Bulgaria
BOK	Brookings State	Brookings	United States
BOL	Ballykelly	Ballykelly	United Kingdom
BOM	Chhatrapati Shivaji Maharaj	Mumbai	India
BON	Flamingo International	Kralendijk	Bonaire, Saint Eustatius and Saba
BOO	Bodo	Bodo	Norway
BOP	Bouar	Bouar	Central African Republic
BOS	Logan International	Boston	United States
BOT	Boset	Boset	Papua New Guinea
BOU	Bourges	Bourges	France
BOV	Boang	Boang	Papua New Guinea
BOW	Bartow	Bartow	United States
BOX	Borroloola	Borroloola	Australia
BOY	Borgo	Bobo Dioulasso	Burkina Faso
BOZ	Bozoum	Bozoum	Central African Republic
BPB	Boridi	Boridi	Papua New Guinea
BPC	Bamenda	Bamenda	Cameroon
BPD	Bapi	Bapi	Papua New Guinea
BPE	Bagan	Bagan	Myanmar
BPF	Batuna Aerodrome	Batuna	Solomon Islands
BPG	Barra Do Garcas	Barra Do Garcas	Brazil
BPH	Bislig	Bislig	Philippines
BPI	Big Piney-marbleton	Big Piney	United States
BPK	Biangabip	Biangabip	Papua New Guinea
BPL	Alashankou	Bole	China
BPM	Begumpet	Hyderabad	India
BPN	Sultan Aji Muhammad Sulaiman Sepinggan International Airport	Balikpapan	Indonesia
BPO	Bo'ao Railway Station	Bo'ao	China
BPS	Porto Seguro	Porto Seguro	Brazil
BPT	Jefferson County	Beaumont	United States
BPU	Beppu	Beppu	Japan
BPX	Bangda	Bangda	China
BPY	Besalampy	Besalampy	Madagascar
BQA	Baler	Baler	Philippines
BQB	Bussellton	Bussellton	Australia
BQE	Bubaque	Bubaque	Guinea-Bissau
BQG	Bogorodskoye	Bogorodskoye	Russia
BQH	Biggin Hill	London	United Kingdom
BQI	Bagani	Bagani	Namibia
BQJ	Batagay	Batagay	Russia
BQK	Glynco Jetport	Brunswick	United States
BQL	Boulia	Boulia	Australia
BQN	Borinquen	Aguadilla	Puerto Rico
BQO	Bouna	Bouna	Ivory Coast
BQQ	Barra	Barra	Brazil
BQS	Ignatyevo	Blagoveschensk	Russia
BQT	Brest	Brest	Belarus
BQU	J. F. Mitchell	Bequia	Saint Vincent and the Grenadines
BQV	Bartlett SPB	Gustavus	United States
BQW	Balgo Hills	Balgo Hills	Australia
BRA	Barreiras	Barreiras	Brazil
BRB	Barreirinhas	Barreirinhas	Brazil
BRC	International	San Carlos DeBariloche	Argentina
BRD	Brainerd Lakes Regional	Brainerd	United States
BRE	Bremen	Bremen	Germany
BRF	Bradford	Leeds	United Kingdom
BRH	Brahman	Brahman	Papua New Guinea
BRI	Palese	Bari	Italy
BRJ	Bright	Bright	Australia
BRK	Bourke	Bourke	Australia
BRL	Burlington	Burlington	United States
BRM	Barquisimeto	Barquisimeto	Venezuela
BRN	Belp	Berne	Switzerland
BRO	South Padre Is. International	Brownsville	United States
BRP	Biaru	Biaru	Papua New Guinea
BRQ	Turany	Brno	Czech Republic
BRR	North Bay	Barra	United Kingdom
BRS	Bristol	Bristol	United Kingdom
BRT	Bathurst Island	Bathurst Island	Australia
BRU	Brussels Airport	Brussels	Belgium
BRV	Bremerhaven	Bremerhaven	Germany
BRW	Wiley Post/W.Rogers M	Barrow	United States
BRX	Barahona	Barahona	Dominican Republic
BRY	Samuels Field	Bardstown	United States
BRZ	Borotou	Borotou	Italy
BSA	Bossaso	Bossaso	Somalia
BSB	Presidente Juscelino Kubitschek	Brasilia	Brazil
BSC	Bahia Solano	Bahia Solano	Colombia
BSD	Baoshan	Baoshan	China
BSE	Sematan	Sematan	Malaysia
BSF	Bradshaw AAF	Pohakuloa	United States
BSG	Bata	Bata	Equatorial Guinea
BSH	Brighton	Brighton	United Kingdom
BSI	Blairsville	Blairsville	United States
BSJ	Bairnsdale	Bairnsdale	Australia
BSK	Mohamed Boudiaf	Biskra	Algeria
BSL	Euroairport Swiss	Mulhouse	Switzerland
BSM	Bishe-kola	Bishe-kola	Iran
BSN	Bossangoa	Bossangoa	Central African Republic
BSO	Basco	Basco	Philippines
BSP	Bensbach	Bensbach	Papua New Guinea
BSQ	Bisbee Municipal Airport	Bisbee	United States
BSR	International	Basra	Iraq
BSS	Balsas	Balsas	Brazil
BST	Bost	Bost	Afghanistan
BSU	Basankusu	Basankusu	Democratic Republic of the Congo
BSV	Besakoa	Besakoa	Madagascar
BSW	Boswell Bay	Boswell Bay	United States
BSX	Bassein	Bassein	Myanmar
BSY	Bardera	Bardera	Somalia
BSZ	Manas	Bishkek	Kyrgyzstan
BTA	Bertoua	Yaoundé	Cameroon
BTB	Betou	Betou	Republic of the Congo
BTC	Batticaloa	Batticaloa	Sri Lanka
BTD	Brunette Downs	Brunette Downs	Australia
BTE	Bonthe	Bonthe	Sierra Leone
BTF	Salt Lake Skypark	Bountiful	United States
BTG	Batangafo	Batangafo	Central African Republic
BTH	Hang Nadim	Batam	Indonesia
BTI	Barter Island	Barter Island	United States
BTJ	Sultan Iskandarmuda Airport	Banda Aceh	Indonesia
BTK	Bratsk	Bratsk	Russia
BTL	WK Kellogg Regional	Battle Creek	United States
BTM	Bert Mooney Airport	Butte	United States
BTN	Bennettsville	Bennettsville	United States
BTO	Botopasie	Botopasie	Suriname
BTP	Butler County - Kenny Scholter Field	Butler	United States
BTQ	Butare	Butare	Rwanda
BTR	Ryan	Baton Rouge	United States
BTS	M.R. Stefanik	Bratislava	Slovakia
BTT	Bettles	Bettles	United States
BTU	Bintulu	Bintulu	Malaysia
BTV	Burlington International	Burlington	United States
BTW	Batu Licin	Batu Licin	Indonesia
BTX	Betoota	Betoota	Australia
BTY	Beatty	Beatty	United States
BUA	Buka	Buka	Papua New Guinea
BUB	Municipal	Burwell	United States
BUC	Burketown	Burketown	Australia
BUD	Liszt Ferenc International	Budapest	Hungary
BUF	Buffalo Niagara International	Buffalo	United States
BUG	Gen V Deslandes	Benguela	Angola
BUI	Bokondini	Bokondini	Indonesia
BUJ	Ain Eddis	Boussaada	Algeria
BUK	Albuq	Albuq	Yemen
BUL	Bulolo	Bulolo	Papua New Guinea
BUM	Butler	Butler	United States
BUN	Buenaventura	Buenaventura	Colombia
BUO	Burao	Burao	Somalia
BUP	Bhatinda	Bhatinda	India
BUQ	Joshua M. Nkomo International	Bulawayo	Zimbabwe
BUR	Bob Hope	Burbank	United States
BUS	Batumi	Batumi	Georgia
BUV	Bella Union	Bella Union	Uruguay
BUW	Baubau	Baubau	Indonesia
BUX	Bunia	Bunia	Democratic Republic of the Congo
BUY	Bunbury	Bunbury	Australia
BUZ	Bushehr	Bushehr	Iran
BVA	Beauvais-Tille	Paris	France
BVB	Boa Vista	Boa Vista	Brazil
BVC	Rabil	Boa Vista	Cape Verde
BVD	Sea Port	Beaver Inlet	United States
BVE	Laroche	Brive-La-Gaillarde	France
BVG	Berlevag	Berlevag	Norway
BVH	Vilhena	Vilhena	Brazil
BVI	Birdsville	Birdsville	Australia
BVL	Baures	Baures	Bolivia
BVM	Belmonte	Belmonte	Brazil
BVO	Bartlesville	Bartlesville	United States
BVR	Esperadinha	Brava	Cape Verde
BVS	Breves	Breves	Brazil
BVU	Beluga	Beluga	United States
BVV	Burevestnik AFB	Iturup Island	Russia
BVX	Municipal	Batesville	United States
BVY	Beverly Municipal Airport	Beverly	United States
BVZ	Beverley Springs	Beverley Springs	Australia
BWA	Bhairawa	Bhairawa	Nepal
BWB	Barrow Island	Barrow Island	Australia
BWC	Brawley	Brawley	United States
BWD	Brownwood	Brownwood	United States
BWE	Braunschweig	Braunschweig	Germany
BWF	Walney Island	Barrow-In-Furness	United Kingdom
BWG	Warren County	Bowling Green	United States
BWH	Butterworth	Butterworth	Malaysia
BWI	Baltimore/Washington International Thurgood Marshall	Baltimore	United States
BWJ	Bawan	Bawan	Papua New Guinea
BWK	Brac	Bol	Croatia
BWL	Blackwell	Blackwell	United States
BWM	Bowman	Bowman	United States
BWN	Bandar Seri Begwan International Airport	Bandar Seri Begawan	Brunei
BWO	Balakovo	Balakovo	Russia
BWP	Bewani	Bewani	Papua New Guinea
BWQ	Brewarrina	Brewarrina	Australia
BWT	Burnie Wynyard	Burnie	Australia
BWU	Sydney Bankstown	Sydney	Australia
BWW	Las Brujas	Cayo Las Brujas	Cuba
BXA	George R Carr	Bogalusa	United States
BXB	Babo	Babo	Indonesia
BXC	Boxborough	Boxborough	United States
BXD	Bade	Bade	Indonesia
BXE	Bakel	Bakel	Senegal
BXF	Belburn	Belburn	Australia
BXG	Bendigo	Bendigo	Australia
BXH	Balhash	Balhash	Kazakhstan
BXI	Boundiali	Boundiali	Ivory Coast
BXJ	Burundai	Almaty	Kazakhstan
BXK	Buckeye Municipal	Buckeye	United States
BXL	Blue Lagoon	Blue Lagoon	Fiji
BXM	Batom	Batom	Indonesia
BXN	Imsik	Milas	Turkey
BXO	Buochs	Buochs	Switzerland
BXP	Biala Podlaska	Biala Podlaska	Poland
BXR	Bam	Bam	Iran
BXS	Borrego Springs	Borrego Springs	United States
BXT	Bontang	Bontang	Indonesia
BXU	Butuan	Butuan	Philippines
BXV	Breiddalsvik	Breiddalsvik	Iceland
BXX	Borama International	Borama	Somalia
BXZ	Bunsil	Bunsil	Papua New Guinea
BYA	Boundary	Boundary	United States
BYB	Dibaa	Dibaa	Oman
BYC	Yacuiba	Yacuiba	Bolivia
BYD	Beidah	Beidah	Yemen
BYF	Bray	Albert	France
BYG	Municipal	Buffalo	United States
BYH	Blytheville AFB	Blytheville	United States
BYI	Rupert	Rupert	United States
BYJ	Beja International	Beja	Portugal
BYK	Bouake	Bouake	Ivory Coast
BYL	Bella Yella	Bella Yella	Liberia
BYM	C.M. de Cespedes	Bayamo	Cuba
BYN	Bayankhongor	Bayankhongor	Mongolia
BYO	Bonito Airport	Bonito	Brazil
BYQ	Bunyu	Bunyu	Indonesia
BYR	Laeso Airport	Laeso Island	Denmark
BYS	Bicycle Lake AAF	Fort Irwin	United States
BYT	Bantry	Bantry	Ireland
BYU	Bindlacher-Berg	Bayreuth	Germany
BYV	Beira Lake SPB	Colombo	Sri Lanka
BYW	Blakely Island	Blakely Island	United States
BYX	Baniyala	Baniyala	Australia
BZA	San Pedro	Bonanza	Nicaragua
BZB	Bazaruto Island	Bazaruto Island	Mozambique
BZC	Buzios	Buzios	Brazil
BZD	Balranald	Balranald	Australia
BZE	Philip S. W. Goldson International	Belize City	Belize
BZF	Benton Field	Redding	United States
BZG	Bydgoszcz I. J. Paderewski Airport	Bydgoszcz	Poland
BZH	Bumi Hills	Bumi Hills	Zimbabwe
BZI	Balikesir	Balikesir	Turkey
BZK	Briansk	Briansk	Russia
BZL	Barisal	Barisal	Bangladesh
BZM	Woensdrecht	Bergen Op Zoom	Madagascar
BZN	Gallatin Field	Bozeman	United States
BZO	Bolzano	Bolzano	Italy
BZP	Bizant	Bizant	Australia
BZQ	Bolzano/Bozen Railway Station	Bolzano	Italy
BZR	Beziers Vias	Beziers	France
BZT	Hinkles Ferry	Brazoria	United States
BZU	Buta	Buta	Democratic Republic of the Congo
BZV	Maya Maya	Brazzaville	Republic of the Congo
BZY	Beltsy	Beltsy	Moldova
BZZ	Raf Brize Norton	Brize Norton	United Kingdom
CAA	Catacamas	Catacamas	Honduras
CAB	Cabinda	Cabinda	Angola
CAC	Cascavel	Cascavel	Brazil
CAD	Cadillac	Cadillac	United States
CAE	Metropolitan Airport	Columbia	United States
CAF	Carauari	Carauari	Brazil
CAG	Elmas	Cagliari	Italy
CAH	Ca Mau	Ca Mau	Vietnam
CAI	Cairo International Airport	Cairo	Egypt
CAJ	Canaima	Canaima	Venezuela
CAK	Akron/canton Regional	Akron/Canton	United States
CAL	Machrihanish	Campbeltown	United Kingdom
CAM	Camiri	Camiri	Bolivia
CAN	Baiyun International	Guangzhou	China
CAO	Clayton	Clayton	United States
CAP	Cap Haitien	Cap Haitien	Haiti
CAQ	Caucasia	Caucasia	Colombia
CAR	Municipal	Caribou	United States
CAS	Anfa	Casablanca	Morocco
CAT	New Bight	Cat Island	Bahamas
CAU	Caruaru	Caruaru	Brazil
CAV	Cazombo	Cazombo	Angola
CAW	Bartolomeu Lisandro	Campos	Brazil
CAX	Carlisle	Carlisle	United Kingdom
CAY	Rochambeau	Cayenne	French Guiana
CAZ	Cobar	Cobar	Australia
CBA	Corner Bay	Corner Bay	United States
CBB	J Wilsterman	Cochabamba	Bolivia
CBC	Cherrabun	Cherrabun	Australia
CBD	Car Nicobar	Car Nicobar	India
CBE	Greater Cumberland Regional	Cumberland	United States
CBF	Municipal	Council Bluffs	United States
CBG	Cambridge	Cambridge	United Kingdom
CBH	Leger	Béchar	Algeria
CBI	Cape Barren Island	Cape Barren Island	Australia
CBJ	Cabo Rojo	Cabo Rojo	Dominican Republic
CBK	Municipal	Colby	United States
CBL	Ciudad Bolivar	Ciudad Bolivar	Venezuela
CBM	Columbus AFB	Columbus	United States
CBN	Penggung	Cirebon	Indonesia
CBO	Awang	Cotabato	Philippines
CBP	Coimbra	Coimbra	Portugal
CBQ	Calabar	Calabar	Nigeria
CBR	Canberra	Canberra	Australia
CBS	Oro Negro	Cabimas	Venezuela
CBT	Catumbela	Catumbela	Angola
CBU	Cottbus	Cottbus	Germany
CBV	Coban	Coban	Guatemala
CBW	Campo Mourao	Campo Mourao	Brazil
CBX	Condobolin	Condobolin	Australia
CBY	Canobie	Canobie	Australia
CBZ	Cabin Creek	Cabin Creek	United States
CCA	Chaffee AFB	Fort Chaffee	United States
CCB	Cable Airport	Upland	United States
CCD	Century City	Los Angeles	United States
CCE	Grand Case	St Martin	Saint Martin
CCF	Salvaza	Carcassonne	France
CCG	Crane County Airport	Crane	United States
CCH	Chile Chico	Chile Chico	Chile
CCI	Concordia	Concordia	Brazil
CCJ	Kozhikode Airport	Kozhikode	India
CCK	Cocos Islands	Cocos Islands	Cocos Islands
CCL	Chinchilla	Chinchilla	Australia
CCM	Criciuma	Criciuma	Brazil
CCN	Chakcharan	Chakcharan	Afghanistan
CCO	Carimagua	Carimagua	Colombia
CCP	Carriel Sur	Concepcion	Chile
CCQ	Cachoeira	Cachoeira	Brazil
CCR	Buchanan Field	Concord	United States
CCS	Simon Bolivar International Airport	Caracas	Venezuela
CCU	Subhas Chandra Bose	Kolkata	India
CCV	Craig Cove	Craig Cove	Vanuatu
CCW	Cowell	Cowell	Australia
CCX	Caceres	Caceres	Brazil
CCY	Municipal	Charles City	United States
CCZ	Chub Cay	Chub Cay	Bahamas
CDA	Cooinda	Cooinda	Australia
CDB	Cold Bay	Cold Bay	United States
CDC	Cedar City	Cedar City	United States
CDD	Cauquira	Cauquira	Honduras
CDE	Caledonia	Caledonia	Panama
CDG	Charles De Gaulle	Paris	France
CDH	Harrell Field	Camden	United States
CDI	Cachoeiro Itapemirim	Cachoeiro Itapemirim	Brazil
CDJ	Conceicao Do Araguaia	Conceicao Do Araguaia	Brazil
CDK	Lewis	Cedar Key	United States
CDL	Candle	Candle	United States
CDN	Woodward Field	Camden	United States
CDO	Cradock	Cradock	South Africa
CDP	Cuddapah	Cuddapah	India
CDQ	Croydon	Croydon	Australia
CDR	Chadron	Chadron	United States
CDS	Childress	Childress	United States
CDT	Castellon	Castellon de la Plana	Spain
CDU	Camden	Camden	Australia
CDV	Mudhole Smith	Cordova	United States
CDW	Caldwell Wright	Caldwell	United States
CDY	Cagayan De Sulu	Cagayan De Sulu	Philippines
CDZ	Cadiz	Cadiz	Spain
CEA	Cessna Aircraft Field	Wichita	United States
CEB	Mactan International	Cebu	Philippines
CEC	Mc Namara Field	Crescent City	United States
CED	Ceduna	Ceduna	Australia
CEE	Cherepovets	Cherepovets	Russia
CEF	Westover ARB/Metropolitan	Chicopee	United States
CEG	Chester	Chester	United Kingdom
CEH	Chelinda	Chelinda	Malawi
CEI	Mae Fah Luang International	Chiang Rai	Thailand
CEK	Balandino	Chelyabinsk	Russia
CEM	Central	Central	United States
CEN	Ciudad Obregon	Ciudad Obregon	Mexico
CEO	Waco Kungo	Waco Kungo	Angola
CEP	Concepcion	Concepcion	Bolivia
CEQ	Mandelieu	Cannes	France
CER	Maupertus	Cherbourg	France
CES	Cessnock	Cessnock	Australia
CET	Le Pontreau	Cholet	France
CEU	Oconee County	Clemson	United States
CEV	Mettle Field	Connersville	United States
CEW	Bob Sikes	Crestview	United States
CEX	Chena Hot Springs	Chena Hot Springs	United States
CEY	Calloway County	Murray	United States
CEZ	Montezuma County	Cortez	United States
CFA	Coffee Point	Coffee Point	United States
CFB	Cabo Frio	Cabo Frio	Brazil
CFC	Cacador	Cacador	Brazil
CFD	Coulter Field	Bryan	United States
CFE	Clermont/Ferrand Auvergne International (Aulnat)	Clermont-Ferrand	France
CFF	Cafunfo	Cafunfo	Angola
CFG	Cienfuegos	Cienfuegos	Cuba
CFH	Clifton Hills	Clifton Hills	Australia
CFI	Camfield	Camfield	Australia
CFK	Aboubakr Belkaid	Chlef	Algeria
CFN	Donegal	Carrickfinn	Ireland
CFO	Confreza	Confreza	Brazil
CFP	Carpentaria Downs	Carpentaria Downs	Australia
CFQ	Creston Valley Airport	Creston	Canada
CFR	Carpiquet	Caen	France
CFS	Coffs Harbour	Coffs Harbour	Australia
CFT	Morenci	Clifton	United States
CFU	Ioannis Kapodistrias	Kerkyra	Greece
CFV	Municipal	Coffeyville	United States
CGA	Craig SPB	Craig	United States
CGB	International Airport Marechal Rondon	Cuiaba	Brazil
CGC	Cape Gloucester	Cape Gloucester	Papua New Guinea
CGD	Changde	Changde	China
CGE	Cambridge	Cambridge	United States
CGF	Cuyahoga County	Cleveland	United States
CGG	Casiguran	Casiguran	Philippines
CGH	Congonhas International Airport	Sao Paulo	Brazil
CGI	Cape Girardeau	Cape Girardeau	United States
CGJ	Chingola	Chingola	Zambia
CGK	Soekarno-Hatta International	Jakarta	Indonesia
CGM	Mambajao	Camiguin	Philippines
CGN	Cologne/bonn	Cologne	Germany
CGO	Xinzheng International	Zhengzhou	China
CGP	Patenga	Chittagong	Bangladesh
CGQ	Longjia International	Changchun	China
CGR	International Airport Campo Grande	Campo Grande	Brazil
CGS	College Park	College Park	United States
CGT	Chinguitti	Chinguitti	Mauritania
CGU	Ciudad Guayana	Ciudad Guayana	Venezuela
CGV	Caiguna	Caiguna	Australia
CGY	Cagayan De Oro Domestic Airport	Cagayan De Oro	Philippines
CGZ	Municipal	Casa Grande	United States
CHA	Lovell Field	Chattanooga	United States
CHB	Chilas	Chilas	Pakistan
CHC	Christchurch International	Christchurch	New Zealand
CHE	Reenroe	Tallinn	Estonia
CHF	Jinhae	Jinhae	South Korea
CHG	Chaoyang Airport	Chaoyang	China
CHH	Chachapoyas	Chachapoyas	Peru
CHI	Chicago FSS	Chicago	United States
CHJ	Chipinge	Chipinge	Zimbabwe
CHK	Municipal	Chickasha	United States
CHL	Challis	Challis	United States
CHM	Chimbote	Chimbote	Peru
CHN	Jeonju	Jeonju	South Korea
CHO	Albemarle	Charlottesville	United States
CHP	Circle Hot Springs	Circle Hot Springs	United States
CHQ	Souda	Chania	Greece
CHR	Chateauroux	Chateauroux	France
CHS	Charleston, AFB Municipal	Charleston	United States
CHT	Karewa	Chatham Island	New Zealand
CHU	Chuathbaluk	Chuathbaluk	United States
CHV	Chaves	Chaves	Portugal
CHW	Jiuhuang	Jiuquan	China
CHX	Changuinola	Changuinola	Panama
CHY	Choiseul Bay	Choiseul Bay	Solomon Islands
CHZ	State	Chiloquin	United States
CIA	Ciampino	Rome	Italy
CIB	Ap In The Sky	Avalon	United States
CIC	Chico	Chico	United States
CID	Eastern Iowa Airport	Cedar Rapids	United States
CIE	Collie	Collie	Australia
CIF	Chifeng	Chifeng	China
CIG	Craig-Moffat	Craig	United States
CIH	Changzhi	Changzhi	China
CII	Cildir	Aydin	Turkey
CIJ	Capitan Anibal Arab	Cobija	Bolivia
CIK	Chalkyitsik	Chalkyitsik	United States
CIL	Melsing Creek	Council	United States
CIM	Cimitarra	Cimitarra	Colombia
CIN	Carroll	Carroll	United States
CIO	MCAL Lopez	Concepcion	Paraguay
CIP	Chipata	Chipata	Zambia
CIQ	Chiquimula	Chiquimula	Guatemala
CIR	Cairo	Cairo	United States
CIS	Canton Island	Canton Island	Kiribati
CIT	Shimkent	Shimkent	Kazakhstan
CIU	Chippewa County	Sault Sainte Marie	United States
CIV	Chomley	Chomley	United States
CIW	Canouan Island	Canouan Island	Saint Vincent and the Grenadines
CIX	Cornel Ruiz	Chiclayo	Peru
CIY	Comiso	Comiso	Italy
CIZ	Coari	Coari	Brazil
CJA	Cajamarca	Cajamarca	Peru
CJB	Coimbatore International	Coimbatore	India
CJC	El Loa	Calama	Chile
CJD	Candilejas	Candilejas	Colombia
CJH	Chilko Lake	Chilko Lake	Canada
CJJ	Cheongju	Cheongju	South Korea
CJL	Chitral	Chitral	Pakistan
CJM	Chumphon Airport	Chumphon	Thailand
CJN	Gillespie Field	El Cajon	United States
CJS	Abraham Gonzalez International	Ciudad Juarez	Mexico
CJT	Copalar	Comitan	Mexico
CJU	Jeju Airport	Jeju	South Korea
CKA	Kegelman Af	Cherokee	United States
CKB	Benedum	Clarksburg	United States
CKC	Cherkassy	Cherkassy	Ukraine
CKD	Crooked Creek	Crooked Creek	United States
CKE	Clear Lake	Clear Lake	United States
CKG	Jiangbei International	Chongqing	China
CKH	Chokurdah	Chokurdah	Russia
CKI	Croker Island	Croker Island	Australia
CKK	Cherokee	Cherokee	United States
CKL	Chkalovsky	Chkalovsky	Russia
CKM	Fletcher Field	Clarksdale	United States
CKN	Municipal	Crookston	United States
CKO	Cornelio Procopio	Cornelio Procopio	Brazil
CKR	Crane Island	Crane Island	United States
CKS	Carajas	Carajas	Brazil
CKT	Sarakhs	Sarakhs	Iran
CKU	City	Cordova	United States
CKV	Outlaw Field	Clarksville	United States
CKW	Christmas Creek Mine	Christmas Creek Mine	Australia
CKX	Chicken	Chicken	United States
CKY	Conakry	Conakry	Guinea
CKZ	Canakkale	Canakkale	Turkey
CLA	Comilla	Comilla	Bangladesh
CLD	Mc Clellan-Palomar Airport	San Diego	United States
CLE	Hopkins International	Cleveland	United States
CLG	Coalinga	Coalinga	United States
CLH	Coolah	Coolah	Australia
CLI	Clintonville	Clintonville	United States
CLJ	Cluj Napoca International Airport	Cluj-Napoca	Romania
CLK	Municipal	Clinton	United States
CLL	Easterwood Field	College Station	United States
CLM	Fairchild International	Port Angeles	United States
CLN	Carolina	Carolina	Brazil
CLO	Alfonso B. Aragon	Cali	Colombia
CLP	Clarks Point	Clarks Point	United States
CLQ	Colima	Colima	Mexico
CLR	Calipatria	Calipatria	United States
CLS	Centralia	Chehalis	United States
CLT	Charlotte Douglas	Charlotte	United States
CLU	Columbus Municipal	Columbus	United States
CLV	Caldas Novas	Caldas Novas	Brazil
CLW	Executive	Clearwater	United States
CLX	Clorinda	Clorinda	Argentina
CLY	Ste Catherine	Calvi	France
CLZ	Calabozo	Calabozo	Venezuela
CMA	Cunnamulla	Cunnamulla	Australia
CMB	Bandaranaike International	Colombo	Sri Lanka
CMC	Camocim	Camocim	Brazil
CMD	Cootamundra	Cootamundra	Australia
CME	Ciudad Del Carmen	Ciudad Del Carmen	Mexico
CMF	Chambery	Chambery	France
CMG	International Airport Corumba	Corumba	Brazil
CMH	John Glenn International	Columbus	United States
CMI	University Of Illinois Willard	Champaign	United States
CMJ	Chi Mei	Chi Mei	Taiwan
CMK	Club Makokola	Club Makokola	Malawi
CML	Camooweal	Camooweal	Australia
CMM	Carmelita	Carmelita	Guatemala
CMN	Mohamed V	Casablanca	Morocco
CMO	Obbia	Obbia	Somalia
CMP	Campo Alegre	Santana Do Araguaia	Brazil
CMQ	Clermont	Clermont	Australia
CMR	Colmar-houssen	Colmar	France
CMS	Scusciuban	Scusciuban	Somalia
CMT	Cameta	Cameta	Brazil
CMU	Chimbu	Kundiawa	Papua New Guinea
CMV	Coromandel	Coromandel	New Zealand
CMW	Ign Agramonte International	Camaguey	Cuba
CMX	Houghton County	Hancock	United States
CMY	Fort Mccoy	Sparta	United States
CMZ	Caia	Caia	Mozambique
CNA	Cananea	Cananea	Mexico
CNB	Coonamble	Coonamble	Australia
CNC	Coconut Island	Coconut Island	Australia
CND	Kogalniceanu	Constanta	Romania
CNE	Canon City	Canon City	United States
CNF	Tancredo Neves International Airport	Belo Horizonte	Brazil
CNG	Parvaud	Cognac	France
CNH	Municipal	Claremont	United States
CNI	Changhai	Changhai	China
CNJ	Cloncurry	Cloncurry	Australia
CNK	Blosser Municipal	Concordia	United States
CNL	Sindal	Sindal	Denmark
CNM	Carlsbad	Carlsbad	United States
CNN	Kannur International Airport	Kannur	India
CNO	Chino	Chino	United States
CNP	Neerlerit Inaat	Neerlerit Inaat	Greenland
CNQ	Camba Punta	Corrientes	Argentina
CNR	Chanaral	Chanaral	Chile
CNS	Cairns	Cairns	Australia
CNT	Charata	Charata	Argentina
CNU	Martin Johnson	Chanute	United States
CNV	Canavieiras	Canavieiras	Brazil
CNW	TSTC Waco Airport	Waco	United States
CNX	Chiang Mai International	Chiang Mai	Thailand
CNY	Canyonlands Field	Moab	United States
CNZ	Cangamba	Cangamba	Angola
COA	Columbia	Columbia	United States
COB	Coolibah	Coolibah	Australia
COC	Concordia	Concordia	Argentina
COD	Yellowstone Regional	Cody	United States
COE	Coeur D'Alene	Coeur D'Alene	United States
COF	Patrick AFB	Cocoa	United States
COG	Mandinga	Condoto	Colombia
COH	Cooch Behar	Cooch Behar	India
COI	Merritt Island	Cocoa	United States
COJ	Coonabarabran	Coonabarabran	Australia
COK	Kochi International	Kochi	India
COL	Isle Of Coll	Isle Of Coll	United Kingdom
COM	Coleman	Coleman	United States
CON	Concord	Concord	United States
COO	Cadjehoun	Cotonou	Benin
COP	Cooperstown - Westville Airport	Cooperstown	United States
COQ	Choibalsan	Choibalsan	Mongolia
COR	Pajas Blancas	Cordoba	Argentina
COS	Colorado Springs	Colorado Springs	United States
COT	Cotulla	Cotulla	United States
COU	Columbia Regional	Columbia	United States
COV	Çukurova International Airport	Mersin	Turkey
COW	Coquimbo	Coquimbo	Chile
COX	Congo Town	Congo Town	Bahamas
COY	Coolawanyah	Coolawanyah	Australia
COZ	Constanza	Constanza	Dominican Republic
CPA	A. Tubman	Cape Palmas	Liberia
CPB	Capurgana	Capurgana	Colombia
CPC	Chapelco	San Martin DeLos Andes	Argentina
CPD	Coober Pedy	Coober Pedy	Australia
CPE	Campeche International	Campeche	Mexico
CPF	Cepu	Cepu	Indonesia
CPG	Carmen De Patagones	Carmen De Patagones	Argentina
CPH	Kastrup	Copenhagen	Denmark
CPI	Cape Orford	Cape Orford	Papua New Guinea
CPL	Chaparral	Chaparral	Colombia
CPM	Compton	Compton	United States
CPN	Cape Rodney	Cape Rodney	Papua New Guinea
CPO	Chamonate	Copiapo	Chile
CPQ	International	Campinas	Brazil
CPR	Natrona County International Airport	Casper	United States
CPS	St. Louis Downtown Airport	St Louis	United States
CPT	Cape Town International	Cape Town	South Africa
CPU	Cururupu	Cururupu	Brazil
CPV	Joao Suassuna	Campina Grande	Brazil
CPX	Culebra	Culebra	Puerto Rico
CQA	Canarana Airport	Canarana	Brazil
CQD	Shahre-kord	Shahre-kord	Iran
CQF	Calais	Calais	France
CQP	Cape Flattery	Cape Flattery	Australia
CQS	Costa Marques	Costa Marques	Brazil
CQT	Caquetania	Caquetania	Colombia
CRA	Craiova	Craiova	Romania
CRB	Collarenebri	Collarenebri	Australia
CRC	Cartago	Cartago	Colombia
CRD	Comodoro Rivadavia	Comodoro Rivadavia	Argentina
CRE	Grand Strand Airport	Myrtle Beach	United States
CRF	Carnot	Carnot	Central African Republic
CRG	Craig Municipal	Jacksonville	United States
CRH	Cherribah	Cherribah	Australia
CRI	Crooked Island	Crooked Island	Bahamas
CRJ	Coorabie	Coorabie	Australia
CRK	Clark International	Luzon Island	Philippines
CRL	Charleroi Brussels South	Brussels	Belgium
CRM	National	Catarman	Philippines
CRO	Corcoran	Corcoran	United States
CRP	Corpus Christi International Airport	Corpus Christi	United States
CRQ	Caravelas	Caravelas	Brazil
CRR	Ceres	Ceres	Argentina
CRS	Corsicana	Corsicana	United States
CRT	Municipal	Crossett	United States
CRU	Carriacou Island	Carriacou Island	Grenada
CRV	Crotone	Crotone	Italy
CRW	Yeager	Charleston	United States
CRX	Roscoe Turner	Corinth	United States
CRY	Carlton Hill	Carlton Hill	Australia
CRZ	Turkmenabad	Turkmenabad	Turkmenistan
CSA	Isle Of Colonsay	Isle Of Colonsay	United Kingdom
CSB	Caransebes	Caransebes	Romania
CSC	Canas	Canas	Costa Rica
CSD	Cresswell Downs	Cresswell Downs	Australia
CSE	Crested Butte	Crested Butte	United States
CSF	Creil	Creil	France
CSH	Solovky	Solovetsky	Russia
CSI	Casino	Casino	Australia
CSJ	Cape St Jacques	Cape St Jacques	Vietnam
CSK	Cap Skirring	Cap Skirring	Senegal
CSL	O Sullivan Army Air Field	San Luis Obispo	United States
CSM	Sherman	Clinton	United States
CSN	Carson City	Carson City	United States
CSO	Cochstedt	Cochstedt	Germany
CSP	Coast Guard Heliport	Cape Spencer	United States
CSQ	Municipal	Creston	United States
CSR	Casuarito	Casuarito	Colombia
CSS	Cassilandia	Cassilandia	Brazil
CST	Castaway	Castaway	Fiji
CSU	Santa Cruz Do Sul	Santa Cruz Do Sul	Brazil
CSV	Memorial	Crossville	United States
CSW	Colorado do Oeste	Colorado do Oeste	Brazil
CSX	Huanghua International	Changsha	China
CSY	Cheboksary	Cheboksary	Russia
CSZ	Brigadier Hector Ruiz	Coronel Suarez	Argentina
CTA	Fontanarossa	Catania	Italy
CTB	Cut Bank	Cut Bank	United States
CTC	Catamarca	Catamarca	Argentina
CTD	Chitre	Chitre	Panama
CTE	Carti	Carti	Panama
CTF	Coatepeque Airport	Coatepeque	Guatemala
CTG	Rafael Nunez International	Cartagena	Colombia
CTH	Chestercounty Carlson	Coatesville	United States
CTI	Cuito Cuanavale	Cuito Cuanavale	Angola
CTJ	Caserta Railway Station	Carrollton	Italy
CTK	Canton	Canton	United States
CTL	Charleville	Charleville	Australia
CTM	Chetumal	Chetumal	Mexico
CTN	Cooktown	Cooktown	Australia
CTO	Peconic River	Calverton	United States
CTP	Carutapera	Carutapera	Brazil
CTQ	Do Palmar	Santa Vitoria	Brazil
CTR	Cattle Creek	Cattle Creek	Australia
CTS	Chitose	Sapporo	Japan
CTT	Le Castellet	Le Castellet	France
CTU	Shuangliu	Chengdu	China
CTW	Cottonwood	Cottonwood	United States
CTX	Cortland	Cortland	United States
CTY	Cross City	Cross City	United States
CTZ	Sampson County	Clinton	United States
CUA	Ciudad Constitucion	Ciudad Constitucion	Mexico
CUB	Owens Field	Columbia	United States
CUC	Camilo Dazo	Cucuta	Colombia
CUD	Caloundra	Caloundra	Australia
CUE	Cuenca	Cuenca	Ecuador
CUF	Levaldigi	Cuneo	Italy
CUG	Cudal	Cudal	Australia
CUH	Municipal	Cushing	United States
CUI	Currillo	Currillo	Colombia
CUJ	Culion	Culion	Philippines
CUK	Caye Caulker	Caye Caulker	Belize
CUL	Fedl De Bachigualato	Culiacan	Mexico
CUM	Cumana	Cumana	Venezuela
CUN	Cancun International	Cancun	Mexico
CUO	Caruru	Caruru	Colombia
CUP	Carupano	Carupano	Venezuela
CUQ	Coen	Coen	Australia
CUR	Hato International Airport	Curacao	Curaсao
CUS	Municipal	Columbus	United States
CUT	Cutral	Cutral	Argentina
CUU	Gen Fierro Villalobos	Chihuahua	Mexico
CUV	Casigua	Casigua	Venezuela
CUW	Cube Cove	Cube Cove	United States
CUX	Cuddihy Field	Corpus Christi	United States
CUY	Cue	Cue	Australia
CUZ	Velazco Astete	Cuzco	Peru
CVA	Civic Ar Heli	Pittsburgh	United States
CVB	Chungribu	Chungribu	Papua New Guinea
CVC	Cleve	Cleve	Australia
CVE	Covenas	Covenas	Colombia
CVF	Courchevel	Courchevel	France
CVG	Northern Kentucky International	Covington	United States
CVH	Caviahue	Caviahue	Argentina
CVI	Caleta Olivia	Caleta Olivia	Argentina
CVJ	General Mariano Matamoros Airport	Cuernavaca	Mexico
CVL	Cape Vogel	Cape Vogel	Papua New Guinea
CVM	Ciudad Victoria	Ciudad Victoria	Mexico
CVN	Municipal	Clovis	United States
CVO	Albany	Albany	United States
CVQ	Carnarvon	Carnarvon	Australia
CVS	Cannon AFB	Clovis	United States
CVT	West Midlands International	Coventry	United Kingdom
CVU	Corvo Island	Corvo Island	Portugal
CWA	Central Wisconsin	Wausau	United States
CWB	Afonso Pena International Airport	Curitiba	Brazil
CWC	Chernovtsy	Chernovtsy	Ukraine
CWF	Chennault International	Lake Charles	United States
CWG	Callaway Gardens	Callaway Gardens	United States
CWI	Clinton	Clinton	United States
CWL	Cardiff	Cardiff	United Kingdom
CWO	Ft Wolter AAF	Mineral Wells	United States
CWP	Campbellpore	Campbellpore	Pakistan
CWR	Cowarie	Cowarie	Australia
CWS	Center Island	Center Island	United States
CWT	Cowra	Cowra	Australia
CWW	Corowa	Corowa	Australia
CWX	Cochise County	Willcox	United States
CXA	Caicara Del Orinoco	Caicara Del Orinoco	Venezuela
CXB	Cox's Bazar	Cox's Bazar	Bangladesh
CXC	Chitina Airport	Chitina	United States
CXF	Coldfoot	Coldfoot	United States
CXH	Coal Harbour	Vancouver	Canada
CXI	Cassidy International Airport	Christmas Island	Kiribati
CXJ	Campo Dos Bugres	Caxias Do Sul	Brazil
CXL	International	Calexico	United States
CXN	Candala	Candala	Somalia
CXO	Montgomery Co	Conroe	United States
CXP	Tunggul Wulung	Cilacap	Indonesia
CXQ	Christmas Creek	Christmas Creek	Australia
CXR	Cam Ranh International	Nha Trang	Vietnam
CXT	Charters Towers	Charters Towers	Australia
CXY	Cat Cays	Cat Cays	Bahamas
CYA	Les Cayes	Les Cayes	Haiti
CYB	Gerrard-Smith	Cayman Brac Island	Cayman Islands
CYC	Caye Chapel	Caye Chapel	Belize
CYE	Crystal Lake	Crystal Lake	United States
CYF	Chefornak SPB	Chefornak	United States
CYG	Corryong	Corryong	Australia
CYI	Chiayi	Chiayi	Taiwan
CYL	Coyoles	Coyoles	Honduras
CYM	Chatham SPB	Chatham	United States
CYO	Cayo Largo Del Sur	Cayo Largo Del Sur	Cuba
CYP	Calbayog	Calbayog	Philippines
CYR	Laguna De Los Patos	Colonia	Uruguay
CYS	Cheyenne	Cheyenne	United States
CYT	Intermediate	Yakataga	United States
CYU	Cuyo	Cuyo	Philippines
CYW	Celaya	Celaya	Mexico
CYX	Cherskiy	Cherskiy	Russia
CYZ	Cauayan	Cauayan	Philippines
CZA	Chichen Itza	Chichen Itza	Mexico
CZB	Carlos Ruhl	Cruz Alta	Brazil
CZC	Copper Centre	Copper Centre	United States
CZE	Coro	Coro	Venezuela
CZF	Cape Romanzof	Cape Romanzof	United States
CZH	Corozal	Corozal	Belize
CZJ	Corazon De Jesus	Corazon De Jesus	Panama
CZK	Cascade Locks/Stevens	Cascade Locks	United States
CZL	Ain El Bey	Constantine	Algeria
CZM	Cozumel	Cozumel	Mexico
CZN	Chisana Field	Chisana	United States
CZO	Chistochina	Chistochina	United States
CZP	Cape Pole	Cape Pole	United States
CZS	International Airport Cruzeiro Do Sul	Cruzeiro Do Sul	Brazil
CZT	Carrizo Springs	Carrizo Springs	United States
CZU	Corozal	Corozal	Colombia
CZW	Czestochowa	Czestochowa	Poland
CZX	Changzhou	Changzhou	China
CZY	Cluny	Cluny	Australia
CZZ	Campo	Campo	United States
DAA	Davison AAF	Fort Belvoir	United States
DAB	Regional	Daytona Beach	United States
DAC	Hazrat Shahjalal International	Dhaka	Bangladesh
DAD	Da Nang International	Da Nang	Vietnam
DAF	Daup	Daup	Papua New Guinea
DAG	Barstow-Daggett	Daggett	United States
DAH	Dathina	Dathina	Yemen
DAJ	Dauan Island	Dauan Island	Australia
DAK	Dakhla	Dakhla Oasis	Egypt
DAL	Love Field	Dallas	United States
DAM	International	Damascus	Syria
DAN	Municipal	Danville	United States
DAO	Dabo	Dabo	Papua New Guinea
DAP	Darchula	Gokuleshwar	Nepal
DAR	Julius Nyerere International	Dar Es Salaam	Tanzania
DAS	Great Bear Lake	Great Bear Lake	Canada
DAT	Datong	Datong	China
DAU	Daru	Daru	Papua New Guinea
DAV	Enrique Malek	David	Panama
DAX	Daxian	Daxian	China
DAY	James Cox Dayton International	Dayton	United States
DAZ	Darwaz	Darwaz	Afghanistan
DBA	Dalbandin	Dalbandin	Pakistan
DBB	Alalamain International	Dabaa City	Egypt
DBD	Dhanbad	Dhanbad	India
DBM	Debra Marcos	Debra Marcos	Ethiopia
DBN	Municipal	Dublin	United States
DBO	Dubbo	Dubbo	Australia
DBP	Debepare	Debepare	Papua New Guinea
DBQ	Municipal	Dubuque	United States
DBS	Dubois	Dubois	United States
DBT	Debra Tabor	Debra Tabor	Ethiopia
DBU	Dambulu Oya Tank	Dambula	Sri Lanka
DBV	Dubrovnik	Dubrovnik	Croatia
DBY	Dalby	Dalby	Australia
DCA	Ronald Reagan Washington National Airport	Washington	United States
DCF	Cane Field	Dominica	Dominica
DCG	Dubai Creek SPB	Dubai	United Arab Emirates
DCI	Rafsu Decimomannu	Decimomannu	Italy
DCK	Dahl Creek Airport	Dahl Creek	United States
DCM	Mazamet	Castres	France
DCN	RAAF Curtin	Derby	Australia
DCP	Cabin Plant Heliport	Cabin Plant	Canada
DCT	Duncan Town	Duncan Town	Bahamas
DCU	Pyor	Decatur	United States
DCY	Yading	Daocheng	China
DDB	CZ Bus Station	Dongguan	China
DDC	Dodge City Municipal	Dodge City	United States
DDG	Dandong	Dandong	China
DDI	Daydream Island	Daydream Island	Australia
DDM	Dodoima	Dodoima	Papua New Guinea
DDN	Delta Downs	Delta Downs	Australia
DDU	Dadu	Dadu	Pakistan
DEA	Dera Ghazi Khan	Dera Ghazi Khan	Pakistan
DEB	Debrecen	Debrecen	Hungary
DEC	Decatur Airport	Decatur	United States
DED	Jolly Grant	Dehra Dun	India
DEE	Mendeleyevo	Yuzhno-Kurilsk	Russia
DEF	Dezful	Dezful	Iran
DEH	Municipal	Decorah	United States
DEI	Denis Island	Denis Island	Seychelles
DEL	Indira Gandhi International	New Delhi	India
DEM	Dembidollo	Dembidollo	Ethiopia
DEN	Denver International	Denver	United States
DEO	Hyatt Regency Heliport	Dearborn	United States
DEP	Deparizo	Deparizo	India
DER	Derim	Derim	Papua New Guinea
DES	Desroches	Desroches	Seychelles
DET	Detroit City	Detroit	United States
DEY	Deyang Bus Station	Deyang	China
DEZ	Al Jafrah	Deirezzor	Syria
DFI	Memorial	Defiance	United States
DFP	Drumduff	Drumduff	Australia
DFW	Dallas/Fort Worth International	Dallas	United States
DGA	Dangriga	Dangriga	Belize
DGB	Danger Bay	Danger Bay	United States
DGD	Dalgaranga	Dalgaranga	Australia
DGE	Mudgee	Mudgee	Australia
DGF	Douglas Lake	Douglas Lake	Canada
DGH	Deoghar International Airport	Deoghar	India
DGK	Dugong	Dugong	Mozambique
DGL	Douglas Municipal	Douglas	United States
DGM	Dongguan	Dongguan	Sri Lanka
DGN	NAF	Dahlgren	United States
DGO	Guadalupe Victoria	Durango	Mexico
DGP	Daugavpils	Daugavpils	Latvia
DGR	Dargaville	Dargaville	New Zealand
DGT	Dumaguete	Dumaguete	Philippines
DGU	Dedougou	Dedougou	Burkina Faso
DGW	Converse County	Douglas	United States
DHA	King Abdulaziz AB	Dhahran	Saudi Arabia
DHB	Deer Harbor	Deer Harbor	United States
DHD	Durham Downs	Durham Downs	Australia
DHF	Al Dhafra Military Airport	Abu Dhabi	United Arab Emirates
DHI	Dhangarhi	Dhangarhi	Nepal
DHL	Dhala	Dhala	Yemen
DHM	Gaggal Airport	Dharamsala	India
DHN	Dothan Airport	Dothan	United States
DHO	Horn River	Horn River	Canada
DHR	De Kooy/Den Helder Airport	Den Helder	Netherlands
DHT	Dalhart	Dalhart	United States
DHX	Dhoho International Airport	Kediri	Indonesia
DIB	Mohanbari	Dibrugarh	India
DIE	Antsiranana/Arrachart	Antsiranana	Madagascar
DIG	Diqing	Diqing	China
DIJ	Dijon	Dijon	France
DIK	Dickinson	Dickinson	United States
DIL	Presidente Nicolau Lobato International	Dili	East Timor
DIM	Dimbokro	Dimbokro	Ivory Coast
DIN	Dien Bien	Dien Bien Phu	Vietnam
DIO	Diomede Island	Diomede Island	United States
DIP	Diapaga	Diapaga	Burkina Faso
DIQ	Divinopolis	Divinopolis	Brazil
DIR	Aba Tenna D Yilma	Dire Dawa	Ethiopia
DIS	Loubomo	Loubomo	Republic of the Congo
DIU	Diu	Diu	India
DIV	Divo	Divo	Ivory Coast
DIW	Mawella Lagoon	Dickwella	Sri Lanka
DIY	Diyarbakir	Diyarbakir	Turkey
DJA	Djougou	Djougou	Benin
DJB	Sultan Taha Syarifudn	Jambi	Indonesia
DJE	Djerba-Zarzis	Djerba	Tunisia
DJG	Inedbirenne	Djanet	Algeria
DJJ	Sentani	Jayapura	Indonesia
DJM	Djambala	Djambala	Republic of the Congo
DJN	Delta Junction	Delta Junction	United States
DJO	Daloa	Daloa	Ivory Coast
DJU	Djupivogur	Djupivogur	Iceland
DKA	Katsina	Katsina	Nigeria
DKI	Dunk Island	Dunk Island	Australia
DKK	Dunkirk	Dunkirk	United States
DKL	Kiwigana Lodge	Kiwigana Lodge	Canada
DKR	Leopold Sedar Senghor International	Dakar	Senegal
DKS	Dikson	Dikson	Russia
DKV	Docker River	Docker River	Australia
DLA	Douala	Douala	Cameroon
DLB	Dalbertis	Dalbertis	Papua New Guinea
DLC	Zhoushuizi International	Dalian	China
DLE	Tavaux	Dole	France
DLF	Laughlin AFB	Del Rio	United States
DLG	Municipal	Dillingham	United States
DLH	Duluth International	Duluth	United States
DLI	Lienkhang	Dalat	Vietnam
DLK	Dulkaninna	Dulkaninna	Australia
DLL	Dillon	Dillon	United States
DLM	Dalaman	Dalaman	Turkey
DLN	Dillon	Dillon	United States
DLO	Dolomi	Dolomi	United States
DLS	Columbia Gorge Regional/The Dalles Municipal Airport	The Dalles	United States
DLU	Dali	Dali City	China
DLV	Delissaville	Delissaville	Australia
DLY	Dillons Bay	Dillons Bay	Vanuatu
DLZ	Dalanzadgad	Dalanzadgad	Mongolia
DMA	Davis Monthan AFB	Tucson	United States
DMB	Zhambyl	Zhambyl	Kazakhstan
DMD	Doomadgee	Doomadgee	Australia
DME	Domodedovo	Moscow	Russia
DMK	Don Mueang International	Bangkok	Thailand
DMM	King Fahd International Airport	Dammam	Saudi Arabia
DMN	Deming	Deming	United States
DMO	Sedalia	Sedalia	United States
DMR	Dhamar	Dhamar	Yemen
DMS	SABTCO Bus Station	Dammam	Saudi Arabia
DMT	Diamantino	Diamantino	Brazil
DMU	Dimapur	Dimapur	India
DNA	Kadena AB	Okinawa	Japan
DNB	Dunbar	Dunbar	Australia
DND	Dundee	Dundee	United Kingdom
DNE	Dallas North Airport	Dallas	United States
DNF	Martuba	Derna	Libya
DNG	Doongan	Doongan	Australia
DNH	Dunhuang	Dunhuang	China
DNI	Wad Medani	Wad Medani	Sudan
DNK	Dnepropetrovsk	Dnepropetrovsk	Ukraine
DNL	Daniel Field	Augusta	United States
DNM	Denham	Denham	Australia
DNN	Municipal	Dalton	United States
DNO	Dianopolis	Dianopolis	Brazil
DNP	Dang	Dang	Nepal
DNQ	Deniliquin	Deniliquin	Australia
DNR	Pleurtuit	Dinard	France
DNS	Municipal	Denison	United States
DNT	Downtown Heliport	Santa Ana	United States
DNU	Dinangat	Dinangat	Papua New Guinea
DNV	Vermilion County	Danville	United States
DNX	Galegu	Dinder	Sudan
DNZ	Cardak	Denizli	Turkey
DOA	Doany	Doany	Madagascar
DOB	Dobo Airport	Dobo	Indonesia
DOC	Dornoch	Dornoch	United Kingdom
DOD	Dodoma	Dodoma	Tanzania
DOE	Djoemoe	Djoemoe	Suriname
DOF	Dora Bay	Dora Bay	United States
DOG	Dongola	Dongola	Sudan
DOH	Hamad International	Doha	Qatar
DOI	Doini	Doini	Papua New Guinea
DOK	Donetsk International Airport	Donetsk	Ukraine
DOL	St Gatien	Deauville	France
DOM	Melville Hall	Dominica	Dominica
DON	Dos Lagunas	Dos Lagunas	Guatemala
DOO	Dorobisoro	Dorobisoro	Papua New Guinea
DOP	Dolpa	Dolpa	Nepal
DOR	Dori	Dori	Burkina Faso
DOU	Dourados	Dourados	Brazil
DOV	Dover AFB	Dover-Cheswold	United States
DOX	Dongara	Dongara	Australia
DOY	Dongying	Dongying	China
DPA	Dupage County	Chicago	United States
DPE	Dieppe	Dieppe	France
DPG	Michael AAF	Dugway	United States
DPL	Dipolog	Dipolog	Philippines
DPO	Devonport	Devonport	Australia
DPS	Ngurah Rai International	Denpasar	Indonesia
DQA	Sartu	Daqing	China
DQM	Duqm International	Duqm	Oman
DRA	Desert Rock	Mercury	United States
DRB	Derby	Derby	Australia
DRC	Dirico	Dirico	Angola
DRD	Dorunda Station	Dorunda Station	Australia
DRE	Drummond Island	Drummond Island	United States
DRF	Drift River	Drift River	United States
DRG	Deering	Deering	United States
DRH	Dabra	Dabra	Indonesia
DRI	Beauregard Parish	De Ridder	United States
DRJ	Drietabbetje	Drietabbetje	Suriname
DRK	Drake Bay	Drake Bay	Costa Rica
DRN	Dirranbandi	Dirranbandi	Australia
DRO	La Plata	Durango	United States
DRR	Durrie	Durrie	Australia
DRS	Dresden Airport	Dresden	Germany
DRT	Del Rio International	Del Rio	United States
DRU	Drummond	Drummond	United States
DRV	Dharavandhoo Island	Dharavandhoo Island	Maldives
DRW	Darwin	Darwin	Australia
DRX	Dresden Bus Station	Dresden	Germany
DRY	Drysdale River	Drysdale River	Australia
DSA	Robin Hood	Doncaster	United Kingdom
DSC	Dschang	Dschang	Cameroon
DSD	La Desirade	La Desirade	Guadeloupe
DSE	Combolcha	Dessie	Ethiopia
DSG	Dilasag	Dilasag	Philippines
DSI	Destin-Fort Walton Beach Airport	Destin	United States
DSK	Dera Ismail Khan	Dera Ismail Khan	Pakistan
DSM	Des Moines International	Des Moines	United States
DSN	Dongsheng	Ordos (Dongsheng)	China
DSO	Sondok	Sondok	North Korea
DSS	Blaise Diagne International Airport	Dakar	Senegal
DSV	Dansville	Dansville	United States
DTA	Delta	Delta	United States
DTD	Datadawai	Datadawai	Indonesia
DTE	Naga	Daet	Philippines
DTH	Death Valley	Death Valley	United States
DTI	Diamantina	Diamantina	Brazil
DTL	Municipal	Detroit Lakes	United States
DTM	Dortmund	Dortmund	Germany
DTN	Shreveport Downtown	Shreveport	United States
DTR	Decatur Island	Decatur Island	United States
DTW	Detroit Metropolitan Wayne County	Detroit	United States
DUA	Eaker	Durant	United States
DUB	Dublin International	Dublin	Ireland
DUC	Halliburton Field	Duncan	United States
DUD	Dunedin International	Dunedin	New Zealand
DUE	Dundo	Dundo	Angola
DUF	Pine Island Airport	Corolla	United States
DUG	Bisbee-Douglas International	Douglas	United States
DUI	Duisburg Hbf Railway Station	Duisburg	Germany
DUJ	Du Bois-Jefferson County	Du Bois	United States
DUK	Dukuduk	Dukuduk	South Africa
DUM	Pinang Kampai	Dumai	Indonesia
DUQ	Duncan/Quam	Duncan/Quam	Canada
DUR	King Shaka International	Durban	South Africa
DUS	Dusseldorf International Airport	Dusseldorf	Germany
DUT	Emergency Field	Dutch Harbor	United States
DVD	Andavadoaka	Andavadoaka	Madagascar
DVK	Diavik	Diavik	Canada
DVL	Devils Lake	Devils Lake	United States
DVN	Davenport	Davenport	United States
DVO	Francisco Bangoy International	Davao	Philippines
DVP	Davenport Downs	Davenport Downs	Australia
DVR	Daly River	Daly River	Australia
DVT	Phoenix Deer Valley Airport	Phoenix	United States
DWA	Dwangwa	Dwangwa	Malawi
DWB	Soalala	Soalala	Madagascar
DWC	Al Maktoum International	Dubai	United Arab Emirates
DWD	Dawadmi	Dawadmi	Saudi Arabia
DWH	David Wayne Hooks	Houston	United States
DWR	Dwyer Air Base	Dwyer	Afghanistan
DXB	Dubai	Dubai	United Arab Emirates
DXD	Dixie	Dixie	Australia
DXR	Danbury Municipal Airport	Danbury	United States
DYA	Dysart	Dysart	Australia
DYG	Dayong	Dayong	China
DYL	Doylestown	Doylestown	United States
DYM	Diamantina Lakes	Diamantina Lakes	Australia
DYR	Ugolny	Anadyr	Russia
DYS	Dyess AFB	Abilene	United States
DYU	Dushanbe	Dushanbe	Tajikistan
DYW	Daly Waters	Daly Waters	Australia
DZA	Dzaoudzi	Dzaoudzi	Mayotte
DZI	Codazzi	Codazzi	Colombia
DZN	Zhezhazgan	Zhezkazgan	Kazakhstan
DZO	Santa Bernardina	Durazno	Uruguay
DZU	Dazu	Dazu	China
EAA	Eagle	Eagle	United States
EAB	Abbse	Abbse	Yemen
EAE	Emae	Emae	Vanuatu
EAL	Elenak	Kwajalein Atoll	Marshall Islands
EAM	Nejran	Nejran	Saudi Arabia
EAN	Phifer Field	Wheatland	United States
EAR	Kearney	Kearney	United States
EAS	Donostia - San Sebastian	San Sebastian	Spain
EAT	Pangborn Field	Wenatchee	United States
EAU	Chippewa Valley Regional Airport	Eau Claire	United States
EBA	Marina Di Campo	Elba Island	Italy
EBB	Entebbe	Entebbe	Uganda
EBD	El Obeid	El Obeid	Sudan
EBG	El Bagre	El Bagre	Colombia
EBH	El Bayadh	El Bayadh	Algeria
EBJ	Esbjerg	Esbjerg	Denmark
EBL	Erbil International (irbil Northwest)	Erbil	Iraq
EBM	El Borma	El Borma	Tunisia
EBN	Ebadon	Ebadon	Marshall Islands
EBO	Ebon Airport	Ebon	Marshall Islands
EBR	Downtown	Baton Rouge	United States
EBS	Municipal	Webster City	United States
EBU	Boutheon	St Etienne	France
EBW	Ebolowa	Ebolowa	Cameroon
ECA	Emmet County Airport	East Tawas	United States
ECG	Elizabeth City	Elizabeth City	United States
ECH	Echuca	Echuca	Australia
ECN	Ercan	Lefkosa	Cyprus
ECO	El Encanto	El Encanto	Colombia
ECP	NW Florida Beaches Int	Panama City	United States
ECR	El Charco	El Charco	Colombia
ECS	Mondell	Newcastle	United States
EDA	Edna Bay	Edna Bay	United States
EDB	Eldebba	Eldebba	Sudan
EDD	Erldunda	Erldunda	Australia
EDE	Municipal	Edenton	United States
EDF	Elmendorf AFB	Anchorage	United States
EDG	Weide AAF	Edgewood	United States
EDI	Edinburgh	Edinburgh	United Kingdom
EDK	El Dorado	El Dorado	United States
EDL	Eldoret	Eldoret	Kenya
EDM	Les Ajoncs	La Roche	France
EDO	Koca Seyit	Edremit	Turkey
EDQ	Erandique	Erandique	Honduras
EDR	Edward River	Edward River	Australia
EDW	Edwards AFB	Edwards	United States
EED	Needles	Needles	United States
EEK	Eek	Eek	United States
EEL	Tudela Railway Station	Tudela	Spain
EEM	Albacete Railway Station	Albacete	Spain
EEN	Dillant-Hopkins	Keene	United States
EER	Reus Railway Station	Reus	Spain
EEU	Leon Railway Station	Leon	Spain
EFB	Eight Fathom Bight	Eight Fathom Bight	United States
EFD	Ellington Field	Houston	United States
EFG	Efogi	Efogi	Papua New Guinea
EFK	Newport	Newport	United States
EFL	Kefalonia Istland International Airport	Kefalonia	Greece
EFO	East Fork	East Fork	United States
EFW	Municipal	Jefferson	United States
EGA	Engati	Engati	Papua New Guinea
EGC	Roumanieres	Bergerac	France
EGE	Eagle County	Vail	United States
EGI	Duke Field	Valparaiso	United States
EGL	Neghelli	Neghelli	Ethiopia
EGM	Sege	Sege	Solomon Islands
EGO	Belgorod	Belgorod	Russia
EGP	Maverick Co	Eagle Pass	United States
EGS	Egilsstadir	Egilsstadir	Iceland
EGV	Eagle River	Eagle River	United States
EGX	Egegik	Egegik	United States
EHL	El Bolson	El Bolson	Argentina
EHM	Cape Newenham	Cape Newenham	United States
EHT	Rentschler	East Hartford	United States
EIA	Popondetta	Eia	Papua New Guinea
EIB	Eisenach	Eisenach	Germany
EIE	Eniseysk	Eniseysk	Russia
EIH	Einasleigh	Einasleigh	Australia
EIK	Yeysk	Yeysk	Russia
EIL	Eielson AFB	Fairbanks	United States
EIN	Eindhoven	Eindhoven	Netherlands
EIS	Beef Island	Beef Island	British Virgin Islands
EIY	Ein Yahav	Ein Yahav	Israel
EJA	Variguies	Barrancabermeja	Colombia
EJH	Wedjh	Wedjh	Saudi Arabia
EJT	Enijet	Mili Atoll	Marshall Islands
EKA	Murray Field	Eureka	United States
EKB	Ekibastuz	Ekibastuz	Kazakhstan
EKD	Elkedra	Elkedra	Australia
EKE	Ekereku	Ekereku	Guyana
EKI	Municipal	Elkhart	United States
EKN	Elkins	Elkins	United States
EKO	Elko Regional	Elko	United States
EKS	Shakhtersk	Shakhtersk	Russia
EKT	Eskilstuna	Eskilstuna	Sweden
EKX	Elizabethtown	Elizabethtown	United States
ELA	Eagle Lake	Eagle Lake	United States
ELB	San Bernado	El Banco	Colombia
ELC	Elcho Island	Elcho Island	Australia
ELD	Goodwin Field	El Dorado	United States
ELE	El Real	El Real	Panama
ELF	El Fasher	El Fasher	Sudan
ELG	Djamet	El Golea	Algeria
ELH	International	North Eleuthera	Bahamas
ELI	Elim	Elim	United States
ELJ	El Recreo	El Recreo	Colombia
ELK	Municipal	Elk City	United States
ELL	Ellisras	Ellisras	South Africa
ELM	Elmira Corning Regional	Elmira	United States
ELN	Bowers Field	Ellensburg	United States
ELO	Eldorado	Eldorado	Argentina
ELP	El Paso International Airport	El Paso	United States
ELQ	Gassim Regional Airport	Buraidah	Saudi Arabia
ELR	Elelim	Elelim	Indonesia
ELS	East London	East London	South Africa
ELT	Tour Sinai City	Tour Sinai City	Egypt
ELU	Guemar	El Oued	Algeria
ELV	Elfin Cove SPB	Elfin Cove	United States
ELW	Ellamar	Ellamar	United States
ELX	El Tigre	El Tigre	Venezuela
ELY	Yelland	Ely	United States
ELZ	Municipal	Wellsville	United States
EMA	East Midlands	Nottingham	United Kingdom
EMB	Embarkadero	San Francisco	United States
EMD	Emerald	Emerald	Australia
EME	Emden	Emden	Germany
EMG	Empangeni	Empangeni	South Africa
EMI	Emirau	Emirau	Papua New Guinea
EMK	Emmonak	Emmonak	United States
EML	Emmen	Luzern	Switzerland
EMM	Kemerer	Kemerer	United States
EMN	Nema	Nema	Mauritania
EMO	Emo	Emo	Papua New Guinea
EMP	Emporia	Emporia	United States
EMS	Embessa	Embessa	Papua New Guinea
EMT	El Monte	El Monte	United States
EMX	El Maiten	El Maiten	Argentina
EMY	El Minya	El Minya	Egypt
ENA	Kenai	Kenai	United States
ENB	Eneabba West	Eneabba West	Australia
ENC	Essey	Metz	France
END	Vance AFB	Enid	United States
ENE	Ende	Ende	Indonesia
ENF	Enontekio	Enontekio	Finland
ENH	Enshi	Enshi	China
ENI	El Nido	El Nido	Philippines
ENJ	El Naranjo	El Naranjo	Guatemala
ENK	Enniskillen St. Angelo	Enniskillen	United Kingdom
ENL	Municipal	Centralia	United States
ENN	Municipal	Nenana	United States
ENO	Teniente Prim Alarcon	Encarnacion	Paraguay
ENQ	Coronel E Soto Cano AB	Coronel E Soto Cano AB	Honduras
ENS	Twente	Enschede	Netherlands
ENT	Enewetak Island	Enewetak Island	Marshall Islands
ENU	Enugu	Enugu	Nigeria
ENV	Wendover	Wendover	United States
ENW	Kenosha Regional Airport	Kenosha	United States
ENY	Ershilipu	Yan'an	China
EOH	Enrique Olaya Herrera International Airport	Medellin	Colombia
EOI	Eday	Eday	United Kingdom
EOK	Keokuk	Keokuk	United States
EOR	El Dorado	El Dorado	Venezuela
EOS	Neosho	Neosho	United States
EOZ	Elorza	Elorza	Venezuela
EPA	El Palomar	El Palomar	Argentina
EPG	Browns	Weeping Water	United States
EPH	Ephrata	Ephrata	United States
EPI	Epi	Epi	Vanuatu
EPL	Mirecourt	Epinal	France
EPN	Epena	Epena	Republic of the Congo
EPR	Esperance	Esperance	Australia
EPS	Arroyo Barril International	Samana	Dominican Republic
EPT	Eliptamin	Eliptamin	Papua New Guinea
EPU	Parnu	Parnu	Estonia
EQS	Esquel	Esquel	Argentina
ERA	Erigavo	Erigavo	Somalia
ERB	Ernabella	Ernabella	Australia
ERC	Erzincan	Erzincan	Turkey
ERD	Berdyansk	Berdyansk	Ukraine
ERE	Erave	Erave	Papua New Guinea
ERF	Erfurt	Erfurt	Germany
ERG	Yerbogachen	Yerbogachen	Russia
ERH	Moulay Ali Cherif	Er-Rachidia	Morocco
ERI	International	Erie	United States
ERL	Saiwusu International	Erenhot	China
ERM	Comandante Kraemer	Erechim	Brazil
ERN	Eirunepe	Eirunepe	Brazil
ERO	Coast Guard	Eldred Rock	United States
ERQ	Elrose Mine	Elrose Mine	Australia
ERR	Errol	Errol	United States
ERS	Eros	Windhoek	Namibia
ERT	Erdenet	Erdenet	Mongolia
ERU	Erume	Erume	Papua New Guinea
ERV	Kerrville	Kerrville	United States
ERZ	Erzurum Hava Alani	Erzurum	Turkey
ESA	Esa'Ala	Esa'Ala	Papua New Guinea
ESB	Esenboga International	Ankara	Turkey
ESC	Delta County Airport	Escanaba	United States
ESD	Orcas Island	Eastsound	United States
ESE	Ensenada	Ensenada	Mexico
ESF	Esler Field	Alexandria	United States
ESG	Mariscal Estigarribia	Mariscal Estigarribia	Paraguay
ESH	Shoreham	Shoreham By Sea	United Kingdom
ESI	Espinosa	Espinosa	Brazil
ESK	Eskisehir	Eskisehir	Turkey
ESL	Elista	Elista	Russia
ESM	Esmeraldas	Esmeraldas	Ecuador
ESN	Easton	Easton	United States
ESO	Espanola	Espanola	United States
ESP	Birchwood-Pocono	East Stroudsburg	United States
ESR	El Salvador	El Salvador	Chile
ESS	Essen	Essen	Germany
EST	Municipal	Estherville	United States
ESU	Essaouira	Essaouira	Morocco
ESW	State	Easton	United States
ETB	West Bend	West Bend	United States
ETD	Etadunna	Etadunna	Australia
ETE	Genda Wuha	Genda Wuha	Ethiopia
ETH	Eilat	Eilat	Israel
ETN	Municipal	Eastland	United States
ETR	Santa Rosa Regional	Santa Rosa	Ecuador
ETS	Municipal	Enterprise	United States
ETZ	Metz-nancy-lorraine	Metz	France
EUA	Kaufana	Eua	Tonga
EUC	Eucla	Eucla	Australia
EUE	Eureka	Eureka	United States
EUF	Weedon Field	Eufaula	United States
EUG	Eugene	Eugene	United States
EUM	Neumuenster	Neumuenster	Germany
EUN	Hassan I	Laayoune	Morocco
EUO	Paratebueno	Paratebueno	Colombia
EUQ	Evelio Javier	Antique	Philippines
EUX	F D Roosevelt	St Eustatius	Bonaire, Saint Eustatius and Saba
EVD	Eva Downs	Eva Downs	Australia
EVE	Evenes	Harstad-narvik	Norway
EVG	Sveg	Sveg	Sweden
EVH	Evans Head	Evans Head	Australia
EVM	Eveleth	Eveleth	United States
EVN	Zvartnots International	Yerevan	Armenia
EVV	Evansville Regional Airport	Evansville	United States
EVW	Evanston	Evanston	United States
EVX	Evreux	Evreux	France
EWB	New Bedford	New Bedford	United States
EWD	Wildman Lake	Wildman Lake	United States
EWE	Ewer	Ewer	Indonesia
EWI	Enarotali	Enarotali	Indonesia
EWK	City-County	Newton	United States
EWN	Simmons Nott	New Bern	United States
EWO	Ewo	Ewo	Republic of the Congo
EWR	Newark Liberty International	New York	United States
EXI	SPB	Excursion Inlet	United States
EXM	Exmouth Gulf	Exmouth Gulf	Australia
EXT	Exeter	Exeter	United Kingdom
EYK	Beloyarsky	Beloyarsky	Russia
EYL	Yelimane	Yelimane	Mali
EYP	El Yopal	El Yopal	Colombia
EYR	Yerington	Yerington	United States
EYS	Eliye Springs	Eliye Springs	Kenya
EYW	International	Key West	United States
EZE	Ezeiza Ministro Pistarini	Buenos Aires	Argentina
EZS	Elazig	Elazig	Turkey
EZV	Berezovo	Berezovo	Russia
FAA	Faranah	Faranah	Guinea
FAB	Farnborough	Farnborough	United Kingdom
FAC	Faaite	Faaite	French Polynesia
FAE	Vagar	Sorvágur	Faroe Islands
FAF	Felker AAF	Fort Eustis	United States
FAG	Fagurholsmyri	Fagurholsmyri	Iceland
FAH	Farah	Farah	Afghanistan
FAI	Fairbanks International Airport	Fairbanks	United States
FAJ	Diego Jimenez Torres	Fajardo	Puerto Rico
FAK	False Island	False Island	United States
FAM	Regional	Farmington	United States
FAO	Faro	Faro	Portugal
FAQ	Freida River	Freida River	Papua New Guinea
FAR	Hector Field	Fargo	United States
FAS	Faskrudsfjordur	Faskrudsfjordur	Iceland
FAT	Fresno Air Terminal Airport	Fresno	United States
FAU	Fahud	Fahud	Oman
FAV	Fakarava	Fakarava	French Polynesia
FAY	Municipal	Fayetteville	United States
FAZ	Fasa	Fasa	Iran
FBA	Fonte Boa	Fonte Boa	Brazil
FBD	Faizabad	Faizabad	Afghanistan
FBE	Francisco Beltrao	Francisco Beltrao	Brazil
FBG	Simmons AAF	Fort Bragg	United States
FBK	Ft Wainwright	Fairbanks	United States
FBL	Municipal	Faribault	United States
FBM	Luano	Lubumbashi	Democratic Republic of the Congo
FBR	Fort Bridger	Fort Bridger	United States
FBS	Friday Harbor SPB	Friday Harbor	United States
FBY	Municipal	Fairbury	United States
FCA	Glacier Park International	Kalispell	United States
FCB	Ficksburg Sentra Oes	Ficksburg	South Africa
FCH	Fresno-Chandler	Fresno	United States
FCM	Flying Cloud	Minneapolis	United States
FCN	Cuxhaven/Nordholz	Cuxhaven	Germany
FCO	Leonardo Da Vinci (Fiumicino)	Rome	Italy
FCS	Butts AAF	Colorado Springs	United States
FCT	Firing Center AAF	Yakima	United States
FCY	Municipal	Forrest City	United States
FDE	Bringeland	Forde	Norway
FDF	Lamentin	Fort De France	Martinique
FDH	Friedrichshafen	Friedrichshafen	Germany
FDK	Frederick Municipal	Frederick	United States
FDR	Municipal	Frederick	United States
FDU	Bandundu	Bandundu	Democratic Republic of the Congo
FDY	Findlay	Findlay	United States
FEA	Fetlar	Fetlar	United Kingdom
FEB	Sanfebagar	Sanfebagar	Nepal
FEC	Feira De Santana	Feira De Santana	Brazil
FEG	Fergana	Fergana	Uzbekistan
FEK	Ferkessedougou	Ferkessedougou	Ivory Coast
FEL	Fuerstenfeldbruck	Fuerstenfeldbruck	Germany
FEN	Fernando De Noronha	Fernando De Noronha	Brazil
FEP	Albertus	Freeport	United States
FES	San Fernando	San Fernando	Spain
FET	Municipal	Fremont	United States
FEW	Warren AFB	Cheyenne	United States
FEZ	Saiss	Fez	Morocco
FFA	First Flight	Kill Devil Hills	United States
FFD	RAF Station	Fairford	United Kingdom
FFL	Municipal	Fairfield	United States
FFM	Fergus Falls	Fergus Falls	United States
FFO	Patterson AFB	Dayton	United States
FFT	Capital City	Frankfort	United States
FFU	Futaleufu	Futaleufu	Chile
FGD	Fderik	Fderik	Mauritania
FGI	Fagali I	Apia	Samoa
FGL	Fox Glacier	Fox Glacier	New Zealand
FGR	Fuengirola	Fuengirola	Spain
FGU	Fangatau	Fangatau	French Polynesia
FHU	Municipal	Sierra Vista	United States
FHZ	Fakahina	Fakahina	French Polynesia
FIC	Fire Cove	Fire Cove	United States
FID	Elizabeth Field	Fishers Island	United States
FIE	Fair Isle	Fair Isle	United Kingdom
FIG	Fria	Fria	Guinea
FIH	N'djili International	Kinshasa	Democratic Republic of the Congo
FIK	Finke	Finke	Australia
FIL	Municipal	Fillmore	United States
FIN	Finschhafen	Finschhafen	Papua New Guinea
FIV	Five Finger	Five Finger Coast Guard Heliport	United States
FIZ	Fitzroy Crossing	Fitzroy Crossing	Australia
FJR	Al-Fujairah International	Al-fujairah	United Arab Emirates
FKB	Karlsruhe/Baden-Baden	Karlsruhe	Germany
FKI	Kisangani	Kisangani	Democratic Republic of the Congo
FKJ	Fukui	Fukui	Japan
FKL	Chess-Lambertin	Franklin	United States
FKN	Municipal	Franklin	United States
FKQ	Fak Fak	Fak Fak	Indonesia
FKS	Fukushima Airport	Fukushima	Japan
FLA	Capitolio	Florencia	Colombia
FLB	Cangapara	Floriano	Brazil
FLC	Falls Creek	Falls Creek	Australia
FLD	Fond Du Lac	Fond Du Lac	United States
FLF	Schaferhaus	Flensburg	Germany
FLG	Pulliam Field	Grand Canyon	United States
FLH	Flotta	Flotta	United Kingdom
FLI	Flateyri	Flateyri	Iceland
FLJ	Falls Bay	Falls Bay	United States
FLL	Fort Lauderdale International Airport	Fort Lauderdale	United States
FLM	Filadelfia	Filadelfia	Paraguay
FLN	Hercilio Luz	Florianopolis	Brazil
FLO	Florence	Florence	United States
FLP	Flippin	Flippin	United States
FLR	Peretola	Florence	Italy
FLS	Flinders Island	Flinders Island	Australia
FLT	Flat	Flat	United States
FLV	Sherman AAF	Fort Leavenworth	United States
FLW	Santa Cruz	Flores Island	Portugal
FLX	Municipal	Fallon	United States
FLY	Finley	Finley	Australia
FMA	El Pucu	Formosa	Argentina
FMC	Five Mile	Five Mile	United States
FME	Tipton AAF	Fort Meade	United States
FMG	Flamingo	Flamingo	Costa Rica
FMH	Otis AFB	Falmouth	United States
FMI	Kalemie	Kalemie	Democratic Republic of the Congo
FMM	Allgaeu	Memmingen	Germany
FMN	Municipal	Farmington	United States
FMO	Muenster/Osnabrueck International	Greven	Germany
FMS	Municipal	Fort Madison	United States
FMU	Florence Municipal	Florence	United States
FMY	Page Field	Fort Myers	United States
FNA	Lungi International	Freetown	Sierra Leone
FNB	Neubrandenburg	Neubrandenburg	Germany
FNC	Madeira	Funchal	Portugal
FNE	Fane	Fane	Papua New Guinea
FNG	Fada Ngourma	Fada Ngourma	Burkina Faso
FNH	Fincha	Fincha	Ethiopia
FNI	Garons	Nimes	France
FNJ	Sunan International	Pyongyang	North Korea
FNK	Fin Creek	Fin Creek	United States
FNL	Municipalcipal Airport	Fort Collins	United States
FNR	SPB	Funter Bay	United States
FNT	Bishop International Airport	Flint	United States
FNU	Fenosu	Oristano	Italy
FOA	Foula	Foula	United Kingdom
FOB	Fort Bragg	Fort Bragg	United States
FOC	Fuzhou	Fuzhou	China
FOD	Fort Dodge Regional	Fort Dodge	United States
FOE	Forbes Field	Topeka	United States
FOG	Gino Lisa	Foggia	Italy
FOI	Foggia Railway Station	Foggia	Italy
FOK	Suffolk County	Westhampton	United States
FOM	Foumban	Foumban	Cameroon
FON	Fortuna	Fortuna	Costa Rica
FOO	Numfoor	Numfoor	Indonesia
FOR	Pinto Martins	Fortaleza	Brazil
FOS	Forrest	Forrest	Australia
FOT	Forster	Forster	Australia
FOU	Fougamou	Fougamou	Gabon
FOX	Fox	Fox	United States
FOY	Foya	Foya	Liberia
FPO	Grand Bahama International	Freeport	Bahamas
FPR	St Lucie County	Fort Pierce	United States
FPY	Perry-Foley	Perry	United States
FRA	Frankfurt International Airport	Frankfurt	Germany
FRB	Forbes	Forbes	Australia
FRC	Franca	Franca	Brazil
FRD	Friday Harbor	Friday Harbor	United States
FRE	Fera Island	Fera Island	Solomon Islands
FRG	Republic Field	Farmingdale	United States
FRH	Municipal	French Lick	United States
FRI	Marshall AAF	Fort Riley	United States
FRK	Fregate Island	Fregate Island	Seychelles
FRL	Luigi Ridolfi	Forli	Italy
FRM	Fairmont	Fairmont	United States
FRN	Bryant AAF	Fort Richardson	United States
FRO	Flora	Floro	Norway
FRP	Fresh Water Bay	Fresh Water Bay	United States
FRQ	Feramin	Feramin	Papua New Guinea
FRR	Front Royal-Warren County	Front Royal	United States
FRS	Santa Elena	Flores	Guatemala
FRT	Frutillar	Frutillar	Chile
FRW	Francistown	Francistown	Botswana
FRY	Fryeburg	Fryeburg	United States
FRZ	Fritzlar Airbase	Fritzlar	Germany
FSA	CZ Bus Station	Fuoshan	China
FSC	Sud Corse	Figari	France
FSD	Joe Foss Field Airport	Sioux Falls	United States
FSI	Henry Post AAF	Fort Sill	United States
FSK	Municipal	Fort Scott	United States
FSL	Fossil Downs	Fossil Downs	Australia
FSM	Regional	Fort Smith	United States
FSP	Saint-pierre Pointe-blanche	St Pierre	Saint Pierre and Miquelon
FSS	Kinloss	Forres	United Kingdom
FST	Pecos County	Fort Stockton	United States
FSU	Fort Sumner	Fort Sumner	United States
FSZ	Mount Fuji	Shizuoka	Japan
FTA	Futuna Airport	Futuna Island	Vanuatu
FTE	El Calafate	El Calafate	Argentina
FTI	Fitiuta	Fitiuta	American Samoa
FTK	Godman AAF	Fort Knox	United States
FTL	Fortuna Ledge	Fortuna Ledge	United States
FTU	Marillac	Fort Dauphin	Madagascar
FTW	Meacham Field	Fort Worth	United States
FTX	Owando	Owando	Republic of the Congo
FTY	Fulton County	Atlanta	United States
FUB	Fulleborn	Fulleborn	Papua New Guinea
FUE	Fuerteventura	Puerto del Rosario	Spain
FUG	Fuyang	Fuyang	China
FUJ	Fukue	Fukue	Japan
FUK	Fukuoka	Fukuoka	Japan
FUL	Municipal	Fullerton	United States
FUM	Fuma	Fuma	Papua New Guinea
FUN	International	Funafuti Atoll	Tuvalu
FUO	Fuoshan	Fuoshan	China
FUT	Futuna Island	Futuna Island	Wallis and Futuna
FVL	Flora Valey	Flora Valley	Australia
FVM	Fuvahmulak	Fuvahmulak	Maldives
FVR	Forrest River Airport	Forrest River	Australia
FWA	Municipal/Baer Field	Fort Wayne	United States
FWH	Fort Worth NAS Jrb/Carswell Field	Dallas	United States
FWL	Farewell	Farewell	United States
FWM	Heliport	Fort William	United Kingdom
FXE	Fort Lauderdale Executive	Fort Lauderdale	United States
FXM	Flaxman Island	Flaxman Island	United States
FXO	Cuamba	Cuamba	Mozambique
FXY	Municipal	Forest City	United States
FYG	Fuyong Ferry Port	Shenzhen	China
FYM	Municipal	Fayetteville	United States
FYT	Faya	Faya	Chad
FYU	Fort Yukon	Fort Yukon	United States
FYV	Municipal (Drake Field)	Fayetteville	United States
GAA	Guamal	Guamal	Colombia
GAB	Gabbs	Gabbs	United States
GAC	Gracias	Gracias	Honduras
GAD	Municipal	Gadsden	United States
GAE	Gabes	Gabes	Tunisia
GAF	Gafsa	Gafsa	Tunisia
GAG	Gage	Gage	United States
GAH	Gayndah	Gayndah	Australia
GAI	Montgomery County	Gaithersburg	United States
GAJ	Junmachi	Yamagata	Japan
GAK	Gakona	Gakona	United States
GAL	Galena	Galena	United States
GAM	Gambell	Gambell	United States
GAN	Gan Airport	Gan Island	Maldives
GAO	Los Canos	Guantanamo	Cuba
GAP	Gusap	Gusap	Papua New Guinea
GAQ	Gao	Gao	Mali
GAR	Garaina	Garaina	Papua New Guinea
GAS	Garissa	Garissa	Kenya
GAT	Tallard	Gap	France
GAU	Gopinath Bordoloi International	Gawahati	India
GAV	Gag Island	Gag Island	Indonesia
GAW	Gangaw	Gangaw	Myanmar
GAX	Gamba	Gamba	Gabon
GAY	Gaya	Gaya	India
GAZ	Guasopa	Guasopa	Papua New Guinea
GBA	Big Bay	Big Bay	Vanuatu
GBB	Gabala	Gabala	Azerbaijan
GBC	Gasuke	Gasuke	Papua New Guinea
GBD	Great Bend	Great Bend	United States
GBE	Sir Seretse Khama International	Gaborone	Botswana
GBF	Negarbo	Negarbo	Papua New Guinea
GBG	Galesburg	Galesburg	United States
GBH	Galbraith Lake	Galbraith Lake	United States
GBI	Auxiliary Airfield	Grand Bahama	Bahamas
GBJ	Les Bases	Marie Galante	Guadeloupe
GBK	Gbangbatok	Gbangbatok	Sierra Leone
GBL	Goulburn Island	Goulburn Island	Australia
GBM	Garbaharey	Garbaharey	Somalia
GBN	San Giovanni Rotondo	San Giovanni Rotondo	Italy
GBO	Baltimore Greenbelt T	Baltimore	United States
GBP	Gamboola	Gamboola	Australia
GBR	Walter J. Koladza Airport	Great Barrington	United States
GBS	Port Fitzroy	Port Fitzroy	New Zealand
GBT	Gorgan	Gorgan	Iran
GBU	Khashm El Girba	Khashm El Girba	Sudan
GBV	Gibb River	Gibb River	Australia
GBZ	Great Barrier Island	Great Barrier Island	New Zealand
GCA	Guacamaya	Guacamaya	Colombia
GCC	Campbell County	Gillette	United States
GCD	Grand Coulee Dam	Electric City	United States
GCH	Gachsaran	Gachsaran	Iran
GCI	Guernsey	Guernsey	Guernsey
GCJ	Grand Central	Johannesburg	South Africa
GCK	Garden City Municipal Airport	Garden City	United States
GCM	Owen Roberts International	Georgetown	Cayman Islands
GCN	National Park	Grand Canyon	United States
GCV	Gravatai	Gravatai	Brazil
GCW	Grand Canyon West	Grand Canyon West	United States
GCY	Municipal	Greenville	United States
GDA	Gounda	Gounda	Central African Republic
GDC	Donaldson Center	Greenville	United States
GDD	Gordon Downs	Gordon Downs	Australia
GDE	Gode/Iddidole	Gode	Ethiopia
GDG	Magdagachi	Magdagachi	Russia
GDH	Golden Horn Lodge SPB	Golden Horn Lodge	United States
GDI	Gordil	Gordil	Central African Republic
GDJ	Gandajika	Gandajika	Democratic Republic of the Congo
GDL	Don Miguel Hidalgo y Costilla International	Guadalajara	Mexico
GDM	Municipal	Gardner	United States
GDN	Lech Walesa	Gdansk	Poland
GDO	Vare Maria	Guasdualito	Venezuela
GDP	Guadalupe	Guadalupe	Brazil
GDQ	Gondar	Gondar	Ethiopia
GDT	Grand Turk Island	Grand Turk Island	Turks and Caicos Islands
GDV	Dawson Community	Glendive	United States
GDW	Gladwin	Gladwin	United States
GDX	Sokol	Magadan	Russia
GDZ	Gelendzik	Gelendzik	Russia
GEA	Magenta	Noumea	New Caledonia
GEB	Gebe	Gebe	Indonesia
GEC	Gecitkale	Gecitkale	Cyprus
GED	Sussex County	Georgetown	United States
GEE	George Town	George Town	Australia
GEF	Geva Airstrip	Geva	Solomon Islands
GEG	Spokane International	Spokane	United States
GEI	Green Islands	Green Islands	Papua New Guinea
GEK	Ganes Creek	Ganes Creek	United States
GEL	Sepe Tiaraju	Santo Angelo	Brazil
GEN	Oslo - Gardermoen Airport	Puente Genil	Spain
GEO	Cheddi Jagan International	Georgetown	Guyana
GER	Rafael Cabrera	Nueva Gerona	Cuba
GES	General Santos International	General Santos	Philippines
GET	Geraldton	Geraldton	Australia
GEV	Gallivare	Gallivare	Sweden
GEW	Gewoia	Gewoia	Papua New Guinea
GEX	Geelong	Geelong	Australia
GEY	South Big Horn County	Greybull	United States
GFA	Malmstrom AFB	Great Falls	United States
GFB	Togiak Fish	Togiak Fish	United States
GFD	Pope Field	Greenfield	United States
GFE	Grenfell	Grenfell	Australia
GFF	Griffith	Griffith	Australia
GFK	Grand Forks	Grand Forks	United States
GFL	Warren County	Glens Falls	United States
GFN	Grafton	Grafton	Australia
GFO	Bartica	Bartica	Guyana
GFR	Granville	Granville	France
GFY	Grootfontein	Grootfontein	Namibia
GGA	La Graciosa Ferry Port	La Graciosa	Spain
GGC	Lumbala	Lumbala	Angola
GGD	Gregory Downs	Gregory Downs	Australia
GGE	Georgetown	Georgetown	United States
GGG	Kilgore	Kilgore	United States
GGL	Gilgal	Gilgal	Colombia
GGM	Kakamega	Kakamega	Kenya
GGN	Gagnoa	Gagnoa	Ivory Coast
GGO	Guiglo	Guiglo	Ivory Coast
GGR	Garoe	Garoe	Somalia
GGS	Gobernador Gregores	Gobernador Gregores	Argentina
GGT	Exuma International	George Town	Bahamas
GGW	International	Glasgow	United States
GHA	Noumerate	Ghardaïa	Algeria
GHB	Governors Harbour	Governors Harbour	Bahamas
GHC	Great Harbour	Great Harbour	Bahamas
GHE	Garachine	Garachine	Panama
GHM	Municipal	Centerville	United States
GHN	Guanghan	Guanghan	China
GHT	Ghat	Ghat	Libya
GHU	Gualeguaychu	Gualeguaychu	Argentina
GIB	Gibraltar International Airport	Gibraltar	Gibraltar
GIC	Boigu Island	Boigu Island	Australia
GID	Gitega	Gitega	Burundi
GIF	Gilbert Field	Winter Haven	United States
GIG	Galeao Antonio Carlos Jobim	Rio de Janeiro	Brazil
GII	Siguiri	Siguiri	Guinea
GIL	Gilgit	Gilgit	Pakistan
GIM	Miele Mimbale	Miele Mimbale	Gabon
GIR	Girardot	Girardot	Colombia
GIS	Gisborne	Gisborne	New Zealand
GIT	Geita	Geita	Tanzania
GIU	Sigiriya Slaf Base	Sigiriya	Sri Lanka
GIY	Giyani	Giyani	South Africa
GIZ	Jazan	Jazan	Saudi Arabia
GJA	Guanaja	Guanaja	Honduras
GJL	Jijel	Jijel	Algeria
GJM	Guajara-Mirim	Guajara-Mirim	Brazil
GJR	Gjogur	Gjogur	Iceland
GJT	Walker Field	Grand Junction	United States
GKA	Goroka	Goroka	Papua New Guinea
GKD	Gokceada	Gokceada	Turkey
GKE	Geilenkirchen	Geilenkirchen	Germany
GKH	Gorkha	Gorkha	Nepal
GKL	Great Keppel Island	Great Keppel Island	Australia
GKN	Gulkana	Gulkana	United States
GKO	Kongoboumba	Kongoboumba	Gabon
GKT	Gatlinburg	Gatlinburg	United States
GLA	Glasgow International	Glasgow	United Kingdom
GLB	San Calos Apache	Globe	United States
GLC	Geladi	Geladi	Ethiopia
GLD	Renner Field	Goodland	United States
GLE	Municipal	Gainesville	United States
GLF	Golfito	Golfito	Costa Rica
GLG	Glengyle	Glengyle	Australia
GLH	Greenville	Greenville	United States
GLI	Glen Innes	Glen Innes	Australia
GLK	Galcaio	Galcaio	Somalia
GLL	Klanten Airport	Gol	Norway
GLM	Glenormiston	Glenormiston	Australia
GLN	Goulimime	Goulimime	Morocco
GLO	Gloucestershire	Gloucester	United Kingdom
GLP	Gulgubip	Gulgubip	Papua New Guinea
GLQ	Glennallen	Glennallen	United States
GLR	Otsego County	Gaylord	United States
GLS	Scholes Field	Galveston	United States
GLT	Gladstone	Gladstone	Australia
GLV	Golovin	Golovin	United States
GLW	Municipal	Glasgow	United States
GLX	Galela	Galela	Indonesia
GLY	Goldsworthy	Goldsworthy	Australia
GLZ	Gilze-Rijen	Breda	Netherlands
GMA	Gemena	Gemena	Democratic Republic of the Congo
GMB	Gambela	Gambela	Ethiopia
GMC	Guerima	Guerima	Colombia
GMD	Ben Slimane	Ben Slimane	Morocco
GME	Gomel	Gomel	Belarus
GMI	Gasmata Island	Gasmata Island	Papua New Guinea
GMM	Gamboma	Gamboma	Republic of the Congo
GMN	Greymouth	Greymouth	New Zealand
GMO	Lawanti	Gombe	Nigeria
GMP	Gimpo Airport	Seoul	South Korea
GMR	Gambier Island	Gambier Island	French Polynesia
GMS	Guimaraes	Guimaraes	Brazil
GMT	Granite Mountain	Granite Mountain	United States
GMU	Greenville Downtown	Greenville	United States
GMV	Monument Valley	Monument Valley Gldngs	United States
GMZ	La Gomera	San Sebas De La Gomera	Spain
GNA	Grodna	Grodna	Belarus
GNB	Grenoble-isere Airport (St Geoirs)	Lyon	France
GND	Point Salines International	St. Georges	Grenada
GNF	Gansner Field	Quincy	United States
GNG	Gooding	Gooding	United States
GNI	Green Island	Green Island	Taiwan
GNM	Guanambi	Guanambi	Brazil
GNN	Ghinnir	Ghinnir	Ethiopia
GNR	General Roca	General Roca	Argentina
GNS	Binaka	Gunungsitoli	Indonesia
GNT	Milan	Grants	United States
GNU	Goodnews Bay	Goodnews Bay	United States
GNV	Gainesville Regional	Gainesville	United States
GNY	Guney Anadolu Projesi	Sanliurfa	Turkey
GNZ	Ghanzi	Ghanzi	Botswana
GOA	Cristoforo Colombo	Genova	Italy
GOB	Goba	Goba	Ethiopia
GOC	Gora	Gora	Papua New Guinea
GOE	Gonalia	Gonalia	Papua New Guinea
GOF	Goodfellow AFB	San Angelo	United States
GOG	Gobabis	Gobabis	Namibia
GOH	Nuuk	Nuuk	Greenland
GOI	Dabolim	Goa	India
GOJ	Strigino	Nizhniy Novgorod	Russia
GOK	Guthrie	Guthrie	United States
GOL	State	Gold Beach	United States
GOM	Goma	Goma	Democratic Republic of the Congo
GON	New London	New London	United States
GOO	Goondiwindi	Goondiwindi	Australia
GOP	Gorakhpur	Gorakhpur	India
GOQ	Golmud	Golmud	China
GOR	Gore	Gore	Ethiopia
GOS	Gosford	Gosford	Australia
GOT	Landvetter	Gothenburg	Sweden
GOU	Garoua	Garoua	Cameroon
GOV	Nhulunbuy	Gove	Australia
GOX	Mopa Airport	Goa	India
GOY	Amparai	Gal Oya	Sri Lanka
GOZ	Gorna Oriahovitsa	Gorna Oriahovitsa	Bulgaria
GPA	Araxos Airport	Patras	Greece
GPB	Tancredo Thomaz Faria	Guarapuava	Brazil
GPD	Mount Gordon Mine	Mount Gordon Mine	Australia
GPI	Guapi	Guapi	Colombia
GPL	Guapiles	Guapiles	Costa Rica
GPN	Garden Point	Garden Point	Australia
GPO	General Pico	General Pico	Argentina
GPS	Seymour	Galapagos Island	Ecuador
GPT	Gulfport-Biloxi International	Gulfport	United States
GPZ	Grand Rapids	Grand Rapids	United States
GQQ	Galion	Galion	United States
GRA	Gamarra	Gamarra	Colombia
GRB	Austin-straubel Field	Green Bay	United States
GRC	Grand Cess	Grand Cess	Liberia
GRD	Greenwood	Greenwood	United States
GRE	Municipal	Greenville	United States
GRF	Gray AAF	Tacoma	United States
GRG	Gardez	Gardez	Afghanistan
GRH	Garuahi	Garuahi	Papua New Guinea
GRI	Grand Island	Grand Island	United States
GRJ	George	George	South Africa
GRK	Robert Gray AAF	Killeen	United States
GRL	Garasa	Garasa	Papua New Guinea
GRM	Devils Track	Grand Marais	United States
GRN	Gordon	Gordon	United States
GRO	Girona-Costa Brava	Gerona	Spain
GRP	Gurupi	Gurupi	Brazil
GRQ	Eelde	Groningen	Netherlands
GRR	Gerald R. Ford International	Grand Rapids	United States
GRS	Baccarini	Grosseto	Italy
GRT	Gujrat	Gujrat	Pakistan
GRU	Guarulhos Internacional	Sao Paulo	Brazil
GRV	Groznyj	Groznyj	Russia
GRW	Graciosa Island	Graciosa Island	Portugal
GRX	Granada	Granada	Spain
GRY	Grimsey	Grimsey	Iceland
GRZ	Thalerhof	Graz	Austria
GSA	Long Pasia	Long Pasia	Malaysia
GSB	Seymour Johnson AFB	Goldsboro	United States
GSC	Gascoyne Junction	Gascoyne Junction	Australia
GSE	Gothenburg City Airport	Gothenburg	Sweden
GSH	Goshen	Goshen	United States
GSI	Guadalcanal	Guadalcanal	Solomon Islands
GSJ	Puerto San Jose	Puerto San Jose	Guatemala
GSL	Taltheilei Narrows	Taltheilei Narrows	Canada
GSM	Gheshm	Gheshm	Iran
GSN	Mount Gunson	Mount Gunson	Australia
GSO	Piedmont Triad International	Greensboro	United States
GSP	Greenville/Spartanburg International Airport	Greenville	United States
GSQ	Shark Elowainat	Shark Elowainat	Egypt
GSR	Gardo	Gardo	Somalia
GSS	Sabi Sabi	Sabi Sabi	South Africa
GST	Gustavus Airport	Gustavus	United States
GSU	Gedaref	Gedaref	Sudan
GSV	Gagarin International Airport[	Saratov	Russia
GTA	Gatokae Aerodrom	Gatokae	Solomon Islands
GTC	Green Turtle	Green Turtle	Bahamas
GTE	Alyangula	Groote Eylandt	Australia
GTF	International	Great Falls	United States
GTG	Municipal	Grantsburg	United States
GTI	Guettin	Guettin	Germany
GTK	Sungei Tekai	Sungei Tekai	Malaysia
GTN	Glentanner	Mount Cook	New Zealand
GTO	Tolotio	Gorontalo	Indonesia
GTP	Grants Pass	Grants Pass	United States
GTR	Golden Triangle Reg.	Columbus	United States
GTS	Granites	Granites	Australia
GTT	Georgetown	Georgetown	Australia
GTY	Gettysburg	Gettysburg	United States
GTZ	Kirawira B	Grumeti	Tanzania
GUA	La Aurora	Guatemala City	Guatemala
GUB	Guerrero Negro	Guerrero Negro	Mexico
GUC	Gunnison	Gunnison	United States
GUD	Goundam	Goundam	Mali
GUE	Guriaso	Guriaso	Papua New Guinea
GUF	Edwards	Gulf Shores	United States
GUG	Guari	Guari	Papua New Guinea
GUH	Gunnedah	Gunnedah	Australia
GUI	Guiria	Guiria	Venezuela
GUJ	Guaratingueta	Guaratingueta	Brazil
GUL	Goulburn	Goulburn	Australia
GUM	Guam International	Agana	Guam
GUN	Gunter AFB	Montgomery	United States
GUO	Gualaco	Gualaco	Honduras
GUP	Senator Clark	Gallup	United States
GUQ	Guanare	Guanare	Venezuela
GUR	Gurney	Alotau	Papua New Guinea
GUS	Grissom AFB	Peru	United States
GUT	Guetersloh	Guetersloh	Germany
GUU	Grundarfjordur	Grundarfjordur	Iceland
GUV	Mougulu	Mougulu	Papua New Guinea
GUW	Atyrau International	Atyrau	Kazakhstan
GUX	Guna	Guna	India
GUY	Guymon	Guymon	United States
GUZ	Guarapari	Guarapari	Brazil
GVA	Geneva International	Geneva	Switzerland
GVE	Municipal	Gordonsville	United States
GVI	Green River	Green River	Papua New Guinea
GVL	Lee Gilmer Memorial	Gainesville	United States
GVN	May-Gatka	Sovetskaya Gavan	Russia
GVP	Greenvale	Greenvale	Australia
GVR	Governador Valadares	Governador Valadares	Brazil
GVT	Majors Field	Greenville	United States
GVX	Sandviken	Gavle	Sweden
GWA	Gwa	Gwa	Myanmar
GWD	Gwadar	Gwadar	Pakistan
GWE	Gweru	Gweru	Zimbabwe
GWL	Gwalior	Gwalior	India
GWO	Leflore	Greenwood	United States
GWS	Glenwood Springs	Glenwood Springs	United States
GWT	Westerland - Sylt	Westerland	Germany
GWV	Glendale	Glendale	United States
GWY	Carnmore	Galway	Ireland
GXF	Seiyun	Seiyun	Yemen
GXG	Negage	Negage	Angola
GXQ	Ten. Vidal	Coyhaique	Chile
GXX	Yagoua	Yagoua	Cameroon
GXY	Weld County	Greeley	United States
GYA	Guayaramerin	Guayaramerin	Bolivia
GYD	Heydar Aliyev International	Baku	Azerbaijan
GYE	Jose Joaquin De Olmedo	Guayaquil	Ecuador
GYI	Gisenyi	Gisenyi	Rwanda
GYL	Argyle	Argyle	Australia
GYM	Gen Jose M Yanez	Guaymas	Mexico
GYN	Santa Genoveva	Goiania	Brazil
GYP	Gympie	Gympie	Australia
GYR	Litchfield	Goodyear	United States
GYS	Guang Yuan	Guang Yuan	China
GYU	Liupanshan	Guyuan	China
GYY	Gary/Chicago International	Gary	United States
GZI	Ghazni	Ghazni	Afghanistan
GZM	Gozo Heliport	Gozo	Malta
GZO	Gizo	Gizo	Solomon Islands
GZP	Gazipasa Airport	Alanya	Turkey
GZT	Gaziantep	Gaziantep	Turkey
GZW	Ghazvin	Ghazvin	Iran
HAA	Hasvik	Hasvik	Norway
HAB	Marion County	Hamilton	United States
HAC	Hachijo Jima	Hachijo Jima	Japan
HAD	Halmstad	Halmstad	Sweden
HAE	Havasupai	Havasupai	United States
HAF	Half Moon	Half Moon	United States
HAH	Prince Said Ibrahim In	Moroni	Comoros
HAI	Dr Haines	Three Rivers	United States
HAJ	Hanover Airport	Hanover	Germany
HAK	Meilan International	Haikou	China
HAL	Halali	Halali	Namibia
HAM	Hamburg Airport	Hamburg	Germany
HAN	Noi Bai International	Hanoi	Vietnam
HAO	Hamilton	Hamilton	United States
HAP	Long Island	Long Island	Australia
HAQ	Hanimaadhoo	Hanimaadhoo	Maldives
HAR	Capital City	Harrisburg	United States
HAS	Hail	Hail	Saudi Arabia
HAU	Haugesund	Haugesund	Norway
HAV	Jose Marti International	Havana	Cuba
HAW	Haverfordwest	Haverfordwest	United Kingdom
HAY	Haycock	Haycock	United States
HAZ	Hatzfeldthaven	Hatzfeldthaven	Papua New Guinea
HBA	Hobart	Hobart	Australia
HBB	Industrial Airpark	Hobbs	United States
HBC	Hanus Bay	Hanus Bay	United States
HBD	Habi	Habi	Papua New Guinea
HBE	Alexandria International	Alexandria	Egypt
HBG	The Hattiesburg-Bobby L. Chain Mun.	Hattiesburg	United States
HBH	Hobart Bay	Hobart Bay	United States
HBI	Harbour Island	Harbour Island	Bahamas
HBK	Holbrook Municipal	Holbrook	United States
HBN	Flamingo	Phu-bon	Vietnam
HBO	Municipal	Humboldt	United States
HBR	Hobart	Hobart	United States
HBT	Hafr Albatin	Hambantota	Sri Lanka
HBU	Bulgan, Hovd	Bulgan, Hovd	Mongolia
HBX	Hubli	Hubli	India
HCA	Howard County	Big Spring	United States
HCB	Shoal Cove	Shoal Cove	United States
HCC	Columbia County	Hudson	United States
HCM	Eil	Eil	Somalia
HCN	Hengchun	Hengchun	Taiwan
HCQ	Halls Creek	Halls Creek	Australia
HCR	Holy Cross	Holy Cross	United States
HCW	Cheraw	Cheraw	United States
HDA	Hidden Falls	Hidden Falls	United States
HDD	Hyderabad	Hyderabad	Pakistan
HDE	Brewster Field	Holdrege	United States
HDF	Heringsdorf	Heringsdorf	Germany
HDG	Handan	Handan	China
HDH	Dillingham Airfield	Oahu	United States
HDM	Hamadan	Hamadan	Iran
HDN	Yampa Valley	Hayden	United States
HDR	Havadarya	Havadarya	Iran
HDS	Hoedspruit Airport	Hoedspruit	South Africa
HDY	Hat Yai	Hat Yai	Thailand
HEA	Herat	Herat	Afghanistan
HEB	Henzada	Henzada	Myanmar
HED	Herendeen	Herendeen	United States
HEE	Thompson-Robbins	Helena	United States
HEH	Heho	Heho	Myanmar
HEI	Heide-Buesum	Heide-Buesum	Germany
HEK	Heihe	Heihe	China
HEL	Helsinki-Vantaa	Helsinki	Finland
HEM	Helsinki-malmi	Helsinki	Finland
HEN	Hendon	Helsinki	Finland
HEO	Haelogo	Haelogo	Papua New Guinea
HER	Nikos Kazantzakis Airport	Heraklion	Greece
HES	State	Hermiston	United States
HET	Hohhot	Hohhot	China
HEV	Huelva	Huelva	Spain
HEY	Hanchey Army Heliport	Ozark	United States
HEZ	Hardy-Anders	Natchez	United States
HFA	Haifa	Haifa	Israel
HFD	Brainard	Hartford	United States
HFE	Shanghai	Hefei (Luogang Airport)	China
HFF	Mackall AAF	Hoffman	United States
HFN	Hornafjordur	Hornafjordur	Iceland
HFS	Hagfors	Hagfors	Sweden
HFT	Hammerfest	Hammerfest	Norway
HGA	Hargeisa	Hargeisa	Somalia
HGD	Hughenden	Hughenden	Australia
HGH	Hangzhou	Hangzhou	China
HGI	Higlieg	Higlieg	Sudan
HGL	Helgoland	Helgoland	Germany
HGN	Mae Hong Son	Mae Hong Son	Thailand
HGO	Korhogo	Korhogo	Ivory Coast
HGR	Wash. County Regional	Hagerstown	United States
HGS	Hastings	Freetown	Sierra Leone
HGT	Hunter AAF	Jolon	United States
HGU	Kagamuga	Mount Hagen	Papua New Guinea
HGZ	Hogatza	Hogatza	United States
HHE	Hachinohe	Hachinohe	Japan
HHH	Hilton Head	Hilton Head	United States
HHI	Wheeler AFB	Wahiawa	United States
HHN	Frankfurt-Hahn	Frankfurt	Germany
HHP	H K Heliport	Hong Kong	Hong Kong
HHQ	Hua Hin Airport	Hua Hin	Thailand
HHR	Hawthorne	Hawthorne	United States
HHS	CZ Bus Station	Zhongshan	China
HHZ	Hikueru	Hikueru	French Polynesia
HIA	Lianshui	Huai'an	China
HIB	Chisholm	Chisholm	United States
HID	Horn Island	Horn Island	Australia
HIE	Regional	Whitefield	United States
HIF	Hill AFB	Ogden	United States
HIG	Highbury	Highbury	Australia
HIH	Hook Island	Hook Island	Australia
HII	Municipal	Lake Havasu City	United States
HIJ	International	Hiroshima	Japan
HIK	Hickam AFB	Honolulu	United States
HIL	Shillavo	Shillavo	Ethiopia
HIM	Hingurakgoda	Hingurakgoda	Sri Lanka
HIN	Sacheon	Jinju	South Korea
HIO	Portland	Hillsboro	United States
HIP	Headingly	Headingly	Australia
HIR	Henderson International	Honiara	Solomon Islands
HIS	Hayman Island	Hayman Island	Australia
HIT	Haivaro	Hivaro	Papua New Guinea
HIW	Hiroshima West	Hiroshima	Japan
HJJ	Zhi Jiang	Zhi Jiang	China
HJR	Khajuraho	Khajuraho	India
HJT	Khujirt	Khujirt	Mongolia
HKA	Municipal	Blytheville	United States
HKB	Healy Lake	Healy Lake	United States
HKD	Hakodate	Hakodate	Japan
HKG	Hong Kong International	Hong Kong	Hong Kong
HKK	Hokitika Airport	Hokitika	New Zealand
HKN	Hoskins	Hoskins	Papua New Guinea
HKS	Hawkins Field	Jackson	United States
HKT	Phuket International	Phuket	Thailand
HKV	Haskovo	Haskovo	Bulgaria
HKY	Hickory	Hickory	United States
HLA	Lanseria	Johannesburg	South Africa
HLB	Hillenbrand	Batesville	United States
HLC	Hill City	Hill City	United States
HLD	Hailar	Hailar	China
HLF	Hultsfred - Vimmerby	Hultsfred	Sweden
HLG	Ohio County	Wheeling	United States
HLH	Ulanhot	Ulanhot	China
HLI	Hollister	Hollister	United States
HLL	Hillside	Hillside	Australia
HLM	Park Township	Holland	United States
HLN	Helena	Helena	United States
HLP	Halim Perdana Kusuma	Jakarta	Indonesia
HLR	Fort Hood AAF	Killeen	United States
HLS	St Helens	St Helens	Australia
HLT	Hamilton	Hamilton	Australia
HLU	Houailou	Houailou	New Caledonia
HLV	Helenvale	Helenvale	Australia
HLW	Hluhluwe	Hluhluwe	South Africa
HLY	Anglesey Airport	Holyhead	United Kingdom
HLZ	Hamilton	Hamilton	New Zealand
HMA	Khanty-Mansiysk	Khanty-Mansiysk	Russia
HMB	Mubarak International	Sohag	Egypt
HME	Oued Irara Airport	Hassi Messaoud	Algeria
HMG	Hermannsburg	Hermannsburg	Australia
HMI	Hami	Hami	China
HMJ	Khmelnitskiy	Khmelnitskiy	Ukraine
HMN	Holloman AFB	Alamogordo	United States
HMO	Gen Pesqueira Garcia	Hermosillo	Mexico
HMR	Hamar Airport	Hamar	Norway
HMS	Homeshore	Homeshore	United States
HMT	Ryan Field	Hemet	United States
HMV	Hemavan	Hemavan	Sweden
HNA	Hanamaki	Hanamaki	Japan
HNB	Municipal	Huntingburg	United States
HNC	Hatteras	Hatteras	United States
HND	Haneda Airport	Tokyo	Japan
HNE	Tahneta Pass	Tahneta Pass Lodge	United States
HNG	Hienghene	Hienghene	New Caledonia
HNH	Hoonah	Hoonah	United States
HNI	Heiweni	Heiweni	Papua New Guinea
HNL	Honolulu International	Honolulu	United States
HNM	Hana	Hana	United States
HNN	Honinabi	Honinabi	Papua New Guinea
HNS	Municipal	Haines	United States
HNX	Hanna	Hanna	United States
HNY	Hengyang	Hengyang	China
HOA	Hola	Hola	Kenya
HOB	Lea County	Hobbs	United States
HOC	Komako	Komako	Papua New Guinea
HOD	Hodeidah Airport	Hodeidah	Yemen
HOE	Houeisay	Houeisay	Laos
HOF	Alahsa	Alahsa	Saudi Arabia
HOG	Frank Pais	Holguin	Cuba
HOH	Hohenems-Dornbirn	Hohenems	Austria
HOI	Hao Island	Hao Island	French Polynesia
HOK	Hooker Creek	Hooker Creek	Australia
HOL	Holikachu	Holikachu	United States
HOM	Homer	Homer	United States
HON	Howes	Huron	United States
HOO	Nhon Co	Quanduc	Vietnam
HOP	Campbell AAF	Hopkinsville	United States
HOQ	Hof	Hof	Germany
HOR	Horta	Horta	Portugal
HOS	Oscar Reguera	Chos Malal	Argentina
HOT	Memorial Field	Hot Springs	United States
HOU	William P Hobby	Houston	United States
HOV	Hovden	Orsta-Volda	Norway
HOW	Howard AFB	Fort Kobbe	Panama
HOX	Homalin	Homalin	Myanmar
HOY	Hoy Island	Hoy Island	United Kingdom
HPA	Salote Pilolevu	Ha'Apai	Tonga
HPB	Hooper Bay	Hooper Bay	United States
HPE	Hope Vale	Hope Vale	Australia
HPH	Catbi	Haiphong	Vietnam
HPN	Westchester County Apt	Westchester County	United States
HPT	Municipal	Hampton	United States
HPV	Princeville	Lihue	United States
HPY	Baytown Airport	Baytown	United States
HQM	Bowerman	Hoquiam	United States
HRA	Mansehra	Mansehra	Pakistan
HRB	Taiping International	Harbin	China
HRC	Zhairem	Zhairem	Kazakhstan
HRE	R.G. Mugabe International	Harare	Zimbabwe
HRG	Hurghada	Hurghada	Egypt
HRI	Mattala Rajapaksa International Airport	Hambantota	Sri Lanka
HRJ	Chaurjhari	Chaurjhari	Nepal
HRK	Kharkov	Kharkov	Ukraine
HRL	Valley International	Harlingen	United States
HRM	Tilrempt	Hassi R'mel	Algeria
HRN	Heliport	Heron Island	Australia
HRO	Boone County	Harrison	United States
HRR	Herrera	Herrera	Colombia
HRS	Harrismith Airport	Harrismith	South Africa
HRT	Linton-On-Ouse	Harrogate	United Kingdom
HRY	Henbury	Henbury	Australia
HRZ	Horizontina	Horizontina	Brazil
HSB	Raleigh	Harrisburg	United States
HSC	Shaoguan	Shaoguan	China
HSG	Saga	Saga	Japan
HSH	Henderson Executive	Las Vegas	United States
HSI	Hastings	Hastings	United States
HSK	Huesca-Pirineos	Huesca	Spain
HSL	Huslia	Huslia	United States
HSM	Horsham	Horsham	Australia
HSN	Zhoushan	Zhoushan	China
HSP	Ingalls Field	Hot Springs	United States
HSS	Hissar	Hissar	India
HST	AFB	Homestead	United States
HSV	Huntsville International - Carl T. Jones Field	Huntsville	United States
HSZ	Hsinchu	Hsinchu	Taiwan
HTA	Kadala	Chita	Russia
HTB	Terre-de-Bas	Terre-de-Bas	Guadeloupe
HTG	Hatanga	Hatanga	Russia
HTH	Hawthorne	Hawthorne	United States
HTI	Hamilton Island	Hamilton Island	Australia
HTL	Roscommon County	Houghton	United States
HTM	Khatgal	Khatgal	Mongolia
HTN	Hotan	Hotan	China
HTO	East Hampton	East Hampton	United States
HTR	Hateruma	Hateruma	Japan
HTS	Tri-state/Milton	Huntington	United States
HTU	Hopetoun	Hopetoun	Australia
HTV	Huntsville	Huntsville	United States
HTW	Lawrence County Airpark	Huntington	United States
HTY	Hatay	Hatay	Turkey
HTZ	Hato Corozal	Hato Corozal	Colombia
HUA	Redstone AAF	Huntsville	United States
HUB	Humbert River	Humbert River	Australia
HUC	Humacao Airport	Humacao	Puerto Rico
HUD	Humboldt	Humboldt	United States
HUE	Humera	Humera	Ethiopia
HUF	Hulman Field	Terre Haute	United States
HUG	Huehuetenango	Huehuetenango	Guatemala
HUH	Huahine	Huahine	French Polynesia
HUI	Phu Bai	Hue	Vietnam
HUJ	Hugo	Hugo	United States
HUK	Hukuntsi	Hukuntsi	Botswana
HUL	International	Houlton	United States
HUM	Terrebonne	Houma	United States
HUN	Hualien	Hualien	Taiwan
HUQ	Houn	Houn	Libya
HUS	Municipal	Hughes	United States
HUT	Hutchinson	Hutchinson	United States
HUU	Huanuco	Huanuco	Peru
HUV	Hudiksvall	Hudiksvall	Sweden
HUW	Humaita	Humaita	Brazil
HUX	Huatulco	Huatulco	Mexico
HUY	Humberside International	Humberside	United Kingdom
HUZ	Huizhou	Huizhou	China
HVA	Analalava	Analalava	Madagascar
HVB	Hervey Bay	Hervey Bay	Australia
HVD	Khovd	Khovd	Mongolia
HVE	Intermediate	Hanksville	United States
HVG	Valan	Honningsvag	Norway
HVK	Holmavik	Holmavik	Iceland
HVN	New Haven	New Haven	United States
HVR	City County	Havre	United States
HVS	Municipal	Hartsville	United States
HVZ	MA Bus Station	Heviz	Hungary
HWA	Hawabango	Hawabango	Papua New Guinea
HWD	Air Terminal	Hayward	United States
HWI	SPB	Hawk Inlet	United States
HWK	Wilpena Pound	Hawker	Australia
HWN	Hwange Nat Park	Hwange Nat Park	Zimbabwe
HWO	North Perry	Hollywood	United States
HXX	Hay	Hay	Australia
HYA	Barnstable	Hyannis	United States
HYC	High Wycombe	High Wycombe	United Kingdom
HYD	Rajiv Gandhi International	Hyderabad	India
HYF	Hayfields	Hayfields	Papua New Guinea
HYG	SPB	Hydaburg	United States
HYL	SPB	Hollis	United States
HYN	Huangyan	Taizhou	China
HYR	Municipal	Hayward	United States
HYS	Municipal	Hays	United States
HYV	Hyvinkaa	Hyvinkaa	Finland
HZB	Merville/Calonne	Hazebrouck	France
HZG	Hanzhong	Hanzhong	China
HZH	Liping	Liping City	China
HZK	Husavik	Husavik	Iceland
HZL	Hazleton	Hazleton	United States
HZP	Horizon	Fort MacKay	Canada
HZV	Hazyview	Hazyview	South Africa
IAA	Igarka	Igarka	Russia
IAB	Mcconnell AFB	Wichita	United States
IAD	Dulles International	Washington	United States
IAG	International	Niagara Falls	United States
IAH	George Bush Intercontinental	Houston	United States
IAM	In Amenas	In Amenas	Algeria
IAN	Bob Barker Memorial	Kiana	United States
IAO	Sayak Airport	Del Carmen	Philippines
IAQ	Bahregan	Bahregan	Iran
IAR	Tunoshna	Yaroslavl	Russia
IAS	Iasi	Iasi	Romania
IAU	Iaura	Iaura	Papua New Guinea
IBA	Ibadan	Ibadan	Nigeria
IBB	General Villamil	Isabela Island	Ecuador
IBE	Ibague	Ibague	Colombia
IBI	Iboki	Iboki	Papua New Guinea
IBL	Indigo Bay Lodge	Indigo Bay Lodge	Mozambique
IBO	Ibo	Ibo	Mozambique
IBP	Iberia	Iberia	Peru
IBR	Ibaraki	Ibaraki	Japan
IBT	Bologna Central Railway Station	Bologna	Italy
IBZ	Ibiza Airport	Ibiza	Spain
ICA	Icabaru	Icabaru	Venezuela
ICI	Cicia	Cicia	Fiji
ICK	Nieuw Nickerie	Nieuw Nickerie	Suriname
ICL	Municipal	Clarinda	United States
ICN	Incheon International	Seoul	South Korea
ICO	Sicogon Island	Sicogon Island	Philippines
ICR	Nicaro	Nicaro	Cuba
ICS	Cascade	Cascade	United States
ICT	Mid-Continent	Wichita	United States
ICY	Icy Bay	Icy Bay	United States
IDA	Fanning Field	Idaho Falls	United States
IDB	Idre	Idre	Sweden
IDC	Ila Da Chilonzuene	Ila Da Chilonzuene	Mozambique
IDF	Idiofa	Idiofa	Democratic Republic of the Congo
IDG	Municipal	Ida Grove	United States
IDH	Idaho County	Grangeville	United States
IDI	Indiana County Airport (Jimmy Stewart Field)	Indiana	United States
IDK	Indulkana	Indulkana	Australia
IDN	Indagen	Indagen	Papua New Guinea
IDO	Rio	Santa Isabel Do Morro	Brazil
IDP	Independence	Independence	United States
IDR	Devi Ahilya Bai Holkar	Indore	India
IDY	Ile d'Yeu	Ile d'Yeu	France
IEG	Babimost	Zielona Gora	Poland
IEJ	Iejima	Iejima	Japan
IES	Riesa	Riesa	Germany
IEV	Zhulyany	Kiev	Ukraine
IFA	Iowa Falls	Iowa Falls	United States
IFF	Iffley	Iffley	Australia
IFH	Hesa	Hesa	Iran
IFJ	Isafjordur	Isafjordur	Iceland
IFL	Innisfail	Innisfail	Australia
IFN	Isfahan International	Isfahan	Iran
IFO	Ivano-Frankovsk	Ivano-Frankovsk	Ukraine
IFP	Laughlin Bullhead International	Bullhead City	United States
IFU	Ifuru Airport	Ifuru Island	Maldives
IGA	Inagua	Inagua	Bahamas
IGB	Ingeniero Jacobacci	Ingeniero Jacobacci	Argentina
IGD	Igdir	Igdir	Turkey
IGE	Iguela	Iguela	Gabon
IGG	Igiugig	Igiugig	United States
IGH	Ingham	Ingham	Australia
IGL	Cigli AB	Izmir	Turkey
IGM	Kingman	Kingman	United States
IGN	Maria Cristina	Iligan	Philippines
IGO	Chigorodo	Chigorodo	Colombia
IGR	Cataratas	Iguazu	Argentina
IGS	Ingolstadt-manching	Ingolstadt-manching	Germany
IGT	Sleptsovskaya	Nazran	Russia
IGU	Cataratas	Iguassu Falls	Brazil
IHA	Niihama	Niihama	Japan
IHC	Inhaca	Inhaca	Mozambique
IHN	Qishn	Qishn	Yemen
IHO	Ihosy	Ihosy	Madagascar
IHR	Iran Shahr	Iran Shahr	Iran
IHU	Ihu	Ihu	Papua New Guinea
IIA	Inishmaan	Galloway	Ireland
IIL	Ilaam	Ilaam	Iran
IIN	Nishinoomote	Nishinoomote	Japan
IIS	Nissan Island	Nissan Island	Papua New Guinea
IJK	Izhevsk	Izhevsk	Russia
IJU	J. Batista Bos Filho Airport	Ijui	Brazil
IJX	Municipal	Jacksonville	United States
IKA	Imam Khomeini Airport	Tehran	Iran
IKB	Wilkes County	Wilkesboro	United States
IKI	Iki	Iki	Japan
IKK	Greater Kankakee	Kankakee	United States
IKL	Ikela	Ikela	Democratic Republic of the Congo
IKO	Nikolski AFS	Nikolski	United States
IKP	Inkerman	Inkerman	Australia
IKS	Tiksi	Tiksi	Russia
IKT	Irkutsk	Irkutsk	Russia
ILA	Illaga	Illaga	Indonesia
ILB	Ilha Solteira	Ilha Solteira	Brazil
ILD	Alguaire	Lleida	Spain
ILE	Municipal	Killeen	United States
ILF	Ilford	Ilford	Canada
ILG	Greater Wilmington	Wilmington	United States
ILH	Illis Airbase	Illisheim	Germany
ILI	Iliamna	Iliamna	United States
ILK	Ilaka	Ilaka	Madagascar
ILL	Willmar	Willmar	United States
ILM	Wilmington International	Wilmington	United States
ILN	Clinton Field	Wilmington	United States
ILO	Iloilo International	Iloilo	Philippines
ILP	Ile Des Pins	Ile Des Pins	New Caledonia
ILQ	Ilo	Ilo	Peru
ILR	Ilorin	Ilorin	Nigeria
ILU	Kilaguni	Kilaguni	Kenya
ILY	Glenegedale	Islay	United Kingdom
ILZ	Zilina	Zilina	Slovakia
IMA	Iamalele	Iamalele	Papua New Guinea
IMB	Imbaimadai	Imbaimadai	Guyana
IMD	Imonda	Imonda	Papua New Guinea
IMF	Municipal	Imphal	India
IMG	Inhaminga	Inhaminga	Mozambique
IMI	Ine Island	Ine Island	Marshall Islands
IMK	Simikot	Simikot	Nepal
IML	Imperial	Imperial	United States
IMM	Immokalee	Immokalee	United States
IMN	Imane	Imane	Papua New Guinea
IMO	Zemio	Zemio	Central African Republic
IMP	Imperatriz	Imperatriz	Brazil
IMR	Rogoredo Railway Station	Milan	Italy
IMT	Ford	Iron Mountain	United States
INA	Inta	Inta	Russia
INB	Independence	Independence	Belize
INC	Yinchuan	Yinchuan	China
IND	Indianapolis International	Indianapolis	United States
INE	Chinde	Chinde	Mozambique
INF	Newark Liberty International	In Guezzam	Algeria
ING	Lago Argentino	Lago Argentino	Argentina
INH	Inhambane	Inhambane	Mozambique
INI	Constantine The Great International	Nis	Serbia
INJ	Injune	Injune	Australia
INK	Wink	Wink	United States
INL	Falls International	International Falls	United States
INM	Innamincka	Innamincka	Australia
INN	Innsbruck-kranebitten	Innsbruck	Austria
INO	Inongo	Inongo	Democratic Republic of the Congo
INP	Naples Central Railway Station	Napoli	Italy
INQ	Inisheer	Inisheer	Ireland
INR	Kincheloe AFB	Sault Sainte Marie	United States
INS	Af Aux	Indian Springs	United States
INT	Smith-Reynolds	Winston Salem	United States
INU	Nauru International	Nauru Island	Nauru
INV	Inverness	Inverness	United Kingdom
INW	Winslow-Lindbergh	Winslow	United States
INX	Inanwatan	Inanwatan	Indonesia
INY	Inyati	Inyati	South Africa
INZ	In Salah	In Salah	Algeria
IOA	Ioannina	Ioannina	Greece
IOK	Iokea	Iokea	Papua New Guinea
IOM	Ronaldsway	Isle Of Man	Isle of Man
ION	Impfondo	Impfondo	Republic of the Congo
IOP	Ioma	Ioma	Papua New Guinea
IOR	Kilronan	Inishmore	Ireland
IOS	Eduardo Gomes	Ilheus	Brazil
IOU	Ile Ouen	Ile Ouen	New Caledonia
IOW	Iowa City	Iowa City	United States
IPA	Ipota	Ipota	Vanuatu
IPC	Mataveri International	Easter Island	Chile
IPE	Ipil	Ipil	Philippines
IPG	Ipiranga	Ipiranga	Brazil
IPH	Sultan Azlan Shah Airport	Ipoh	Malaysia
IPI	San Luis	Ipiales	Colombia
IPL	Imperial County	Imperial	United States
IPN	Usiminas	Ipatinga	Brazil
IPR	Porta Garibaldi Station	Milan	Italy
IPT	Lycoming County	Williamsport	United States
IPU	Ipiau	Ipiau	Brazil
IPW	Ipswich	Ipswich	United Kingdom
IQA	Al Asad Air Base	Al Asad	Iraq
IQM	Qiemo	Qiemo	China
IQN	Qingyang	Qingyang	China
IQQ	Diego Aracena	Iquique	Chile
IQT	C.F. Secada	Iquitos	Peru
IRA	Kirakira	Kirakira	Solomon Islands
IRB	Municipal	Iraan	United States
IRC	Circle City	Circle	United States
IRD	Ishurdi	Ishurdi	Bangladesh
IRE	Irece	Irece	Brazil
IRG	Lockhart River	Lockhart River	Australia
IRI	Nduli	Iringa	Tanzania
IRJ	Capitan Vicente Almando	La Rioja	Argentina
IRK	Municipal	Kirksville	United States
IRM	Igrim	Igrim	Russia
IRN	Iriona	Iriona	Honduras
IRO	Birao	Birao	Central African Republic
IRP	Matari	Isiro	Democratic Republic of the Congo
IRR	Ostiense Railway Station	Rome	Italy
IRS	Kirsch Municipal	Sturgis	United States
IRT	Tiburtina Railway Station	Rome	Italy
IRU	Iranamadu SPB	Iranamadu	Sri Lanka
IRZ	Tapuruquara	Santa Isabel Rio Negro	Brazil
ISA	Mount Isa	Mount Isa	Australia
ISB	Islamabad International	Islamabad	Pakistan
ISC	St Marys	St Marys, Isles Of Scilly	United Kingdom
ISD	Iscuande	Iscuande	Colombia
ISE	Isparta	Isparta	Turkey
ISG	Ishigaki	Ishigaki	Japan
ISH	Ischia	Ischia	Italy
ISI	Isisford	Isisford	Australia
ISJ	Isla Mujeres	Isla Mujeres	Mexico
ISK	Gandhinagar Airport	Nasik	India
ISL	Isabel Pass	Isabel Pass	United States
ISM	Kissimmee Gateway	Kissimmee	United States
ISN	Sloulin Field International	Williston	United States
ISO	Stallings Field	Kinston	United States
ISP	Long Island Mac Arthur	Islip	United States
ISQ	Schoolcraft County	Manistique	United States
ISR	Salerno Railway Station	Salerno	Italy
ISS	Wiscasset	Wiscasset	United States
IST	Istanbul Airport	Istanbul	Turkey
ISU	Sulaimaniyah International	Sulaimaniyah	Iraq
ISW	Alexander Field	Wisconsin Rapids	United States
ITA	Itacoatiara	Itacoatiara	Brazil
ITB	Itaituba	Itaituba	Brazil
ITE	Itubera	Itubera	Brazil
ITH	Tompkins County	Ithaca	United States
ITI	Itambacuri	Itambacuri	Brazil
ITK	Itokama	Itokama	Papua New Guinea
ITM	Itami	Osaka	Japan
ITO	Hilo International	Hilo	United States
ITP	Itaperuna	Itaperuna	Brazil
ITQ	Itaqui	Itaqui	Brazil
ITR	Hidroeletrica	Itumbiara	Brazil
ITT	Porta Susa Railway Station	Turin	Italy
IUE	Hanan	Niue Island	Niue
IUL	Ilu	Ilu	Indonesia
IUM	Summit Lake	Summit Lake	Canada
IVA	Ambanja	Ambanja	Madagascar
IVC	Invercargill	Invercargill	New Zealand
IVG	Ivangrad	Berane	Montenegro
IVI	Isla Viveros	Isla Viveros	Panama
IVL	Ivalo	Ivalo	Finland
IVO	Chivolo	Chivolo	Colombia
IVR	Inverell	Inverell	Australia
IVW	Inverway	Inverway	Australia
IWA	Ivanova	Ivanova	Russia
IWD	Gogebic County	Ironwood	United States
IWJ	Iwami	Iwami	Japan
IWK	Iwakuni	Iwakuni	Japan
IWO	Iwo Jima Airbase	Iwo Jima Vol	Japan
IWS	West Houston	Houston	United States
IXA	Agartala Airport	Agartala	India
IXB	Bagdogra	Bagdogra	India
IXC	Chandigarh	Chandigarh	India
IXD	Allahabad Airport	Allahabad	India
IXE	Bajpe	Mangalore	India
IXG	Sambre	Belgaum	India
IXH	Kailashahar	Kailashahar	India
IXI	North Lakhimpur	Lilabari	India
IXJ	Satwari	Jammu	India
IXK	Keshod	Keshod	India
IXL	Bakula Rimpoche	Leh	India
IXM	Madurai	Madurai	India
IXN	Khowai	Khowai	India
IXP	Pathankot	Pathankot	India
IXQ	Kamalpur	Kamalpur	India
IXR	Birsa Munda International	Ranchi	India
IXS	Kumbhirgram	Silchar	India
IXT	Pasighat	Pasighat	India
IXU	Chikkalthana	Aurangabad	India
IXV	Along	Along	India
IXW	Sonari	Jamshedpur	India
IXY	Kandla	Kandla	India
IXZ	Port Blair	Port Blair	India
IYK	Kern County	Inyokern	United States
IZA	Reg. da Zona da Mata	Juiz De Fora	Brazil
IZO	Izumo	Izumo	Japan
IZT	Ixtepec	Ixtepec	Mexico
JAA	Jalalabad	Jalalabad	Afghanistan
JAB	Jabiru	Jabiru	Australia
JAC	Jackson Hole	Jackson	United States
JAD	Jandakot	Perth	Australia
JAE	Technology Park	Atlanta	United States
JAF	Kankesanturai	Jaffna	Sri Lanka
JAG	Jacobabad	Jacobabad	Pakistan
JAI	Sanganeer	Jaipur	India
JAJ	Perimeter Mall	Atlanta	United States
JAK	Jacmel Regional Airport	Jacmel	Haiti
JAL	Jalapa	Jalapa	Mexico
JAM	Jambol	Jambol	Bulgaria
JAN	Jackson-evers	Jackson	United States
JAO	Beaver Ruin	Atlanta	United States
JAP	Punta Renes	Punta Renes	Costa Rica
JAQ	Jacquinot Bay	Jacquinot Bay	Papua New Guinea
JAR	Jahrom	Jahrom	Iran
JAS	County	Jasper	United States
JAT	Jabot	Jabot	Marshall Islands
JAU	Jauja	Jauja	Peru
JAV	Ilulissat	Ilulissat	Greenland
JAX	Jacksonville,	Jacksonville	United States
JBC	Boston City Heliport	Boston	United States
JBD	CZ Bus Station	Jiang Men	China
JBP	Commerce Bus. Plaza	Los Angeles	United States
JBQ	Dr.Joaquin Balaguer	Higuero	Dominican Republic
JBR	Jonesboro	Jonesboro	United States
JBS	Hacienda Bus.Park Heliport	Pleasanton	United States
JBT	City Landing	Bethel	United States
JCA	Croisette Heliport	Cannes	France
JCB	Joacaba	Joacaba	Brazil
JCC	China Basin Heliport	San Francisco	United States
JCD	Downtown Heliport	Christiansted	U.S. Virgin Islands
JCE	Convention Center Heliport	Oakland	United States
JCH	Qasigiannguit	Qasigiannguit	Greenland
JCI	New Century Aircenter Airport	Kansas City	United States
JCJ	Chuja Heliport	Jeju	South Korea
JCK	Julia Creek	Julia Creek	Australia
JCM	Jacobina	Jacobina	Brazil
JCN	Incheon Heliport	Incheon	South Korea
JCO	Heliport	Comino	Malta
JCR	Jacareacanga	Jacareacanga	Brazil
JCT	Kimble County	Junction	United States
JCU	Ceuta Heliport	Ceuta	Spain
JCX	Citicorp Plaza Heliport	Los Angeles	United States
JCY	Johnson	Johnson	United States
JDA	John Day	John Day	United States
JDB	Downtown Heliport	Dallas	United States
JDF	Francisco De Assis	Juiz De Fora	Brazil
JDG	Jeongseok	Jeongseok	South Korea
JDH	Jodhpur	Jodhpur	India
JDM	Miami Downtown Heliport	Miami	United States
JDN	Jordan	Jordan	United States
JDO	Regional Do Cariri	Juazeiro Do Norte	Brazil
JDP	Heliport De Paris	Paris	France
JDR	Sao Joao Del Rei	Sao Joao Del Rei	Brazil
JDT	Downtown Heliport	Minneapolis	United States
JDX	Central Bus. District	Houston	United States
JDY	Heliport	Downey	United States
JDZ	Jingdezhen	Jingdezhen	China
JED	King Abdulaziz International	Jeddah	Saudi Arabia
JEE	Jeremie	Jeremie	Haiti
JEF	Memorial	Jefferson City	United States
JEG	Aasiaat	Aasiaat	Greenland
JEJ	Jeh	Jeh	Marshall Islands
JEM	Heliport	Emeryville	United States
JEQ	Jequie	Jequie	Brazil
JER	Jersey	Jersey	Jersey
JFK	John F Kennedy International	New York	United States
JFM	Heliport	Fremantle	Australia
JFN	Ashtabula	Jefferson	United States
JFR	Frederikshab	Paamiut	Greenland
JGA	Govardhanpur	Jamnagar	India
JGB	Jagdalpur	Jagdalpur	India
JGC	Heliport	Grand Canyon	United States
JGD	Jiagedaqi	Jiagedaqi	China
JGE	Heliport	Geoje	South Korea
JGL	Galleria Heliport	Atlanta	United States
JGN	Jiayuguan	Jiayuguan	China
JGO	Qeqertarsuaq	Qeqertarsuaq	Greenland
JGP	Greenway Plaza Heliport	Houston	United States
JGQ	Transco Twr Galleria	Houston	United States
JGR	Heliport	Groennedal	Greenland
JGS	Ji An/Jing Gang Shan	Ji An	China
JGX	Heliport	Glendale	United States
JHB	Sultan Ismail International	Johor Bahru	Malaysia
JHC	Island Heliport	Garden City	United States
JHE	Heliport	Angelholm	Sweden
JHG	Gasa	Jinghong	China
JHL	Albian	Fort MacKay	Canada
JHM	Kapalua West Maui	Lahaina	United States
JHS	Sisimiut	Sisimiut	Greenland
JHW	Jamestown	Jamestown	United States
JHY	Hyatt Regency Heliport	Cambridge	United States
JIA	Juina	Juina	Brazil
JIB	Ambouli	Djibouti	Djibouti
JIC	Jinchuan	Jinchang	China
JID	City Of Industry Heliport	Los Angeles	United States
JIJ	Jigiga	Jijiga	Ethiopia
JIK	Ikaria	Ikaria Island	Greece
JIL	Jilin	Jilin	China
JIM	Jimma	Jimma	Ethiopia
JIN	Jinja	Jinja	Uganda
JIO	International Heliport	Ontario	United States
JIP	Jipijapa	Jipijapa	Ecuador
JIQ	Wulingshan	Qianjiang	China
JIR	Jiri	Jiri	Nepal
JIU	Jiujiang	Jiujiang	China
JIW	Jiwani	Jiwani	Pakistan
JJA	Jajao	Jajao	Solomon Islands
JJI	Juanjui	Juanjui	Peru
JJM	Mulika Lodge	Meru-Kinna	Kenya
JJN	Jinjiang	Jinjiang	China
JJU	Heliport	Qaqortoq	Greenland
JKG	Axamo	Jonkoping	Sweden
JKH	Chios	Chios	Greece
JKL	Kalymnos Island	Kalymnos Island	Greece
JKR	Janakpur	Janakpur	Nepal
JKV	Cherokee County	Jacksonville	United States
JLA	Quartz Creek	Cooper Lodge	United States
JLB	Heliport	Long Beach	United States
JLD	Heliport	Landskrona	Sweden
JLH	US Army Heliport	Arlington Heights	United States
JLN	Joplin Regional	Joplin	United States
JLR	Jabalpur	Jabalpur	India
JLS	Jales	Jales	Brazil
JLX	Union Station Heliport	Los Angeles	United States
JMA	Marriot Astrodome	Houston	United States
JMB	Jamba	Jamba	Angola
JMC	Marin County	Sausalito	United States
JMD	Market Centre Heliport	Dallas	United States
JMH	Marriott Heliport	Schaumburg	United States
JMK	Mykonos	Mikonos	Greece
JMM	Malmo Harbour Heliport	Malmo	Sweden
JMN	Municipal Heliport	Mankato	United States
JMO	Jomsom	Jomsom	Nepal
JMS	Jamestown	Jamestown	United States
JMU	Jiamusi	Jiamusi	China
JMY	Mammy Yoko Heliport	Freetown	Sierra Leone
JNA	Januaria	Januaria	Brazil
JNB	Oliver Reginald Tambo International	Johannesburg	South Africa
JNG	Jining	Jining	China
JNH	North Park Inn Heliport	Dallas	United States
JNI	Junin	Junin	Argentina
JNJ	Jaaluni	Duqm	Oman
JNN	Nanortalik	Nanortalik	Greenland
JNP	Heliport	Newport Beach	United States
JNS	Heliport	Narsaq	Greenland
JNU	Boundary Bay	Juneau	United States
JNX	Naxos Airport	Naxos	Greece
JNZ	Jinzhou	Jinzhou	China
JOC	Centerport Heliport	Santa Ana	United States
JOE	Joensuu	Joensuu	Finland
JOG	Adisutjipto	Yogyakarta	Indonesia
JOH	Port Saint Johns	Port Saint Johns	South Africa
JOI	Lauro Carneiro De Loyola	Joinville	Brazil
JOJ	Doris Lake	Hope Bay	Canada
JOK	Yoshkar-Ola	Yoshkar-Ola	Russia
JOL	Jolo	Jolo	Philippines
JOM	Njombe	Njombe	Tanzania
JOP	Josephstaal	Josephstaal	Papua New Guinea
JOR	The City Heliport	Orange	United States
JOS	Jos	Jos	Nigeria
JOT	Municipal	Joliet	United States
JPA	Castro Pinto	Joao Pessoa	Brazil
JPD	Heliport	Pasadena	United States
JPN	Pentagon Army	Washington	United States
JPR	Ji-Parana	Ji-Parana	Brazil
JPT	Park Ten Heliport	Houston	United States
JPU	La Defense Heliport	Paris	France
JQA	Qaarsut	Qaarsut	Greenland
JQE	Jaque	Jaque	Panama
JQF	Savelovsky Railway Station	Moscow	Russia
JQO	Belorussky Railway Station	Moscow	Russia
JRA	West 30th St Heliport	New York	United States
JRB	Downtown Manhattan Heliport	New York	United States
JRC	Municipalcipal Heliport	Rochester	United States
JRD	Heliport	Riverside	United States
JRE	East 60th Street Heliport	New York	United States
JRF	Kalaeloa	Kapolei	United States
JRH	Rowriah	Jorhat	India
JRK	Arsuk	Arsuk	Greenland
JRN	Juruena	Juruena	Brazil
JRO	Kilimanjaro	Kilimanjaro	Tanzania
JSA	Jaisalmer	Jaisalmer	India
JSD	Sikorsky Heliport	Stratford	United States
JSG	San Rafael Heliport	San Rafael	United States
JSH	Sitia	Sitia	Greece
JSI	Skiathos	Skiathos	Greece
JSK	Municipalcipal Heliport	Saint Cloud	United States
JSL	Steel Pier Heliport	Atlantic City	United States
JSM	Jose De San Martin	Jose De San Martin	Argentina
JSN	Sherman Oaks Heliport	Los Angeles	United States
JSO	Sodertalje Heliport	Sodertalje	Sweden
JSP	Seogwipo Heliport	Jeju	South Korea
JSR	Jessore	Jessore	Bangladesh
JST	Cambria County	Johnstown	United States
JSU	Heliport	Maniitsoq	Greenland
JSY	Syros Island	Syros Island	Greece
JTC	Arealva	Bauru	Brazil
JTI	Jatai	Jatai	Brazil
JTO	Heliport	Thousand Oaks	United States
JTR	Santorini (Thira)	Santorini (Thira)	Greece
JTY	Astypalaia	Astypalaia Island	Greece
JUA	Juara	Juara	Brazil
JUB	Juba	Juba	South Sudan
JUC	Universal City Heliport	Los Angeles	United States
JUH	Jiuhuashan	Chizhou	China
JUI	Juist	Juist	Germany
JUJ	El Cadillal	Jujuy	Argentina
JUL	Juliaca	Juliaca	Peru
JUM	Jumla	Jumla	Nepal
JUN	Jundah	Jundah	Australia
JUO	Jurado	Jurado	Colombia
JUP	Cable Heliport	Upland	United States
JUR	Jurien Bay	Jurien Bay	Australia
JUT	Juticalpa	Juticalpa	Honduras
JUV	Heliport	Upernavik	Greenland
JUZ	Juzhou	Juzhou	China
JVA	Ankavandra	Ankavandra	Madagascar
JVI	Central Jersey Regional Airport	Manville	United States
JVL	Rock County	Janesville	United States
JWA	Jwaneng	Jwaneng	Botswana
JWC	Warner Cntr Bus. Plaza	Los Angeles	United States
JWH	Westchase Hilton Heliport	Houston	United States
JWL	Woodlawns	Houston	United States
JWN	Zanjan	Zanjan	Iran
JXA	Xingkaihu	Jixi	China
JXN	Reynolds Municipal	Jackson	United States
JYR	Jiroft	Jiroft	Iran
JYV	Jyvaskyla	Jyvaskyla	Finland
JZH	Jiu Zhai Huang Long	Song Pan	China
KAA	Kasama	Kasama	Zambia
KAB	Kariba	Kariba	Zimbabwe
KAC	Kameshli	Kameshli	Syria
KAD	Kaduna	Kaduna	Nigeria
KAE	SPB	Kake	United States
KAF	Karato	Karato	Papua New Guinea
KAG	Gangneung	Gangneung	South Korea
KAH	City Heliport	Melbourne	Australia
KAI	Kaieteur	Kaieteur	Guyana
KAJ	Kajaani	Kajaani	Finland
KAK	Kar	Kar	Papua New Guinea
KAL	Kaltag	Kaltag	United States
KAM	Kamaran Island	Kamaran Island	Yemen
KAN	Aminu Kano International Airport	Kano	Nigeria
KAO	Kuusamo	Kuusamo	Finland
KAP	Kapanga	Kapanga	Democratic Republic of the Congo
KAQ	Kamulai	Kamulai	Papua New Guinea
KAR	Kamarang	Kamarang	Guyana
KAS	Karasburg	Karasburg	Namibia
KAT	Kaitaia	Kaitaia	New Zealand
KAU	Kauhava	Kauhava	Finland
KAV	Kavanayen	Kavanayen	Venezuela
KAW	Kawthaung	Kawthaung	Myanmar
KAX	Kalbarri	Kalbarri	Australia
KAY	Wakaya Island	Wakaya Island	Fiji
KAZ	Kau	Kau	Indonesia
KBA	Kabala	Kabala	Sierra Leone
KBB	Kirkimbie	Kirkimbie	Australia
KBC	Birch Creek	Birch Creek	United States
KBD	Kimberley Downs	Kimberley Downs	Australia
KBE	Hot Springs SPB	Bell Island	United States
KBF	Karubaga	Karubaga	Indonesia
KBG	Kabalega Falls	Kabalega Falls	Uganda
KBH	Kalat	Kalat	Pakistan
KBI	Kribi	Kribi	Cameroon
KBJ	Kings Canyon	Kings Canyon	Australia
KBK	Klag Bay	Klag Bay	United States
KBL	Khwaja Rawash	Kabul	Afghanistan
KBM	Kabwum	Kabwum	Papua New Guinea
KBN	Kabinda	Kabinda	Democratic Republic of the Congo
KBO	Kabalo	Kabalo	Democratic Republic of the Congo
KBP	Boryspil International	Kyiv	Ukraine
KBQ	Kasungu	Kasungu	Malawi
KBR	Sultan Ismail Petra	Kota Bharu	Malaysia
KBS	Bo	Bo	Sierra Leone
KBT	Kaben	Kaben	Marshall Islands
KBU	Kotabaru	Kotabaru	Indonesia
KBV	Krabi	Krabi	Thailand
KBW	Chignik Bay	Chignik	United States
KBX	Kambuaya	Kambuaya	Indonesia
KBY	Streaky Bay	Streaky Bay	Australia
KBZ	Kaikoura	Kaikoura	New Zealand
KCA	Kuqa	Kuqa	China
KCB	Tepoe Airstrip	Kasikasima	Suriname
KCC	Coffman Cove SPB	Coffman Cove	United States
KCD	Kamur	Kamur	Indonesia
KCE	Collinsville	Collinsville	Australia
KCF	Kadanwari	Kadanwari	Pakistan
KCG	Fisheries	Chignik	United States
KCH	Kuching	Kuching	Malaysia
KCI	Kon	Kon	Indonesia
KCJ	Komaio	Komaio	Papua New Guinea
KCK	Kirensk	Kirensk	Russia
KCL	Lagoon	Chignik	United States
KCM	Kahramanmaras	Kahramanmaras	Turkey
KCN	SPB	Chernofski	United States
KCO	Cengiz Topel	Kocaeli	Turkey
KCP	Kamenets-podolskiy	Kamenets-podolskiy	Ukraine
KCQ	Chignik	Chignik	United States
KCR	Colorado Creek	Colorado Creek	United States
KCS	Kings Creek Station	Kings Creek Station	Australia
KCT	Koggala	Koggala	Sri Lanka
KCU	Masindi	Masindi	Uganda
KCZ	Kochi	Kochi	Japan
KDA	Kolda	Kolda	Senegal
KDB	Kambalda	Kambalda	Australia
KDC	Kandi	Kandi	Benin
KDD	Khuzdar	Khuzdar	Pakistan
KDE	Koroba	Koroba	Papua New Guinea
KDH	Kandahar	Kandahar	Afghanistan
KDI	Wolter Monginsidi	Kendari	Indonesia
KDJ	Ndjole-Ville	Ndjole	Gabon
KDK	Municipal	Kodiak	United States
KDL	Kardla	Kardla	Estonia
KDM	Kaadedhdhoo	Kaadedhdhoo	Maldives
KDN	Ndende	Ndende	Gabon
KDO	Kadhdhoo	Kadhdhoo	Maldives
KDP	Kandep	Kandep	Papua New Guinea
KDQ	Kamberatoro	Kamberatoro	Papua New Guinea
KDR	Kandrian	Kandrian	Papua New Guinea
KDS	Kamaran Downs	Kamaran Downs	Australia
KDT	Kamphangsaen	Kamphangsaen	Thailand
KDU	Skardu	Skardu	Pakistan
KDV	Kandavu	Kandavu	Fiji
KDW	Vic. Resevour Kandy	Kandy	Sri Lanka
KDX	Kadugli	Kadugli	Sudan
KDY	Mahaweli	Mahaweli	Sri Lanka
KDZ	Polgolla Reservoir	Katugastota	Sri Lanka
KEA	Keisah	Keisah	Indonesia
KEB	Nanwalek	Nanwalek	United States
KEC	Kasenga	Kasenga	Democratic Republic of the Congo
KED	Kaedi	Kaedi	Mauritania
KEE	Kelle	Kelle	Republic of the Congo
KEF	Keflavik International	Reykjavik	Iceland
KEG	Keglsugl	Keglsugl	Papua New Guinea
KEH	Kenmore Air Harbor	Kenmore Air Harbor	United States
KEI	Kepi	Kepi	Indonesia
KEJ	Kemerovo	Kemerovo	Russia
KEK	Ekwok	Ekwok	United States
KEL	Kiel-Holtenau	Kiel	Germany
KEM	Kemi/Tornio	Kemi	Finland
KEN	Kenema	Kenema	Sierra Leone
KEO	Odienne	Odienne	Ivory Coast
KEP	Nepalganj	Nepalganj	Nepal
KEQ	Kebar	Kebar	Indonesia
KER	Kerman	Kerman	Iran
KES	Kelsey	Kelsey	Canada
KET	Keng Tung	Keng Tung	Myanmar
KEU	Kelly Bar	Kelly Bar	United States
KEV	Halli	Kuorevesi	Finland
KEW	Keewaywin	Keewaywin	Canada
KEX	Kanabea	Kanabea	Papua New Guinea
KEY	Kericho	Kericho	Kenya
KEZ	Kelaniya River	Kelaniya	Sri Lanka
KFA	Kiffa	Kiffa	Mauritania
KFE	Fortescue Dave Forrest	Cloudbreak	Australia
KFG	Kalkurung	Kalkurung	Australia
KFP	False Pass	False Pass	United States
KGA	Kananga	Kananga	Democratic Republic of the Congo
KGB	Konge	Konge	Papua New Guinea
KGC	Kingscote	Kingscote	Australia
KGD	Khrabrovo	Kaliningrad	Russia
KGE	Kagau	Kagau	Solomon Islands
KGF	Karaganda	Karaganda	Kazakhstan
KGG	Kedougou	Kedougou	Senegal
KGH	Yongai	Yongai	Papua New Guinea
KGI	Kalgoorlie	Kalgoorlie	Australia
KGJ	Karonga	Karonga	Malawi
KGK	New Koliganek	New Koliganek	United States
KGL	Kigali International	Kigali	Rwanda
KGM	Kungum	Kungum	Papua New Guinea
KGN	Kasongo Lunda	Kasongo Lunda	Democratic Republic of the Congo
KGO	Kirovograd	Kirovograd	Ukraine
KGP	Kogalym International	Kogalym	Russia
KGR	Kulgera	Kulgera	Australia
KGS	Kos Island International Airport	Kos	Greece
KGT	Kangding	Kangding	China
KGU	Keningau	Keningau	Malaysia
KGW	Kagi	Kagi	Papua New Guinea
KGX	Grayling	Grayling	United States
KGY	Kingaroy	Kingaroy	Australia
KGZ	Glacier Creek	Glacier Creek	United States
KHA	Khaneh	Khaneh	Iran
KHC	Kerch	Kerch	Ukraine
KHD	Khorramabad	Khorramabad	Iran
KHE	Kherson	Kherson	Ukraine
KHG	Kashi	Kashi	China
KHH	Kaoshiung International Airport	Kaohsiung	Taiwan
KHI	Quaid-e-azam International	Karachi	Pakistan
KHJ	Kauhajoki	Kauhajoki	Finland
KHK	Khark Island	Khark Island	Iran
KHM	Khamti	Khamti	Myanmar
KHN	Nanchang	Nanchang	China
KHO	Khoka Moya	Khoka Moya	South Africa
KHR	Kharkhorin	Kharkhorin	Mongolia
KHS	Khasab	Khasab	Oman
KHT	Khost	Khost	Afghanistan
KHU	Kremenchug	Kremenchug	Ukraine
KHV	Novy	Khabarovsk	Russia
KHW	Khwai River Lodge	Khwai River Lodge	Botswana
KHY	Khoy	Khoy	Iran
KHZ	Kauehi	Kauehi	French Polynesia
KIB	SPB	Ivanof Bay	United States
KIC	Mesa Del Rey	King City	United States
KID	Kristianstad	Kristianstad	Sweden
KIE	Aropa	Kieta	Papua New Guinea
KIF	Kingfisher Lake	Kingfisher Lake	Canada
KIG	Koinghaas	Koinghaas	South Africa
KIH	Kish Island	Kish Island	Iran
KII	Kibuli	Kibuli	Papua New Guinea
KIJ	Niigata	Niigata	Japan
KIK	Kirkuk	Kirkuk	Iraq
KIL	Kilwa	Kilwa	Democratic Republic of the Congo
KIM	Kimberley	Kimberley	South Africa
KIN	Norman Manley International	Kingston	Jamaica
KIO	Kili Island	Kili Island	Marshall Islands
KIP	Kickapoo	Wichita Falls	United States
KIQ	Kira	Kira	Papua New Guinea
KIR	Kerry	Farranfore	Ireland
KIS	Kisumu	Kisumu	Kenya
KIT	Kithira	Kithira	Greece
KIU	Kiunga	Kiunga	Kenya
KIW	Southdowns	Kitwe	Zambia
KIX	Kansai International	Osaka	Japan
KIY	Kilwa	Kilwa	Tanzania
KJA	Krasnoyarsk	Krasnojarsk	Russia
KJI	Kanas	Burqin	China
KJK	Kortrijk	Kortrijk	Belgium
KJP	Kerama	Kerama	Japan
KKA	Koyuk	Koyuk	United States
KKB	SPB	Kitoi Bay	United States
KKC	Khon Kaen	Khon Kaen	Thailand
KKD	Kokoda	Kokoda	Papua New Guinea
KKE	Kerikeri/Bay of Islands	Kerikeri	New Zealand
KKF	Kagvik Creek	Kagvik Creek	United States
KKG	Konawaruk	Konawaruk	Guyana
KKH	Kongiganak	Kongiganak	United States
KKI	Spb	Akiachak	United States
KKJ	Kita Kyushu	Kita Kyushu	Japan
KKK	Kalakaket AFS	Kalakaket	United States
KKL	Karluk Lake SPB	Karluk Lake	United States
KKM	Lop Buri	Lop Buri	Thailand
KKN	Hoeybuktmoen	Kirkenes	Norway
KKO	Kaikohe	Kaikohe	New Zealand
KKP	Koolburra	Koolburra	Australia
KKQ	Krasnoselkup	Krasnoselkup	Russia
KKR	Kaukura Atoll	Kaukura Atoll	French Polynesia
KKT	Kentland	Kentland	United States
KKU	Ekuk	Ekuk	United States
KKW	Kikwit	Kikwit	Democratic Republic of the Congo
KKX	Kikaiga Shima	Kikaiga Shima	Japan
KKY	Kilkenny	Kilkenny	Ireland
KKZ	Koh Kong	Koh Kong	Cambodia
KLB	Kalabo	Kalabo	Zambia
KLC	Kaolack	Kaolack	Senegal
KLD	Migalovo	Tver	Russia
KLE	Kaele	Kaele	Cameroon
KLF	Grabtsevo	Kaluga	Russia
KLG	Municipal	Kalskag	United States
KLH	Kolhapur	Kolhapur	India
KLI	Kota Koli	Kota Koli	Democratic Republic of the Congo
KLK	Kalokol	Kalokol	Kenya
KLL	Levelock	Levelock	United States
KLM	Kalaleh	Kalaleh	Iran
KLN	Larsen SPB	Larsen Bay	United States
KLO	Kalibo	Kalibo	Philippines
KLP	Kelp Bay	Kelp Bay	United States
KLQ	Keluang	Keluang	Indonesia
KLR	Kalmar	Kalmar	Sweden
KLS	Longview	Kelso	United States
KLT	Kaiserslautern	Kaiserslautern	Germany
KLU	Alpe Adria	Klagenfurt	Austria
KLV	Karlovy Vary	Karlovy Vary	Czech Republic
KLW	Klawock	Klawock	United States
KLX	Kalamata	Kalamata	Greece
KLY	Kalima	Kalima	Democratic Republic of the Congo
KLZ	Kleinzee	Kleinzee	South Africa
KMA	Kerema	Kerema	Papua New Guinea
KMB	Koinambe	Koinambe	Papua New Guinea
KMC	King Khalid Military	King Khalid Mil. City	Saudi Arabia
KME	Kamembe	Kamembe	Rwanda
KMF	Kamina	Kamina	Papua New Guinea
KMG	Kunming	Kunming	China
KMH	Kuruman	Kuruman	South Africa
KMI	Miyazaki	Miyazaki	Japan
KMJ	Kumamoto	Kumamoto	Japan
KMK	Makabana	Makabana	Republic of the Congo
KML	Kamileroi	Kamileroi	Australia
KMM	Kimam	Kimam	Indonesia
KMN	Kamina	Kamina	Democratic Republic of the Congo
KMO	Manokotak SPB	Manokotak	United States
KMP	J.G.H. Van Der Wath	Keetmanshoop	Namibia
KMQ	Komatsu	Komatsu	Japan
KMR	Karimui	Karimui	Papua New Guinea
KMS	Kumasi	Kumasi	Ghana
KMU	Kismayu	Kismayu	Somalia
KMV	Kalemyo	Kalaymyo	Myanmar
KMW	Sokerkino	Kostroma	Russia
KMX	Khamis Mushait	Khamis Mushait	Saudi Arabia
KMY	Moser Bay	Moser Bay	United States
KMZ	Kaoma	Kaoma	Zambia
KNA	Vina del Mar	Vina del Mar	Chile
KNB	Kanab	Kanab	United States
KND	Kindu	Kindu	Democratic Republic of the Congo
KNE	Kanainj	Kanainj	Papua New Guinea
KNF	Marham RAF	Kings Lynn	United Kingdom
KNG	Kaimana	Kaimana	Indonesia
KNH	Shang-Yi	Kinmen	Taiwan
KNI	Katanning	Katanning	Australia
KNJ	Kindamba	Kindamba	Republic of the Congo
KNK	Kakhonak	Kakhonak	United States
KNM	Kaniama	Kaniama	Democratic Republic of the Congo
KNN	Kankan	Kankan	Guinea
KNO	Kuala Namu International Airport	Medan	Indonesia
KNP	Capanda	Capanda	Angola
KNQ	Kone	Kone	New Caledonia
KNR	Jam	Kangan	Iran
KNS	King Island	King Island	Australia
KNT	Municipal	Kennett	United States
KNU	Kanpur	Kanpur	India
KNV	Knights Inlet	Knights Inlet	Canada
KNW	New Stuyahok	New Stuyahok	United States
KNX	Kununurra	Kununurra	Australia
KNY	Kinoosao	Kinoosao	Canada
KNZ	Kenieba	Kenieba	Mali
KOA	Kona International Airport	Kona	United States
KOC	Koumac	Koumac	New Caledonia
KOD	Kotabangun	Kotabangun	Indonesia
KOE	Eltari	Kupang	East Timor
KOF	Komatipoort	Komatipoort	South Africa
KOG	Khong	Khong	Laos
KOH	Koolatah	Koolatah	Australia
KOI	Orkney Island	Orkney Island	United Kingdom
KOJ	Kagoshima	Kagoshima	Japan
KOK	Kruunupyy	Kokkola	Finland
KOM	Komo-Manda	Komo-Manda	Papua New Guinea
KON	Kontum	Kontum	Vietnam
KOO	Kongolo	Kongolo	Democratic Republic of the Congo
KOP	Nakhon Phanom	Nakhon Phanom	Thailand
KOQ	Koethen	Koethen	Germany
KOR	Kokoro	Kokoro	Papua New Guinea
KOS	Sihanoukville	Sihanoukville	Cambodia
KOT	Kotlik	Kotlik	United States
KOU	Koulamoutou	Koulamoutou	Gabon
KOV	Kokshetau	Kokshetau	Kazakhstan
KOW	Ganzhou	Ganzhou	China
KOX	Kokonao	Kokonao	Indonesia
KOY	Olga Bay SPB	Olga Bay	United States
KOZ	Ouzinkie SPB	Ouzinkie	United States
KPA	Kopiago	Kopiago	Papua New Guinea
KPB	Point Baker SPB	Point Baker	United States
KPC	Port Clarence	Port Clarence	United States
KPD	King Of Prussia	King Of Prussia	United States
KPE	Yapsiei	Yapsiei	Papua New Guinea
KPF	Kondubol	Kondubol	Papua New Guinea
KPG	Kurupung	Kurupung	Guyana
KPH	Pauloff Harbor SPB	Pauloff Harbor	United States
KPI	Kapit	Kapit	Malaysia
KPK	Parks SPB	Parks	United States
KPL	Kapal	Kapal	Papua New Guinea
KPM	Kompiam	Kompiam	Papua New Guinea
KPN	Kipnuk SPB	Kipnuk	United States
KPO	Pohang	Pohang	South Korea
KPP	Kalpowar	Kalpowar	Australia
KPR	Port Williams SPB	Port Williams	United States
KPS	Kempsey	Kempsey	Australia
KPT	Jackpot	Jackpot	United States
KPV	Perryville SPB	Perryville	United States
KPY	Port Bailey SPB	Port Bailey	United States
KQA	Akutan	Akutan	United States
KQL	Kol	Kol	Papua New Guinea
KQT	Kurgan Tube	Qurghonteppa	Tajikistan
KRA	Kerang	Kerang	Australia
KRB	Karumba	Karumba	Australia
KRC	Kerinci	Kerinci	Indonesia
KRD	Kurundi	Kurundi	Australia
KRE	Kirundo	Kirundo	Burundi
KRF	Kramfors	Kramfors	Sweden
KRG	Karasabai	Karasabai	Guyana
KRI	Kikori	Kikori	Papua New Guinea
KRJ	Karawari	Karawari	Papua New Guinea
KRK	John Paul II Balice International	Krakow	Poland
KRL	Korla	Korla	China
KRM	Karanambo	Karanambo	Guyana
KRN	Kiruna	Kiruna	Sweden
KRO	Kurgan	Kurgan	Russia
KRP	Karup	Karup	Denmark
KRQ	Kramatorsk	Kramatorsk	Ukraine
KRR	Pashkovsky	Krasnodar	Russia
KRS	Kjevik	Kristiansand	Norway
KRT	Civil	Khartoum	Sudan
KRU	Kerau	Kerau	Papua New Guinea
KRV	Kerio Valley	Kerio Valley	Kenya
KRW	Turkmanbashi	Turkmenbashi	Turkmenistan
KRX	Kar Kar	Kar Kar	Papua New Guinea
KRY	Karamay	Karamay	China
KRZ	Kiri	Kiri	Democratic Republic of the Congo
KSA	Kosrae	Kosrae	Micronesia
KSB	Kasanombe	Kasanombe	Papua New Guinea
KSC	Barca	Kosice	Slovakia
KSD	Karlstad	Karlstad	Sweden
KSE	Kasese	Kasese	Uganda
KSF	Kassel-Calden	Kassel	Germany
KSH	Kermanshah	Kermanshah	Iran
KSI	Kissidougou	Kissidougou	Guinea
KSJ	Kasos Island	Kasos Island	Greece
KSK	Karlskoga	Karlskoga	Sweden
KSL	Kassala	Kassala	Sudan
KSM	Saint Marys	Saint Marys	United States
KSN	Kostanay	Kostanay	Kazakhstan
KSO	Aristoteles Airport	Kastoria	Greece
KSP	Kosipe	Kosipe	Papua New Guinea
KSQ	Karshi	Karshi	Uzbekistan
KSR	Federal No 1	Sandy River	United States
KSS	Sikasso	Sikasso	Mali
KST	Kosti	Kosti	Sudan
KSU	Kvernberget	Kristiansand	Norway
KSV	Springvale	Springvale	Australia
KSW	Kiryat Shmona	Kiryat Shmona	Israel
KSX	Yasuru	Yasuru	Papua New Guinea
KSY	Kars	Kars	Turkey
KSZ	Kotlas	Kotlas	Russia
KTA	Karratha	Karratha	Australia
KTB	Thorne Bay	Thorne Bay	United States
KTC	Katiola	Katiola	Ivory Coast
KTD	Kitadaito	Kitadaito	Japan
KTE	Kerteh	Kerteh	Malaysia
KTF	Takaka	Takaka	New Zealand
KTG	Ketapang	Ketapang	Indonesia
KTH	SPB	Tikchik	United States
KTI	Techo International Airport	Phnom Penh	Cambodia
KTL	Kitale	Kitale	Kenya
KTM	Tribhuvan International	Kathmandu	Nepal
KTN	International	Ketchikan	United States
KTO	Kato	Kato	Guyana
KTP	Tinson	Kingston	Jamaica
KTQ	Kitee	Kitee	Finland
KTR	Tindal	Katherine	Australia
KTS	Brevig Mission	Teller Mission	United States
KTT	Kittila	Kittila	Finland
KTU	Kota	Kota	India
KTV	Kamarata	Kamarata	Venezuela
KTW	Pyrzowice	Katowice	Poland
KTX	Koutiala	Koutiala	Mali
KTY	Katukurunda Slaf Base	Katukurunda	Sri Lanka
KUA	Kuantan	Kuantan	Malaysia
KUC	Kuria	Kuria	Kiribati
KUD	Kudat	Kudat	Malaysia
KUE	Kukundu	Kukundu	Solomon Islands
KUF	Kurumoch International	Samara	Russia
KUG	Kubin Island	Kubin Island	Australia
KUH	Kushiro	Kushiro	Japan
KUI	Kawau Island	Kawau Island	New Zealand
KUJ	Kushimoto	Kushimoto	Japan
KUK	Kasigluk	Kasigluk	United States
KUL	Kuala Lumpur International Airport	Kuala Lumpur	Malaysia
KUM	Yakushima	Yakushima	Japan
KUN	Kaunas	Kaunas	Lithuania
KUO	Kuopio	Kuopio	Finland
KUP	Kupiano	Kupiano	Papua New Guinea
KUQ	Kuri	Kuri	Papua New Guinea
KUR	Kuran-O-Munjan	Kuran-O-Munjan	Afghanistan
KUS	Kulusuk	Kulusuk	Greenland
KUT	Kopitnari	Kutaisi	Georgia
KUV	Gunsan	Gunsan	South Korea
KUW	Kugururok River	Kugururok River	United States
KUX	Kuyol	Kuyol	Papua New Guinea
KUY	Kamusi Airport	Kamusi	Papua New Guinea
KUZ	Gunsan Airbase	Gunsan AB	South Korea
KVA	Megas Alexandros International	Kavala	Greece
KVB	Skovde	Skovde	Sweden
KVC	King Cove	King Cove	United States
KVD	Gyandzha	Gyandzha	Azerbaijan
KVE	Kitava	Kitava	Papua New Guinea
KVG	Kavieng	Kavieng	Papua New Guinea
KVK	Khibiny	Kirovsk	Russia
KVL	Kivalina	Kivalina	United States
KVR	Kavalerovo	Kavalerovo	Russia
KVU	Korolevu	Korolevu	Fiji
KVX	Pobedilovo	Kirov	Russia
KWA	Kwajalein	Kwajalein	Marshall Islands
KWB	Karimunjawa	Karimunjawa	Indonesia
KWD	Kawadjia	Kawadjia	Central African Republic
KWE	Longdongbao International	Guiyang	China
KWF	Waterfall SPB	Waterfall	United States
KWG	Krivoy Rog	Krivoy Rog	Ukraine
KWH	Khwahan	Khwahan	Afghanistan
KWI	Kuwait International	Kuwait City	Kuwait
KWJ	Gwangju	Gwangju	South Korea
KWK	Kwigillingok	Kwigillingok	United States
KWL	Guilin	Guilin	China
KWM	Kowanyama	Kowanyama	Australia
KWN	Kwinhagak	Quinhagak	United States
KWO	Kawito	Kawito	Papua New Guinea
KWP	Village SPB	West Point	United States
KWR	Kwai Harbour	Kwai Harbour	Solomon Islands
KWS	Kwailabesi Aerodrom	Kwailabesi	Solomon Islands
KWT	Kwethluk	Kwethluk	United States
KWU	Mansion House	Mansion House	New Zealand
KWY	Kiwayu	Kiwayu	Kenya
KWZ	Kolwezi	Kolwezi	Democratic Republic of the Congo
KXA	Kasaan SPB	Kasaan	United States
KXE	Klerksdorp	Klerksdorp	South Africa
KXF	Koro Island	Koro Island	Fiji
KXK	Komsomolsk Na Amure	Komsomolsk Na Amure	Russia
KXU	Katiu	Katiu	French Polynesia
KYA	Konya	Konya	Turkey
KYD	Orchid Island	Orchid Island	Taiwan
KYE	Kleyate	Tripoli	Lebanon
KYF	Yeelirrie	Yeelirrie	Australia
KYI	Yalata Mission	Yalata Mission	Australia
KYK	Karluk	Karluk	United States
KYN	Milton Keynes	Milton Keynes	United Kingdom
KYO	Topp Of Tampa	Tampa	United States
KYP	Kyaukpyu	Kyaukpyu	Myanmar
KYS	Kayes	Kayes	Mali
KYT	Kyauktaw	Kyauktaw	Myanmar
KYU	Koyukuk	Koyukuk	United States
KYX	Yalumet	Yalumet	Papua New Guinea
KYY	Karamay Bus Station	Karamay	China
KYZ	Kyzyl	Kyzyl	Russia
KZB	Zachar Bay SPB	Zachar Bay	United States
KZC	Kompong-Chhna	Kompong-Chhna	Cambodia
KZD	Krakor	Krakor	Cambodia
KZF	Kaintiba	Kaintiba	Papua New Guinea
KZG	Kitzingen	Kitzingen	Germany
KZH	Kizhuyak	Kizhuyak	United States
KZI	Philippos Airport	Kozani	Greece
KZN	Kazan	Kazan	Russia
KZO	Kzyl-Orda	Kzyl-Orda	Kazakhstan
KZR	Zafer	Kutahya	Turkey
KZS	Kastelorizo	Kastelorizo	Greece
LAA	Lamar Field	Lamar	United States
LAB	Lablab	Lablab	Papua New Guinea
LAC	Layang-Layang Airstrip	Pulau Layang-Layang Island	Malaysia
LAD	4 de Fevereiro	Luanda	Angola
LAE	Nadzab	Lae	Papua New Guinea
LAF	Purdue University	Lafayette	United States
LAG	La Guaira	La Guaira	Venezuela
LAH	Labuha	Labuha	Indonesia
LAI	Servel	Lannion	France
LAJ	Lages	Lages	Brazil
LAK	Aklavik	Aklavik	Canada
LAL	Municipal	Lakeland	United States
LAM	Los Alamos	Los Alamos	United States
LAN	Capital City	Lansing	United States
LAO	Laoag International Airport	Laoag	Philippines
LAP	General Manuel Marquez de Leon International Airport	La Paz	Mexico
LAQ	La Braq	Beida	Libya
LAR	General Brees Field	Laramie	United States
LAS	Mc Carran International	Las Vegas	United States
LAT	La Uribe	La Uribe	Colombia
LAU	Lamu	Lamu	Kenya
LAV	Lalomalava	Lalomalava	Samoa
LAW	Municipal	Lawton	United States
LAX	Los Angeles International	Los Angeles	United States
LAY	Ladysmith	Ladysmith	South Africa
LAZ	Bom Jesus Da Lapa	Bom Jesus Da Lapa	Brazil
LBA	Leeds/bradford	Leeds	United Kingdom
LBB	Lubbock Preston Smith International	Lubbock	United States
LBC	Luebeck Blankensee	Hamburg	Germany
LBD	Khudzhand	Khudzhand	Tajikistan
LBE	Westmoreland County	Latrobe	United States
LBF	Lee Bird Field	North Platte	United States
LBG	Le Bourget	Paris	France
LBH	Palm Beach SPB	Sydney	Australia
LBI	Le Sequestre	Albi	France
LBJ	Mutiara	Labuan Bajo	Indonesia
LBK	Liboi	Liboi	Kenya
LBL	Municipal	Liberal	United States
LBM	Luabo	Luabo	Mozambique
LBN	Lake Baringo	Lake Baringo	Kenya
LBO	Lusambo	Lusambo	Democratic Republic of the Congo
LBP	Long Banga Airfield	Long Banga	Malaysia
LBQ	Lambarene	Lambarene	Gabon
LBR	Labrea	Labrea	Brazil
LBS	Labasa	Labasa	Fiji
LBT	Lumberton	Lumberton	United States
LBU	Labuan	Labuan	Malaysia
LBV	Leon M'ba International	Libreville	Gabon
LBW	Long Bawan	Long Bawan	Indonesia
LBX	Lubang	Lubang	Philippines
LBY	Montoir	La Baule-Escoublac	France
LBZ	Lukapa	Lukapa	Angola
LCA	Larnaca	Larnaca	Cyprus
LCB	Pontes e Lacerda	Pontes e Lacerda	Brazil
LCC	Galatina	Lecce	Italy
LCD	Louis Trichardt	Louis Trichardt	South Africa
LCE	Goloson International	La Ceiba	Honduras
LCF	Las Vegas	Rio Dulce	Guatemala
LCG	A Coruna Airport	La Coruna	Spain
LCH	Municipal	Lake Charles	United States
LCI	Municipal	Laconia	United States
LCJ	Lodz Lublinek	Lodz	Poland
LCK	Rickenbacker	Columbus	United States
LCL	La Coloma	La Coloma	Cuba
LCM	La Cumbre	La Cumbre	Argentina
LCN	Balcanoona	Balcanoona	Australia
LCO	Lague	Lague	Republic of the Congo
LCP	Loncopue	Loncopue	Argentina
LCQ	Lake City	Lake City	United States
LCR	La Chorrera	La Chorrera	Colombia
LCS	Las Canas	Las Canas	Costa Rica
LCV	Lucca	Lucca	Italy
LCX	Liancheng	Longyan	China
LCY	London City Airport	London	United Kingdom
LCZ	Lecce Railway Station	Lecce	Italy
LDA	Malda	Malda	India
LDB	Londrina	Londrina	Brazil
LDC	Lindeman Island	Lindeman Island	Australia
LDE	Tarbes Ossun Lourdes	Lourdes	France
LDG	Leshukonskoye	Leshukonskoye	Russia
LDH	Lord Howe Island	Lord Howe Island	Australia
LDI	Kikwetu	Lindi	Tanzania
LDJ	Linden	Linden	United States
LDK	Hovby	Lidkoping	Sweden
LDM	Mason County	Ludington	United States
LDN	Lamidanda	Lamidanda	Nepal
LDO	Ladouanie	Ladouanie	Suriname
LDR	Lodar	Lodar	Yemen
LDS	Lindu	Yichun	China
LDU	Lahad Datu	Lahad Datu	Malaysia
LDV	Landivisiau	Landivisiau	France
LDW	Lansdowne	Lansdowne	Australia
LDX	St-Laurent du Maroni	St Laurent du Maroni	French Guiana
LDY	Eglinton (City of Derry)	Derry	United Kingdom
LDZ	Londolozi	Londolozi	South Africa
LEA	Learmonth	Learmonth	Australia
LEB	White River	White River	United States
LEC	Chapada Diamantina	Lencois	Brazil
LED	Pulkovo	Saint Petersburg	Russia
LEE	Leesburg	Leesburg	United States
LEF	Lebakeng	Lebakeng	Lesotho
LEG	Aleg	Aleg	Mauritania
LEH	Octeville	Le Havre	France
LEI	Almeria	Almeria	Spain
LEJ	Halle	Leipzig-Halle	Germany
LEK	Labe	Labe	Guinea
LEL	Lake Evella	Lake Evella	Australia
LEM	Lemmon	Lemmon	United States
LEN	Leon	Leon	Spain
LEO	Leconi	Leconi	Gabon
LEP	Leopoldina	Leopoldina	Brazil
LEQ	Lands End	Lands End	United Kingdom
LER	Leinster	Leinster	Australia
LES	Lesobeng	Lesobeng	Lesotho
LET	Gen. A.V. Cobo	Leticia	Colombia
LEU	Seo de Urgel	Seo de Urgel	Spain
LEV	Levuka Airfield	Bureta	Fiji
LEW	Auburn	Lewiston	United States
LEX	Blue Grass	Lexington	United States
LEY	Lelystad	Lelystad	Netherlands
LEZ	La Esperanza	La Esperanza	Honduras
LFB	Lumbo	Lumbo	Mozambique
LFI	Langley AFB	Newport News	United States
LFK	Lufkin Angelina County	Nacogdoches	United States
LFM	Lamerd	Lamerd	Iran
LFN	Franklin	Louisburg	United States
LFO	Kelafo	Kelafo	Ethiopia
LFP	Lakefield	Lakefield	Australia
LFR	La Fria	La Fria	Venezuela
LFT	Lafayette Regional	Lafayette	United States
LFW	Lome	Lome	Togo
LGA	La Guardia	New York	United States
LGB	Long Beach Municipal	Long Beach	United States
LGC	Calloway	La Grange	United States
LGD	La Grande	La Grande	United States
LGE	Lake Gregory	Lake Gregory	Australia
LGF	Laguna AAF	Yuma	United States
LGG	Liege Airport	Liege	Belgium
LGH	Leigh Creek	Leigh Creek	Australia
LGI	Deadmans Cay	Long Island	Bahamas
LGJ	Lugoj Bus Station	Lugoj	Romania
LGK	Langakawi International	Langkawi	Malaysia
LGL	Long Lellang	Long Lellang	Malaysia
LGN	Linga Linga	Linga Linga	Papua New Guinea
LGO	Langeoog	Langeoog	Germany
LGP	Legazpi	Legazpi	Philippines
LGQ	Lago Agrio	Lago Agrio	Ecuador
LGR	Cochrane	Cochrane	Chile
LGS	Malargue	Malargue	Argentina
LGT	Las Gaviotas	Las Gaviotas	Colombia
LGU	Cache	Logan	United States
LGW	Gatwick	London	United Kingdom
LGX	Lugh Ganane	Lugh Ganane	Somalia
LGY	Lagunillas	Lagunillas	Venezuela
LGZ	Leguizamo	Leguizamo	Colombia
LHA	Black Forest	Lahr	Germany
LHB	Lost Harbor Sea Port	Lost Harbor	United States
LHE	Alama Iqbal International	Lahore	Pakistan
LHG	Lightning Ridge	Lightning Ridge	Australia
LHI	Lereh	Lereh	Indonesia
LHK	Guanghua	Guanghua	China
LHN	Lishan	Lishan	Taiwan
LHP	Lehu	Lehu	Papua New Guinea
LHR	Heathrow	London	United Kingdom
LHS	Las Heras	Las Heras	Argentina
LHU	Lianshulu	Caprivi	Namibia
LHV	W T Piper Memorial	Lock Haven	United States
LHW	Lanzhou Zhongchuan International Airport	Lanzhou	China
LIA	Liangping	Liangping	China
LIB	Limbunya	Limbunya	Australia
LIC	Municipal	Limon	United States
LIE	Libenge	Libenge	Democratic Republic of the Congo
LIF	Lifou	Lifou	New Caledonia
LIG	Bellegarde	Limoges	France
LIH	Lihue	Lihue	United States
LII	Mulia	Mulia	Indonesia
LIJ	Long Island	Long Island	United States
LIK	Likiep Island	Likiep Island	Marshall Islands
LIL	Lesquin	Lille	France
LIM	Jorge Chavez International	Lima	Peru
LIN	Linate	Milan	Italy
LIO	Limon International Airport	Limon	Costa Rica
LIP	Lins	Lins	Brazil
LIQ	Lisala	Lisala	Democratic Republic of the Congo
LIR	Daniel Oduber International	Liberia	Costa Rica
LIS	Lisbon Portela	Lisbon	Portugal
LIT	Adams Field Airport	Little Rock	United States
LIV	Livengood	Livengood	United States
LIW	Loikaw	Loikaw	Myanmar
LIX	Likoma	Likoma Island	Malawi
LIY	Wright AAF	Hinesville	United States
LIZ	Loring AFB	Limestone	United States
LJA	Lodja	Lodja	Democratic Republic of the Congo
LJC	Intercontinental	Louisville	United States
LJG	Lijiang	Lijiang City	China
LJN	Brazoria County	Lake Jackson	United States
LJU	Brnik	Ljubljana	Slovenia
LKA	Larantuka	Larantuka	Indonesia
LKB	Lakeba	Lakeba	Fiji
LKC	Lekana	Lekana	Republic of the Congo
LKD	Lakeland Downs	Lakeland Downs	Australia
LKE	Kenmore Air Harbor SPB	Seattle	United States
LKG	Lokichoggio	Lokichoggio	Kenya
LKH	Long Akah	Long Akah	Malaysia
LKI	Lakeside USAF	Duluth	United States
LKK	Kulik Lake	Kulik Lake	United States
LKL	Banak	Lakselv	Norway
LKN	Leknes	Leknes	Norway
LKO	Chaudhary Charan Singh	Lucknow	India
LKP	Lake Placid	Lake Placid	United States
LKR	Las Khoreh	Las Khoreh	Somalia
LKS	Lakeside	Lakeside	United States
LKU	Lake Rudolf	Lake Rudolf	Kenya
LKV	Lake County	Lakeview	United States
LKW	Lekhwair	Lekhwair	Oman
LKY	Lake Manyara	Lake Manyara	Tanzania
LKZ	RAF Lakenheath	Brandon	United Kingdom
LLA	Kallax	Lulea	Sweden
LLB	Libo	Libo	China
LLE	Malelane	Malelane	South Africa
LLF	LingLing	Lingling	China
LLG	Chillagoe	Chillagoe	Australia
LLH	Las Limas	Las Limas	Honduras
LLI	Lalibela	Lalibela	Ethiopia
LLK	Lankaran	Lankaran	Azerbaijan
LLL	Lissadell	Lissadell	Australia
LLM	Long Lama	Long Lama	Malaysia
LLN	Kelila	Kelila	Indonesia
LLP	Linda Downs	Linda Downs	Australia
LLS	Las Lomitas	Las Lomitas	Argentina
LLT	Lobito	Lobito	Angola
LLU	Alluitsup Paa	Alluitsup Paa	Greenland
LLW	Kumuzu International Airport	Lilongwe	Malawi
LLX	Lyndonville	Lyndonville	United States
LLY	Burlington County	Mount Holly	United States
LMA	Lake Minchumina	Lake Minchumina	United States
LMB	Salima	Salima	Malawi
LMC	Lamacarena	Lamacarena	Colombia
LMD	Los Menucos	Los Menucos	Argentina
LME	Arnage	Le Mans	France
LMG	Lamassa	Lamassa	Papua New Guinea
LMH	Limon	Limon	Honduras
LMI	Lumi	Lumi	Papua New Guinea
LMJ	Tokyo Bus Station	Tokyo	Japan
LML	Lae Island	Lae Island	Marshall Islands
LMM	Federal (Valle Del Fuerte)	Los Mochis	Mexico
LMN	Limbang	Limbang	Malaysia
LMO	RAF Station	Lossiemouth	United Kingdom
LMP	Lampedusa	Lampedusa	Italy
LMQ	Marsa Brega	Marsa Brega	Libya
LMR	Lime Acres	Lime Acres	South Africa
LMS	Winston County	Louisville	United States
LMT	Kingsley Field	Klamath Falls	United States
LMX	Lopez De Micay	Lopez De Micay	Colombia
LMY	Lake Murray	Lake Murray	Papua New Guinea
LMZ	Palma	Palma	Mozambique
LNA	Palm Beach County Park	West Palm Beach	United States
LNB	Lamen Bay	Lamen Bay	Vanuatu
LNC	Lengbati	Lengbati	Papua New Guinea
LND	Hunt Field	Lander	United States
LNE	Lonorore	Lonorore	Vanuatu
LNF	Munbil	Munbil	Papua New Guinea
LNG	Lese	Lese	Papua New Guinea
LNH	Lake Nash	Lake Nash	Australia
LNI	Dew Station	Lonely	United States
LNJ	Lincang	Lincang	China
LNK	Lincoln	Lincoln	United States
LNM	Langimar	Langimar	Papua New Guinea
LNN	Lost Nation	Willoughby	United States
LNO	Leonora	Leonora	Australia
LNP	Wise	Wise	United States
LNR	Tri County	Lone Rock	United States
LNS	Lancaster	Lancaster	United States
LNV	Lihir Island	Lihir Island	Papua New Guinea
LNX	Smolensk	Smolensk	Russia
LNY	Lanai City	Lanai City	United States
LNZ	Blue Danube	Linz	Austria
LOA	Lorraine	Lorraine	Australia
LOB	Los Andes	Los Andes	Chile
LOC	Lock	Lock	Australia
LOD	Longana	Longana	Vanuatu
LOE	Loei	Loei	Thailand
LOF	Loen	Loen	Marshall Islands
LOG	Longview	Longview	United States
LOH	Catamayo	Catamayo	Ecuador
LOI	Helmuth Baungartem	Lontras	Brazil
LOK	Lodwar	Lodwar	Kenya
LOL	Derby Field	Lovelock	United States
LOM	Francisco P. V. Y R.	Lagos De Moreno	Mexico
LOO	L'Mekrareg	Laghouat	Algeria
LOP	Lombok International	Praya	Indonesia
LOQ	Lobatse	Lobatse	Botswana
LOR	Lowe Army Heliport	Ozark	United States
LOS	Murtala Muhammed	Lagos	Nigeria
LOT	Lewis Lockport	Lockport	United States
LOU	Bowman Field Airport	Louisville	United States
LOV	Monclova	Monclova	Mexico
LOW	Louisa	Louisa	United States
LOX	Los Tablones Airport	Los Tablones	Guatemala
LOY	Loyangalani	Loyangalani	Kenya
LOZ	Corbin-london	London	United States
LPA	Gran Canaria	Las Palmas	Spain
LPB	El Alto	La Paz	Bolivia
LPC	Lompoc Airport	Lompoc	United States
LPD	La Pedrera	La Pedrera	Colombia
LPE	La Primavera	La Primavera	Colombia
LPG	La Plata	La Plata	Argentina
LPI	Linkoping	Linkoping	Sweden
LPJ	Pijiguaos	Pijiguaos	Venezuela
LPK	Lipetsk	Lipetsk	Russia
LPL	John Lennon	Liverpool	United Kingdom
LPM	Lamap	Lamap	Vanuatu
LPN	Leron Plains	Leron Plains	Papua New Guinea
LPO	Municipal	Laporte	United States
LPP	Lappeenranta	Lappeenranta	Finland
LPQ	Luang Prabang	Luang Prabang	Laos
LPS	Lopez Island	Lopez Island	United States
LPT	Lampang	Lampang	Thailand
LPU	Long Apung	Long Apung	Indonesia
LPW	Little Port Walter	Little Port Walter	United States
LPX	Liepaja	Liepaja	Latvia
LPY	Loudes	Le Puy	France
LQK	Pickens	Pickens	United States
LQM	Puerto Leguizamo	Puerto Leguizamo	Colombia
LQN	Qala Nau	Qala Nau	Afghanistan
LQS	Lingshui Railway Station	Lingshui	China
LRA	Larisa	Larisa	Greece
LRB	Leribe	Leribe	Lesotho
LRD	International	Laredo	United States
LRE	Longreach	Longreach	Australia
LRF	Little Rock AFB	Jacksonville	United States
LRG	Lora Lai	Lora Lai	Pakistan
LRH	Laleu	La Rochelle	France
LRI	Lorica	Lorica	Colombia
LRJ	Municipal	Lemars	United States
LRK	Coast Guard	Lincoln Rock	United States
LRL	Niamtougou	Niamtougou	Togo
LRM	Casa de Campo International	La Romana	Dominican Republic
LRN	Larson AFB	Moses Lake	United States
LRQ	Laurie River	Laurie River	Canada
LRR	Lar Airport	Lar	Iran
LRS	Leros	Leros	Greece
LRT	Lann Bihoue	Lorient	France
LRU	Municipal	Las Cruces	United States
LRV	Los Roques	Los Roques	Venezuela
LSA	Losuia	Losuia	Papua New Guinea
LSB	Lordsburg	Lordsburg	United States
LSC	La Florida	La Serena	Chile
LSD	Blue Grass Station Army Heliport	Lexington	United States
LSE	Municipal	La Crosse	United States
LSF	Lawson AAF	Fort Benning	United States
LSH	Lashio	Lashio	Myanmar
LSI	Sumburgh	Shetland Islands	United Kingdom
LSJ	Long Island	Long Island	Papua New Guinea
LSK	Lusk	Lusk	United States
LSL	Los Chiles	Los Chiles	Costa Rica
LSM	Lawas	Long Semado	Malaysia
LSN	Los Banos	Los Banos	United States
LSO	Talmont	Les Sables	France
LSP	Josefa Camejo	Las Piedras	Venezuela
LSQ	Los Angeles	Los Angeles	Chile
LSR	Lost River	Lost River	United States
LSS	Terre-de-Haut	Terre-de-Haut	Guadeloupe
LST	Launceston	Launceston	Australia
LSU	Long Sukang	Long Sukang	Malaysia
LSV	Nellis AFB	Las Vegas	United States
LSW	Lhoksumawe	Lhoksumawe	Indonesia
LSX	Lhok Sukon	Lhok Sukon	Indonesia
LSY	Lismore	Lismore	Australia
LSZ	Losinj Airport	Mali Losinj	Croatia
LTA	Letaba	Tzaneen	South Africa
LTB	Latrobe	Latrobe	Australia
LTC	Lai	Lai	Chad
LTD	Ghadames	Ghadames	Libya
LTF	Leitre	Leitre	Papua New Guinea
LTG	Langtang	Langtang	Nepal
LTI	Altai	Altai	Mongolia
LTK	Latakia	Latakia	Syria
LTL	Lastourville	Lastourville	Gabon
LTM	Lethem	Lethem	Guyana
LTN	Luton Airport	London	United Kingdom
LTO	Loreto	Loreto	Mexico
LTP	Lyndhurst	Lyndhurst	Australia
LTQ	Le Touquet	Le Touquet	France
LTR	Letterkenny	Letterkenny	Ireland
LTS	Altus AFB	Altus	United States
LTT	La Mole	Saint Tropez	France
LTU	Latur	Latur	India
LTV	Lotusvale	Lotusvale	Australia
LTW	St Marys County	Leonardtown	United States
LTX	Cotopaxi International	Latacunga	Ecuador
LTZ	Lamezia Terme Central Railway Station	Lamezia Terme	Italy
LUA	Lukla	Lukla	Nepal
LUB	Lumid Pau	Lumid Pau	Guyana
LUC	Laucala Island	Laucala Island	Fiji
LUD	Luderitz	Luderitz	Namibia
LUE	Lucenec	Lucenec	Slovakia
LUF	Luke AFB	Phoenix	United States
LUG	Lugano	Lugano	Switzerland
LUH	Ludhiana Sahnewal Airport	Ludhiana	India
LUI	La Union	La Union	Honduras
LUK	Cincinnati Municipal-Lunken Field	Covington	United States
LUL	Hesler-Noble Field	Laurel	United States
LUM	Mangshi	Mangshi	China
LUN	Lusaka	Lusaka	Zambia
LUO	Luena	Luena	Angola
LUP	Kalaupapa	Kalaupapa	United States
LUQ	San Luis	San Luis	Argentina
LUR	Cape Lisburne	Cape Lisburne	United States
LUS	Lusanga	Lusanga	Democratic Republic of the Congo
LUT	Laura Station	Laura Station	Australia
LUU	Laura	Laura	Australia
LUV	Langgur	Langgur	Indonesia
LUW	Bubung / Aminuddin Amir	Luwuk	Indonesia
LUX	Findel	Luxembourg	Luxembourg
LUZ	Lublin	Lublin	Poland
LVA	Entrammes	Laval	France
LVB	Dos Galpoes	Livramento	Brazil
LVD	Lime Village	Lime Village	United States
LVI	Livingstone	Livingstone	Zambia
LVK	Livermore	Livermore	United States
LVL	Lawrenceville	Lawrenceville	United States
LVM	Mission Field	Livingston	United States
LVO	Laverton	Laverton	Australia
LVP	Lavan	Lavan	Iran
LVR	Mun. Do Bom Futuro	Lucas Do Rio Verde	Brazil
LVS	Las Vegas	Las Vegas	United States
LWA	Lwbak	Lwbak	Philippines
LWB	Greenbrier Valley	Lewisburg	United States
LWC	Lawrence	Lawrence	United States
LWE	Lewoleba	Lewoleba	Indonesia
LWH	Lawn Hill	Lawn Hill	Australia
LWI	Lowai	Lowai	Papua New Guinea
LWK	Lerwick/Tingwall	Shetland Islands	United Kingdom
LWL	Harriet Field	Wells	United States
LWM	Lawrence	Lawrence	United States
LWN	Gyoumri	Gyoumri	Armenia
LWO	Snilow	Lviv	Ukraine
LWR	Leeuwarden	Leeuwarden	Netherlands
LWS	Nez Perce County Rgnl	Lewiston	United States
LWT	Municipal	Lewistown	United States
LWV	Municipal	Lawrenceville	United States
LWY	Lawas	Lawas	Malaysia
LXA	Gonggar/Lhasa	Gonggar	China
LXG	Luang Namtha	Luang Namtha	Laos
LXN	Lexington	Lexington	United States
LXR	Luxor	Luxor	Egypt
LXS	Limnos	Limnos	Greece
LXU	Lukulu	Lukulu	Zambia
LXV	Leadville	Leadville	United States
LYA	Luoyang	Luoyang	China
LYB	Little Cayman	Little Cayman	Cayman Islands
LYC	Lycksele	Lycksele	Sweden
LYE	RAF Station	Lyneham	United Kingdom
LYG	Lianyungang	Lianyungang	China
LYH	Preston-glenn Field	Lynchburg	United States
LYI	Linyi	Linyi	China
LYK	Lunyuk	Lunyuk	Indonesia
LYN	Bron	Lyon	France
LYO	Lyons-Rice County Municipal	Lyons	United States
LYP	Faisalabad	Faisalabad	Pakistan
LYR	Svalbard	Longyearbyen	Svalbard and Jan Mayen
LYS	St-Exupéry	Lyon	France
LYT	Lady Elliot Island	Lady Elliot Island	Australia
LYU	Ely	Ely	United States
LYX	London Ashford International (Ferryfield)	Lydd	United Kingdom
LZA	Luiza	Luiza	Democratic Republic of the Congo
LZC	Lazaro Cardenas	Lazaro Cardenas	Mexico
LZH	Liuzhou	Liuzhou	China
LZI	Luozi	Luozi	Democratic Republic of the Congo
LZM	Luzamba	Luzamba	Angola
LZN	Nangan	Nangan	Taiwan
LZO	Luzhou	Luzhou	China
LZR	Lizard Island	Lizard Island	Australia
LZU	Gwinnett County Airport	Lawrenceville	United States
LZY	Nyingchi	Lin Zhi	China
MAA	Madras International (Meenambakkam)	Chennai	India
MAB	Maraba	Maraba	Brazil
MAC	Smart	Macon	United States
MAD	Adolfo Suarez Madrid–Barajas Airport	Madrid	Spain
MAE	Madera	Madera	United States
MAF	Midland International	Midland	United States
MAG	Madang	Madang	Papua New Guinea
MAH	Menorca	Menorca	Spain
MAI	Mangochi	Mangochi	Malawi
MAJ	Amata Kabua International	Majuro	Marshall Islands
MAK	Malakal	Malakal	South Sudan
MAL	Mangole	Mangole	Indonesia
MAM	Matamoros	Matamoros	Mexico
MAN	Manchester	Manchester	United Kingdom
MAO	Eduardo Gomes International	Manaus	Brazil
MAP	Mamai	Mamai	Papua New Guinea
MAQ	Mae Sot	Mae Sot	Thailand
MAR	La Chinita	Maracaibo	Venezuela
MAS	Momote	Manus Island	Papua New Guinea
MAT	Matadi	Matadi	Democratic Republic of the Congo
MAU	Maupiti	Maupiti	French Polynesia
MAV	Maloelap Island	Maloelap Island	Marshall Islands
MAW	Malden	Malden	United States
MAX	Matam	Matam	Senegal
MAY	Mangrove Cay	Mangrove Cay	Bahamas
MAZ	Eugenio M De Hostos	Mayaguez	Puerto Rico
MBA	Moi International	Mombasa	Kenya
MBB	Marble Bar	Marble Bar	Australia
MBC	Mbigou	Mbigou	Gabon
MBD	Mafikeng International Airport	Mmabatho	South Africa
MBE	Monbetsu	Monbetsu	Japan
MBF	Mount Buffalo	Mount Buffalo	Australia
MBG	Mobridge	Mobridge	United States
MBH	Maryborough	Maryborough	Australia
MBI	Mbeya	Mbeya	Tanzania
MBJ	Sangster International	Montego Bay	Jamaica
MBK	Matupa	Matupa	Brazil
MBL	Blacker	Manistee	United States
MBM	Mkambati	Mkambati	South Africa
MBN	Mt Barnett	Mount Barnett	Australia
MBO	Mamburao	Mamburao	Philippines
MBP	Moyobamba	Moyobamba	Peru
MBQ	Mbarara	Mbarara	Uganda
MBR	Mbout	Mbout	Mauritania
MBS	MBS International	Saginaw	United States
MBT	Masbate	Masbate	Philippines
MBU	Mbambanakira	Mbambanakira	Solomon Islands
MBV	Masa	Masa	Papua New Guinea
MBW	Moorabbin	Melbourne	Australia
MBX	Maribor International Airport	Maribor	Slovenia
MBY	Moberly	Moberly	United States
MBZ	Maues	Maues	Brazil
MCA	Macenta	Macenta	Guinea
MCB	Pike County	Mccomb	United States
MCC	Mcclellan AFB	Sacramento	United States
MCD	Mackinac Island	Mackinac Island	United States
MCE	Merced Municipal Airport	Merced	United States
MCF	Mac Dill AFB	Tampa	United States
MCG	Mcgrath	Mcgrath	United States
MCH	Machala	Machala	Ecuador
MCI	Kansas City International Airport	Kansas City	United States
MCJ	Maicao	Maicao	Colombia
MCK	Mccook	Mccook	United States
MCL	Mt Mckinley	Mount Mckinley	United States
MCM	Fontvieille Heliport	Monte Carlo	Monaco
MCN	Lewis B Wilson	Macon	United States
MCO	Orlando International	Orlando	United States
MCP	Internacional	Macapa	Brazil
MCQ	Miskolc	Miskolc	Hungary
MCR	Melchor De Menco	Melchor De Menco	Guatemala
MCS	Monte Caseros	Monte Caseros	Argentina
MCT	Muscat International	Muscat	Oman
MCU	Gueret (Lepaud)	Montlucon	France
MCV	Mcarthur River	Mcarthur River	Australia
MCW	Mason City Municipal	Mason City	United States
MCX	Uytash	Makhachkala	Russia
MCY	Maroochydore	Sunshine Coast	Australia
MCZ	Palmares	Maceio	Brazil
MDA	Martindale Army Heliport	San Antonio	United States
MDB	Melinda	Melinda	Belize
MDC	Samratulangi	Manado	Indonesia
MDD	Airpark	Midland	United States
MDE	Jose Maria Cordova	Medellin	Colombia
MDF	Medford	Medford	United States
MDG	Mudanjiang	Mudanjiang	China
MDH	Southern Illinois	Carbondale	United States
MDI	Makurdi	Makurdi	Nigeria
MDJ	City-county	Madras	United States
MDK	Mbandaka	Mbandaka	Democratic Republic of the Congo
MDL	Mandalay International	Mandalay	Myanmar
MDM	Munduku	Munduku	Papua New Guinea
MDN	Madison Municipal	Madison	United States
MDO	Intermediate	Middleton Island	United States
MDP	Mindiptana	Mindiptana	Indonesia
MDQ	Mar Del Plata	Mar Del Plata	Argentina
MDR	Medfra	Medfra	United States
MDS	Middle Caicos	Middle Caicos	Turks and Caicos Islands
MDT	Harrisburg International	Harrisburg	United States
MDU	Mendi	Mendi	Papua New Guinea
MDV	Medouneu	Medouneu	Gabon
MDW	Midway	Chicago	United States
MDX	Mercedes	Mercedes	Argentina
MDY	Sand Island Field	Midway Island	United States Minor Outlying Islands
MDZ	El Plumerillo	Mendoza	Argentina
MEA	Macae	Macae	Brazil
MEB	Essendon	Melbourne	Australia
MEC	Manta	Manta	Ecuador
MED	Mohammad Bin Abdulaziz	Madinah	Saudi Arabia
MEE	Mare	Mare	New Caledonia
MEF	Melfi	Melfi	Chad
MEG	Malange	Melanje	Angola
MEH	Mehamn	Mehamn	Norway
MEI	Key Field	Meridian	United States
MEJ	Meadville	Meadville	United States
MEK	Meknes	Meknes	Morocco
MEL	Melbourne Airport	Melbourne	Australia
MEM	Memphis International	Memphis	United States
MEN	Brenoux	Mende	France
MEO	Dare County Regional	Manteo	United States
MEP	Mersing	Mersing	Malaysia
MEQ	Seunagan	Meulaboh	Indonesia
MER	Castle AFB	Merced	United States
MES	Polonia	Medan	Indonesia
MET	Moreton	Moreton	Australia
MEU	Monte Dourado	Monte Dourado	Brazil
MEV	Douglas County	Minden	United States
MEW	Mweka	Mweka	Democratic Republic of the Congo
MEX	Internacional Benito Juarez	Mexico City	Mexico
MEY	Meghauli	Meghauli	Nepal
MEZ	Messina	Messina	South Africa
MFA	Mafia	Mafia	Tanzania
MFB	Monfort	Monfort	Colombia
MFC	Mafeteng	Mafeteng	Lesotho
MFD	Lahm Municipal	Mansfield	United States
MFE	Mc Allen Miller International	Mc Allen	United States
MFF	Moanda	Moanda	Gabon
MFG	Muzaffarabad	Muzaffarabad	Pakistan
MFH	Mesquite	Mesquite	United States
MFI	Municipal	Marshfield	United States
MFJ	Moala	Moala	Fiji
MFK	Matsu	Matsu	Taiwan
MFL	Mount Full Stop	Mount Full Stop	Australia
MFM	Macau International	Macau	Macao
MFN	Milford Sound	Milford Sound	New Zealand
MFO	Manguna	Manguna	Papua New Guinea
MFP	Manners Creek	Manners Creek	Australia
MFQ	Maradi	Maradi	Niger
MFR	Rogue Valley International - Medford Airport	Medford	United States
MFS	Miraflores	Miraflores	Colombia
MFT	Machu Picchu	Machu Picchu	Peru
MFU	Mfuwe	Mfuwe	Zambia
MFV	Accomack County	Melfa	United States
MFX	Meribel	Meribel	France
MFY	Mayfa'ah	Mayfa'ah	Yemen
MFZ	Mesalia	Mesalia	Papua New Guinea
MGA	Augusto C Sandino	Managua	Nicaragua
MGB	Mount Gambier	Mount Gambier	Australia
MGC	Michigan City Airport	Michigan City	United States
MGD	Magdalena	Magdalena	Bolivia
MGE	Dobbins AFB	Marietta	United States
MGF	Silvio Name Jr.	Maringa	Brazil
MGH	Margate	Margate	South Africa
MGJ	Orange County	Montgomery	United States
MGK	Mong Ton	Mong Ton	Myanmar
MGL	Moenchen-gl. - Dus Exp	Dusseldorf	Germany
MGM	Dannelly Field	Montgomery	United States
MGN	Baracoa	Magangue	Colombia
MGO	Manega	Manega	Gabon
MGP	Manga	Manga	Papua New Guinea
MGQ	Mogadishu International Airport	Mogadishu	Somalia
MGR	Moultrie Municipal	Moultrie	United States
MGS	Mangaia Island	Mangaia Island	Cook Islands
MGT	Milingimbi	Milingimbi	Australia
MGU	Manaung	Manaung	Myanmar
MGV	Margaret River	Margaret River Station	Australia
MGW	Morgantown	Morgantown	United States
MGX	Moabi	Moabi	Gabon
MGY	Dayton-Wright Brothers Airport	Dayton	United States
MGZ	Myeik	Myeik	Myanmar
MHA	Mahdia	Mahdia	Guyana
MHB	Mechanics Bay	Auckland	New Zealand
MHC	Macmahon Camp 4	Castro	Chile
MHD	Mashad	Mashad	Iran
MHE	Municipal	Mitchell	United States
MHF	Morichal	Morichal	Colombia
MHG	Mannheim Airport	Mannheim	Germany
MHH	International	Marsh Harbour	Bahamas
MHI	Musha	Musha	Djibouti
MHK	Municipal	Manhattan	United States
MHL	Memorial Municipal	Marshall	United States
MHM	Intermediate	Minchumina	United States
MHN	Mullen	Mullen	United States
MHO	Mount House	Mount House	Australia
MHP	Minsk International 1	Minsk	Belarus
MHQ	Mariehamn	Mariehamn	Aland Islands
MHR	Sacramento Mather Airport	Sacramento	United States
MHS	Dunsmuir Municipal	Mount Shasta	United States
MHT	Manchester-boston Regional Airport	Manchester	United States
MHU	Mount Hotham	Mount Hotham	Australia
MHV	Kern County	Mojave	United States
MHW	Monteagudo	Monteagudo	Bolivia
MHX	Manihiki Island	Manihiki Island	Cook Islands
MHY	Morehead	Morehead	Papua New Guinea
MHZ	Mildenhall Airport	Mildenhall	United Kingdom
MIA	Miami International Airport	Miami	United States
MIB	Minot AFB	Minot	United States
MIC	Crystal	Minneapolis	United States
MID	Rejon	Merida	Mexico
MIE	Delaware County	Muncie	United States
MIF	Roy Hurd Memorial	Monahans	United States
MIG	Mian Yang	Mian Yang	China
MIH	Mitchell Plateau	Mitchell Plateau	Australia
MII	Dr Gastao Vidigal	Marilia	Brazil
MIJ	Mili Island	Mili Island	Marshall Islands
MIK	Mikkeli	Mikkeli	Finland
MIM	Merimbula	Merimbula	Australia
MIN	Minnipa	Minnipa	Australia
MIO	Miami	Miami	United States
MIP	Mitspeh Ramon	Mitspeh Ramon	Israel
MIQ	Millard	Omaha	United States
MIR	Habib Bourguiba	Monastir	Tunisia
MIS	Misima Island	Misima Island	Papua New Guinea
MIT	Kern County	Shafter	United States
MIU	Maiduguri	Maiduguri	Nigeria
MIV	Millville	Millville	United States
MIW	Municipal	Marshalltown	United States
MIX	Miriti	Miriti	Colombia
MIY	Mittiebah	Mittiebah	Australia
MIZ	Mainoru	Mainoru	Australia
MJA	Manja	Manja	Madagascar
MJB	Mejit Island	Mejit Island	Marshall Islands
MJC	Man	Man	Ivory Coast
MJD	Mohenjodaro	Mohenjodaro	Pakistan
MJE	Majkin	Majkin	Marshall Islands
MJF	Kjaerstad	Mosjoen	Norway
MJG	Mayajigua	Mayajigua	Cuba
MJI	Mitiga	Tripoli	Libya
MJJ	Moki	Moki	Papua New Guinea
MJK	Shark Bay	Monkey Mia	Australia
MJL	Mouila	Mouila	Gabon
MJM	Mbuji-Mayi	Mbuji-Mayi	Democratic Republic of the Congo
MJN	Amborovy	Majunga	Madagascar
MJO	Mount Etjo Lodge	Mount Etjo Lodge	Namibia
MJP	Manjimup	Manjimup	Australia
MJQ	Jackson	Jackson	United States
MJR	Miramar	Miramar	Argentina
MJS	Maganja Da Costa	Maganja Da Costa	Mozambique
MJT	Mytilene International Airport	Mytilene	Greece
MJU	Mamuju	Mamuju	Indonesia
MJV	San Javier	Murcia	Spain
MJW	Mahenye	Mahenye	Zimbabwe
MJX	Robert J. Miller	Toms River	United States
MJY	Mangunjaya	Mangunjaya	Indonesia
MJZ	Mirnyj	Mirnyj	Russia
MKA	Marianske Lazne	Marianske Lazne	Czech Republic
MKB	Mekambo	Mekambo	Gabon
MKC	Downtown	Kansas City	United States
MKE	General Mitchell International	Milwaukee	United States
MKF	Mckenna AAF	Columbus	United States
MKG	Muskegon	Muskegon	United States
MKH	Mokhotlong	Mokhotlong	Lesotho
MKI	Mboki	Obo	Central African Republic
MKJ	Makoua	Makoua	Republic of the Congo
MKK	Molokai	Hoolehua	United States
MKL	Mc Kellar-Sipes Regional	Jackson	United States
MKM	Mukah	Mukah	Malaysia
MKN	Malekolon	Malekolon	Papua New Guinea
MKO	Davis Field	Muskogee	United States
MKP	Makemo	Makemo	French Polynesia
MKQ	Mopah	Merauke	Indonesia
MKR	Meekatharra	Meekatharra	Australia
MKS	Mekane Selam	Mekane Selam	Ethiopia
MKT	Municipal	Mankato	United States
MKU	Makokou	Makokou	Gabon
MKV	Mt Cavenagh	Mount Cavenagh	Australia
MKW	Rendani	Manokwari	Indonesia
MKY	Mackay	Mackay	Australia
MKZ	Batu Berendam	Malacca	Malaysia
MLA	Malta International	Gudja	Malta
MLB	Melbourne International Airport	Melbourne	United States
MLC	Mc Alester	Mc Alester	United States
MLD	Malad City	Malad City	United States
MLE	Male International Airport	Male	Maldives
MLF	Milford	Milford	United States
MLG	Abdul Rahman Saleh	Malang	Indonesia
MLH	Euroairport France	Mulhouse	Switzerland
MLI	Quad-City	Moline	United States
MLJ	Baldwin County	Milledgeville	United States
MLK	Malta	Malta	United States
MLL	Marshall	Marshall	United States
MLM	Francisco J. Mujica Internacional	Morelia	Mexico
MLN	Melilla	Melilla	Spain
MLO	Milos	Milos	Greece
MLP	Malabang	Malabang	Philippines
MLQ	Malalaua	Malalaua	Papua New Guinea
MLR	Millicent	Millicent	Australia
MLS	Municipal	Miles City	United States
MLT	Millinocket	Millinocket	United States
MLU	Municipal	Monroe	United States
MLV	Merluna	Merluna	Australia
MLW	Sprigg Payne	Monrovia	Liberia
MLX	Malatya	Malatya	Turkey
MLY	Manley Hot Springs	Manley Hot Springs	United States
MLZ	Cerro Largo	Melo	Uruguay
MMB	Memanbetsu	Memanbetsu	Japan
MMC	Ciudad Mante	Mante	Mexico
MMD	Maridor	Minami Daito	Japan
MME	Tees Valley	Teesside	United Kingdom
MMF	Mamfe	Mamfe	Cameroon
MMG	Mount Magnet	Mount Magnet	Australia
MMH	Mammoth Lakes	Mammoth Lakes	United States
MMI	McMinn County	Athens	United States
MMJ	Matsumoto	Matsumoto	Japan
MMK	Murmansk	Murmansk	Russia
MML	Municipal-Ryan Field	Marshall	United States
MMM	Middlemount	Middlemount	Australia
MMN	Minute Man Airfield	Stow	United States
MMO	Vila Do Maio	Maio	Cape Verde
MMP	Mompos	Mompos	Colombia
MMQ	Mbala	Mbala	Zambia
MMR	Camp Maybry AHP	Austin	United States
MMS	Selfs	Marks	United States
MMT	Mc Entire ANG Base	Columbia	United States
MMU	Municipal	Morristown	United States
MMV	Mal	Mal	Papua New Guinea
MMW	Moma	Moma	Mozambique
MMX	Sturup	Malmo	Sweden
MMY	Hirara	Miyako Jima	Japan
MMZ	Maimana	Maimana	Afghanistan
MNA	Melangguane	Melangguane	Indonesia
MNB	Moanda	Moanda	Democratic Republic of the Congo
MNC	Nacala	Nacala	Mozambique
MND	Medina	Medina	Colombia
MNE	Mungeranie	Mungeranie	Australia
MNF	Mana Island Airstrip	Mana Island	Fiji
MNG	Maningrida	Maningrida	Australia
MNH	Minneriya	Minneriya	Sri Lanka
MNI	Gerald's Airport	Gerald's Park	Montserrat
MNJ	Mananjary	Mananjary	Madagascar
MNK	Maiana	Maiana	Kiribati
MNL	Ninoy Aquino International	Manila	Philippines
MNM	Menominee	Menominee	United States
MNN	Municipal	Marion	United States
MNO	Manono	Manono	Democratic Republic of the Congo
MNQ	Monto	Monto	Australia
MNR	Mongu	Mongu	Zambia
MNS	Mansa	Mansa	Zambia
MNT	Minto	Minto	United States
MNU	Maulmyine	Maulmyine	Myanmar
MNV	Mountain Valley	Mountain Valley	Australia
MNX	Manicore	Manicore	Brazil
MNY	Mono	Mono	Solomon Islands
MNZ	Manassas Regional Airport/Harry P. Davis Field	Manassas	United States
MOA	Orestes Acosta	Moa	Cuba
MOB	Mobile Regional Airport	Mobile	United States
MOC	Montes Claros	Montes Claros	Brazil
MOD	Municipal	Modesto	United States
MOE	Momeik	Momeik	Myanmar
MOF	Waioti	Maumere	Indonesia
MOG	Mong Hsat	Mong Hsat	Myanmar
MOI	Mitiaro Island	Mitiaro Island	Cook Islands
MOJ	Moengo	Moengo	Suriname
MOL	Aro	Molde	Norway
MOM	Moudjeria	Moudjeria	Mauritania
MON	Mount Cook Airport	Mount Cook	New Zealand
MOO	Moomba	Moomba	Australia
MOP	Municipal	Mount Pleasant	United States
MOQ	Morondava	Morondava	Madagascar
MOR	Moore-Murrell	Morristown	United States
MOS	Intermediate	Moses Point	United States
MOT	International	Minot	United States
MOU	Mountain Village	Mountain Village	United States
MOV	Moranbah	Moranbah	Australia
MOX	Municipal	Morris	United States
MOY	Monterrey	Monterrey	Colombia
MOZ	Temae	Moorea	French Polynesia
MPA	Mpacha	Mpacha	Namibia
MPB	Miami Sea Plane Base	Miami	United States
MPC	Muko-Muko	Muko-Muko	Indonesia
MPD	Mirpur Khas	Mirpur Khas	Pakistan
MPF	Mapoda	Mapoda	Papua New Guinea
MPG	Makini	Makini	Papua New Guinea
MPH	Malay	Caticlan	Philippines
MPI	Mamitupo	Mamitupo	Panama
MPJ	Petit Jean Park	Morrilton	United States
MPK	Mokpo	Mokpo	South Korea
MPL	Mediterranee	Montpellier	France
MPM	Maputo International	Maputo	Mozambique
MPN	Mount Pleasant	Mount Pleasant	Falkland Islands
MPO	Mt Pocono	Mount Pocono	United States
MPP	Mulatupo	Mulatupo	Panama
MPQ	Maan	Maan	Jordan
MPR	Mcpherson	Mcpherson	United States
MPS	Mount Pleasant	Mount Pleasant	United States
MPT	Maliana	Maliana	East Timor
MPU	Mapua	Mapua	Papua New Guinea
MPV	Edward F Knapp State	Montpelier	United States
MPW	Mariupol	Mariupol	Ukraine
MPX	Miyanmin	Miyanmin	Papua New Guinea
MPY	Maripasoula	Maripasoula	French Guiana
MPZ	Municipal	Mount Pleasant	United States
MQA	Mandora	Mandora	Australia
MQB	Municipal	Macomb	United States
MQC	Miquelon Airport	Miquelon	Saint Pierre and Miquelon
MQD	Maquinchao	Maquinchao	Argentina
MQE	Marqua	Marqua	Australia
MQF	Magnitogorsk	Magnitogorsk	Russia
MQG	Midgard	Midgard	Namibia
MQH	Municipal	Minacu	Brazil
MQI	Quincy	Quincy	United States
MQK	San Matias	San Matias	Bolivia
MQL	Mildura	Mildura	Australia
MQM	Mardin	Mardin	Turkey
MQN	Mo I Rana	Mo I Rana	Norway
MQO	Malam	Malam	Papua New Guinea
MQP	Kruger Mpumalanga International Airport	Nelspruit	South Africa
MQQ	Moundou	Moundou	Chad
MQR	Mosquera	Mosquera	Colombia
MQS	Mustique	Mustique Island	Saint Vincent and the Grenadines
MQT	Sawyer International	Marquette	United States
MQU	Mariquita	Mariquita	Colombia
MQV	Mostaganem	Mostaganem	Algeria
MQW	Telfair-Wheeler	Mc Rae	United States
MQX	Makale	Makale	Ethiopia
MQY	Smyrna	Smyrna	United States
MQZ	Margaret River	Margaret River	Australia
MRA	Misurata	Misurata	Libya
MRB	Eastern Wv Regional Airport/Shepherd Field	Martinsburg	United States
MRC	Maury County	Columbia	United States
MRD	A Carnevalli	Merida	Venezuela
MRE	Mara Lodges	Mara Lodges	Kenya
MRF	Municipal	Marfa	United States
MRG	Mareeba	Mareeba	Australia
MRH	May River	May River	Papua New Guinea
MRI	Merrill Field	Anchorage	United States
MRK	Marco Island	Marco Island	United States
MRL	Miners Lake	Miners Lake	Australia
MRM	Manare	Manare	Papua New Guinea
MRN	Lenoir	Morganton	United States
MRO	Masterton/Hood Aerodrome	Masterton	New Zealand
MRP	Marla	Marla	Australia
MRQ	Marinduque	Marinduque	Philippines
MRR	Macara	Macara	Ecuador
MRS	Provence	Marseille	France
MRT	Moroak	Moroak	Australia
MRU	Sir Seewoosagur Ramgoolam International	Plaisance	Mauritius
MRV	Mineralnye Vody	Mineralnye Vody	Russia
MRW	Maribo	Maribo	Denmark
MRX	Mahshahr	Bandar Mahshahr	Iran
MRY	Monterey Peninsula	Monterey	United States
MRZ	Moree	Moree	Australia
MSA	Muskrat Dam	Muskrat Dam	Canada
MSB	Marigot SPB	St Martin	Saint Martin
MSC	Falcon Field	Mesa	United States
MSD	Mt Pleasant	Mount Pleasant	United States
MSF	Mount Swan	Mount Swan	Australia
MSG	Matsaile	Matsaile	Lesotho
MSH	Masirah	Masirah	Oman
MSI	Masalembo	Masalembo	Indonesia
MSJ	Misawa	Misawa	Japan
MSK	Mastic Point	Mastic Point	Bahamas
MSL	Sheffield	Sheffield	United States
MSM	Masi Manimba	Masi Manimba	Democratic Republic of the Congo
MSN	Dane County Regional	Madison	United States
MSO	Missoula International	Missoula	United States
MSP	Minneapolis/St. Paul International	Minneapolis	United States
MSQ	Minsk National 2	Minsk	Belarus
MSR	Mus	Mus	Turkey
MSS	Richards Field	Massena	United States
MST	Maastricht/aachen	Maastricht	Netherlands
MSU	Moshoeshoe International	Maseru	Lesotho
MSV	Sullivan County International	Monticello	United States
MSW	Massawa International	Massawa	Eritrea
MSX	Mossendjo	Mossendjo	Republic of the Congo
MSY	Louis Armstrong New Orleans International Airport	New Orleans	United States
MSZ	Namibe	Namibe	Angola
MTA	Matamata	Matamata	New Zealand
MTB	Monte Libano	Monte Libano	Colombia
MTC	Selfridge ANGB	Mt Clemens	United States
MTD	Mt Sandford	Mount Sandford	Australia
MTE	Monte Alegre	Monte Alegre	Brazil
MTF	Mizan Teferi	Mizan Teferi	Ethiopia
MTG	Mato Grosso	Mato Grosso	Brazil
MTH	The Florida Keys Marathon	Marathon	United States
MTI	Mosteiros	Mosteiros	Cape Verde
MTJ	Montrose Regional Airport	Montrose	United States
MTK	Makin Island	Makin Island	Kiribati
MTL	Maitland	Maitland	Australia
MTM	SPB	Metlakatla	United States
MTN	Glenn L Martin	Baltimore	United States
MTO	Coles County Memorial	Mattoon	United States
MTP	Montauk Airport	Montauk	United States
MTQ	Mitchell	Mitchell	Australia
MTR	S. Jeronimo	Monteria	Colombia
MTS	Matsapha International	Manzini	Eswatini
MTT	Minatitlan	Minatitlan	Mexico
MTU	Montepuez	Montepuez	Mozambique
MTV	Mota Lava	Mota Lava	Vanuatu
MTW	Municipal	Manitowoc	United States
MTX	Metro Field	Fairbanks	United States
MTY	Gen Mariano Escobedo	Monterrey	Mexico
MTZ	Masada	Masada	Israel
MUA	Munda	Munda	Solomon Islands
MUB	Maun	Maun	Botswana
MUC	Munich	Munich	Germany
MUD	Mueda	Mueda	Mozambique
MUE	Kamuela	Kamuela	United States
MUF	Muting	Muting	Indonesia
MUG	Mulege	Mulege	Mexico
MUH	Mersa Matruh	Mersa Matruh	Egypt
MUI	Muir AAF	Fort Indiantown	United States
MUJ	Mui	Mui	Ethiopia
MUK	Mauke Island	Mauke Island	Cook Islands
MUL	Spence	Moultrie	United States
MUN	Quiriquire	Maturin	Venezuela
MUO	Mountain Home AFB	Mountain Home	United States
MUQ	Muccan	Muccan	Australia
MUR	Marudi	Marudi	Malaysia
MUS	Marcus Island	Marcus Island	Japan
MUT	Muscatine	Muscatine	United States
MUU	Mount Union	Mount Union	United States
MUV	Mustin Alf	Philadelphia	United States
MUW	Mascara-Ghriss	Mascara-Ghriss	Algeria
MUX	Multan International	Multan	Pakistan
MUY	Mouyondzi	Mouyondzi	Republic of the Congo
MUZ	Musoma	Musoma	Tanzania
MVA	Reykiahlid	Myvatn	Iceland
MVB	Franceville/Mvengue	Franceville	Gabon
MVC	Monroe - Walton County	Monroeville	United States
MVD	Carrasco International	Montevideo	Uruguay
MVE	Montevideo-Chippewa	Montevideo	United States
MVF	Dixsept Rosado	Mossoro	Brazil
MVG	Mevang	Mevang	Gabon
MVH	Macksville	Macksville	Australia
MVK	Mulka	Mulka	Australia
MVL	Morrisville-Stowe	Stowe	United States
MVM	Monument Valley	Kayenta	United States
MVN	Mt Vernon-Outland	Mount Vernon	United States
MVO	Mongo	Mongo	Chad
MVP	Mitu	Mitu	Colombia
MVQ	Mogilev	Mogilev	Belarus
MVR	Salam	Maroua	Cameroon
MVS	Aeroporto Max Feffer	Mucuri	Brazil
MVT	Mataiva	Mataiva	French Polynesia
MVU	Musgrave	Musgrave	Australia
MVV	Megeve	Megeve	France
MVW	Skagit Regional	Mount Vernon	United States
MVX	Minvoul	Minvoul	Gabon
MVY	Martha's Vineyard	Vineyard Haven	United States
MVZ	Masvingo	Masvingo	Zimbabwe
MWA	Williamson County	Marion	United States
MWB	Morawa	Morawa	Australia
MWC	Lawrence J Timmerman	Milwaukee	United States
MWD	Mianwali	Mianwali	Pakistan
MWE	Merowe	Merowe	Sudan
MWF	Maewo	Maewo	Vanuatu
MWG	Marawaka	Marawaka	Papua New Guinea
MWH	Grant County	Moses Lake	United States
MWI	Maramuni	Maramuni	Papua New Guinea
MWJ	Matthews Ridge	Matthews Ridge	Guyana
MWK	Matak	Matak	Indonesia
MWL	Mineral Wells Airport	Mineral Wells	United States
MWM	Windom Municipal	Windom	United States
MWN	Mwadui	Mwadui	Tanzania
MWO	Hook Field	Middletown	United States
MWP	Mountain	Mountain	Nepal
MWQ	Magwe	Magwe	Myanmar
MWR	Motswari Airfield	Motswari	South Africa
MWS	Mount Wilson	Mount Wilson	United States
MWT	Moolawatana	Moolawatana	Australia
MWU	Mussau	Mussau	Papua New Guinea
MWV	Mundulkiri	Mundulkiri	Cambodia
MWX	Muan International	Muan	South Korea
MWY	Miranda Downs	Miranda Downs	Australia
MWZ	Mwanza	Mwanza	Tanzania
MXA	Municipal	Manila	United States
MXB	Masamba	Masamba	Indonesia
MXC	San Juan County	Monticello	United States
MXD	Marion Downs	Marion Downs	Australia
MXE	Maxton	Maxton	United States
MXF	Maxwell AFB	Montgomery	United States
MXG	Marlborough	Marlborough	United States
MXH	Moro	Moro	Papua New Guinea
MXI	Imelda Romualdez Marcos	Mati	Philippines
MXJ	Minna	Minna	Nigeria
MXK	Mindik	Mindik	Papua New Guinea
MXL	Mexicali	Mexicali	Mexico
MXM	Morombe	Morombe	Madagascar
MXN	Morlaix	Morlaix	France
MXO	Municipal	Monticello	United States
MXP	Milano Malpensa	Milan	Italy
MXR	Mirgorod	Mirgorod	Ukraine
MXS	Maota Savaii Island	Maota Savaii Island	Samoa
MXT	Maintirano	Maintirano	Madagascar
MXU	Mullewa	Mullewa	Australia
MXV	Moron	Moron	Mongolia
MXW	Mandalgobi	Mandalgobi	Mongolia
MXX	Mora	Mora	Sweden
MXY	Mccarthy	Mccarthy	United States
MXZ	Meixian	Meixian	China
MYA	Moruya	Moruya	Australia
MYB	Mayoumba	Mayoumba	Gabon
MYC	Maracay	Maracay	Venezuela
MYD	Malindi	Malindi	Kenya
MYE	Miyake Jima	Miyake Jima	Japan
MYF	Montgomery Field	San Diego	United States
MYG	Mayaguana	Mayaguana	Bahamas
MYH	Marble Canyon	Marble Canyon	United States
MYI	Murray Island	Murray Island	Australia
MYJ	Matsuyama	Matsuyama	Japan
MYK	May Creek	May Creek	United States
MYL	Mccall	Mccall	United States
MYM	Monkey Mountain	Monkey Mountain	Guyana
MYN	Mareb	Mareb	Yemen
MYO	Myroodah	Myroodah	Australia
MYP	Mary	Mary	Turkmenistan
MYQ	Mysore	Mysore	India
MYR	Myrtle Beach AFB	Myrtle Beach	United States
MYT	Myitkyina	Myitkyina	Myanmar
MYU	Ellis Field	Mekoryuk	United States
MYV	Yuba County	Marysville	United States
MYW	Mtwara	Mtwara	Tanzania
MYX	Menyamya	Menyamya	Papua New Guinea
MYY	Miri	Miri	Malaysia
MYZ	Monkey Bay	Monkey Bay	Malawi
MZB	Mocimboa Praia	Mocimboa Praia	Mozambique
MZC	Mitzic	Mitzic	Gabon
MZD	Mendez	Mendez	Ecuador
MZE	Manatee	Manatee	Belize
MZF	Mzamba(Wild Coast Sun)	Mzamba(Wild Coast Sun)	South Africa
MZG	Makung	Makung	Taiwan
MZH	Merzifon	Merzifon	Turkey
MZI	Mopti	Mopti	Mali
MZJ	Marana	Marana	United States
MZK	Marakei	Marakei	Kiribati
MZL	Santaguida	Manizales	Colombia
MZM	Frescaty	Metz	France
MZN	Minj	Minj	Papua New Guinea
MZO	Sierra Maestra	Manzanillo	Cuba
MZP	Motueka	Motueka	New Zealand
MZQ	Mkuze	Mkuze	South Africa
MZR	Mazar-i-sharif	Mazar-i-sharif	Afghanistan
MZS	Mostyn	Mostyn	Malaysia
MZT	Gen Rafael Buelna	Mazatlan	Mexico
MZU	Muzaffarpur	Muzaffarpur	India
MZV	Mulu	Mulu	Malaysia
MZW	Mechria	Mechria	Algeria
MZX	Mena	Mena	Ethiopia
MZY	Mossel Bay	Mossel Bay	South Africa
MZZ	Marion	Marion	United States
NAA	Narrabri	Narrabri	Australia
NAB	Albany NAS	Albany	United States
NAC	Naracoorte	Naracoorte	Australia
NAD	Macanal	Macanal	Colombia
NAE	Natitingou	Natitingou	Benin
NAF	Banaina	Banaina	Indonesia
NAG	Dr. Ambedkar International	Nagpur	India
NAH	Naha	Naha	Indonesia
NAI	Annai	Annai	Guyana
NAJ	Nakhichevan	Nakhichevan	Azerbaijan
NAK	Nakhon Ratchasima	Nakhon Ratchasima	Thailand
NAL	Nalchik	Nalchik	Russia
NAM	Namlea	Namlea	Indonesia
NAN	Nadi International	Nadi	Fiji
NAO	Nanchong	Nanchong	China
NAP	Capodichino	Napoli	Italy
NAQ	Qaanaaq	Qaanaaq	Greenland
NAR	Nare	Nare	Colombia
NAS	Nassau International	Nassau	Bahamas
NAT	Augusto Severo	Natal	Brazil
NAU	Napuka Island	Napuka Island	French Polynesia
NAV	Nevsehir	Nevsehir	Turkey
NAW	Narathiwat	Narathiwat	Thailand
NAX	Kalaeloa John Rodgers Field	Kapolei	United States
NAY	Nanyuan Airport	Beijing	China
NAZ	Nana	Star Habour	Solomon Islands
NBA	Nambaiyufa	Nambaiyufa	Papua New Guinea
NBB	Barrancominas	Barrancominas	Colombia
NBC	Begishevo	Naberevnye Chelny	Russia
NBE	Hammamet	Enfidha	Tunisia
NBG	NAS/Alvin Callendar	New Orleans	United States
NBH	Nambucca Heads	Nambucca Heads	Australia
NBL	San Blas	San Blas	Panama
NBO	Jomo Kenyatta International	Nairobi	Kenya
NBP	Battery Pk City/N. Cov	New York	United States
NBS	Changbaishan	Baishan	China
NBU	NAS	Glenview	United States
NBV	Cana Brava	Cana Brava	Brazil
NBW	Guantanamo NAS	Guantanamo	Cuba
NBX	Nabire	Nabire	Indonesia
NCA	North Caicos	North Caicos	Turks and Caicos Islands
NCE	Cote d'Azur International Airport	Nice	France
NCG	Nueva Casas Grandes	Paloma Grande	Mexico
NCH	Nachingwea	Nachingwea	Tanzania
NCI	Necocli	Necocli	Colombia
NCJ	Sunchales	Sunchales	Argentina
NCL	Newcastle Airport	Newcastle	United Kingdom
NCN	New Chenega	New Chenega	United States
NCO	NAS	Quonset Point	United States
NCP	Cubi Pt NAS	Luzon Island	Philippines
NCQ	Atlanta NAS	Marietta	United States
NCR	San Carlos	San Carlos	Nicaragua
NCS	Newcastle	Newcastle	South Africa
NCT	Guanacaste	Nicoya	Costa Rica
NCU	Nukus	Nukus	Uzbekistan
NCY	Annecy-Meythe	Annecy	France
NDA	Bandanaira	Bandanaira	Indonesia
NDB	Nouadhibou	Nouadhibou	Mauritania
NDC	Nanded	Nanded	India
NDD	Sumbe	Sumbe	Angola
NDE	Mandera	Mandera	Kenya
NDF	Ndalatandos	Ndalatandos	Angola
NDG	Qiqihar	Qiqihar	China
NDH	CZ Bus Station	Shunde	China
NDI	Namudi	Namudi	Papua New Guinea
NDJ	N'Djamena	N'Djamena	Chad
NDK	Namdrik Island	Namdrik Island	Marshall Islands
NDL	Ndele	Ndele	Central African Republic
NDM	Mendi	Mendi	Ethiopia
NDN	Nadunumu	Nadunumu	Papua New Guinea
NDO	La Palma Del Condado	La Palma Del Condado	Spain
NDP	Ellyson NAS	Pensacola	United States
NDR	Nador	Nador	Morocco
NDS	Sandstone	Sandstone	Australia
NDU	Rundu	Rundu	Namibia
NDV	USN Heliport	Anacostia	United States
NDY	Sanday	Sanday	United Kingdom
NEA	Brunswick Golden Isles	Glynco	United States
NEC	Necochea	Necochea	Argentina
NEF	Neftekamsk	Neftekamsk	Russia
NEG	Negril	Negril	Jamaica
NEJ	Nejjo	Nejjo	Ethiopia
NEK	Nekemt	Nekemt	Ethiopia
NEL	Naec	Lakehurst	United States
NEN	Whitehouse NOLF	Whitehouse	United States
NER	Neryungri	Neryungri	Russia
NES	East 34th St Landing	New York	United States
NET	New Bight	New Bight	Bahamas
NEU	Sam Neua	Sam Neua	Laos
NEV	Vance Winkworth Amory International	Nevis	Saint Kitts and Nevis
NEW	Lakefront	New Orleans	United States
NFB	Detroit NAF	Mt Clemens	United States
NFF	CZ Bus Station	Nanhai	China
NFG	Nefteyugansk	Nefteyugansk	Russia
NFL	NAS	Fallon	United States
NFO	Mata'aho	Niuafo'ou	Tonga
NFR	Nafoora	Nafoora	Libya
NGA	Young	Young	Australia
NGB	Lishe International Airport	Ningbo	China
NGC	North Rim	Grand Canyon	United States
NGD	Captain Auguste George	Anegada	British Virgin Islands
NGE	Ngaoundere	Ngaoundere	Cameroon
NGI	Ngau Island	Ngau Island	Fiji
NGK	Nogliki	Nogliki	Russia
NGL	Ngala Airfield	Ngala	South Africa
NGN	Nargana	Nargana	Panama
NGO	Chubu Centrair International	Nagoya	Japan
NGP	NAS	Corpus Christi	United States
NGQ	Ngari Gunsa/Ali Kunsha	Shiquanhe	China
NGR	Ningerum	Ningerum	Papua New Guinea
NGS	Nagasaki	Nagasaki	Japan
NGU	NAS Chambers	Norfolk	United States
NGW	Cabaniss Field	Corpus Christi	United States
NGX	Manang	Manang	Nepal
NHA	Nha Trang	Nha Trang	Vietnam
NHD	Minhad AB	Dubai	United Arab Emirates
NHF	New Halfa	New Halfa	Sudan
NHK	Patuxent River NAS	Patuxent River	United States
NHS	Nushki	Nushki	Pakistan
NHT	Northolt	Northolt	United Kingdom
NHV	Nuku Hiva	Nuku Hiva	French Polynesia
NHX	Barin Olf Osn	Foley	United States
NHZ	NAS	Brunswick	United States
NIA	Nimba	Nimba	Liberia
NIB	Nikolai	Nikolai	United States
NIE	Niblack	Niblack	United States
NIF	Nifty	Nifty	Australia
NIG	Nikunau	Nikunau	Kiribati
NIK	Niokolo Koba	Niokolo Koba	Senegal
NIM	Niamey	Niamey	Niger
NIN	Ninilchik	Ninilchik	United States
NIO	Nioki	Nioki	Democratic Republic of the Congo
NIP	Jacksonville NAS	Jacksonville	United States
NIR	Chase Field NAS	Beeville	United States
NIS	Simberi	Simberi Island	Papua New Guinea
NIT	Niort	Niort	France
NIU	Niau	Niau	French Polynesia
NIX	Nioro	Nioro	Mali
NJA	Atsugi NAS	Atsugi	Japan
NJC	Nizhnevartovsk	Nizhnevartovsk	Russia
NJF	Al-Ashraf International	Al Najaf	Iraq
NJK	El Centro NAF	Imperial	United States
NKA	Nkan	Nkan	Gabon
NKC	Nouakchott	Nouakchott	Mauritania
NKD	Sinak	Sinak	Indonesia
NKG	Nanjing Lukou International Airport	Nanjing	China
NKI	Naukiti	Naukiti	United States
NKL	Nkolo	Nkolo	Democratic Republic of the Congo
NKM	Komaki AFB	Nagoya	Japan
NKN	Nankina	Nankina	Papua New Guinea
NKO	Ankokoambo	Ankokoambo	Madagascar
NKS	Nkongsamba	Nkongsamba	Cameroon
NKU	Nkaus	Nkaus	Lesotho
NKV	Nichen Cove	Nichen Cove	United States
NKX	Miramar MS	San Diego	United States
NKY	Nkayi	Nkayi	Republic of the Congo
NLA	Ndola	Ndola	Zambia
NLC	Lemoore NAS (Reeves Field)	Lemoore	United States
NLD	International Quetzalcoatl	Nuevo Laredo	Mexico
NLE	Jerry Tyler Memorial	Niles	United States
NLF	Darnley Island	Darnley Island	Australia
NLG	Nelson Lagoon	Nelson Lagoon	United States
NLK	Norfolk Island	Norfolk Island	Norfolk Island
NLL	Nullagine	Nullagine	Australia
NLN	Kneeland	Kneeland	United States
NLO	N'dolo	Kinshasa	Democratic Republic of the Congo
NLP	Nelspruit Airport	Nelspruit	South Africa
NLS	Nicholson	Nicholson	Australia
NLT	Nalati	Xinyuan	China
NLU	Santa Lucia	Mexico City	Mexico
NLV	Nikolaev (Mykolaiv)	Nikolaev	Ukraine
NMA	Namangan	Namangan	Uzbekistan
NMB	Daman	Daman	India
NMC	Norman's Cay	Norman's Cay	Bahamas
NME	Nightmute	Nightmute	United States
NMG	San Miguel	San Miguel	Panama
NML	Mildred Lake	Mildred Lake	Canada
NMN	Nomane	Nomane	Papua New Guinea
NMP	New Moon	New Moon	Australia
NMR	Nappa Merry	Nappa Merry	Australia
NMS	Namsang	Namsang	Myanmar
NMT	Namtu	Namtu	Myanmar
NMU	Namu	Namu	Marshall Islands
NNA	NAF	Kenitra	Morocco
NNB	Santa Ana	Santa Ana	Solomon Islands
NND	Nangade	Nangade	Mozambique
NNG	Wuxu	Nanning	China
NNI	Namutoni	Namutoni	Namibia
NNK	Naknek	Naknek	United States
NNL	Nondalton	Nondalton	United States
NNM	Naryan-Mar	Naryan-Mar	Russia
NNR	Connemara	Spiddal	Ireland
NNT	Nan	Nan	Thailand
NNU	Nanuque	Nanuque	Brazil
NNX	Nunukan	Nunukan	Indonesia
NNY	Jiangying	Nanyang	China
NOA	Nowra	Nowra	Australia
NOB	Nosara Beach	Nosara Beach	Costa Rica
NOC	Ireland West Airport Knock	Knock	Ireland
NOD	Norden	Norden	Germany
NOG	Nogales	Nogales	Mexico
NOH	Chicago NAS	Chicago	United States
NOI	Novorossijsk	Novorossijsk	Russia
NOJ	Noyabrsk	Nojabrsk	Russia
NOK	Nova Xavantina	Nova Xavantina	Brazil
NOL	Nakolik River	Nakolik River	United States
NOM	Nomad River	Nomad River	Papua New Guinea
NON	Nonouti	Rotima	Kiribati
NOO	Naoro	Naoro	Papua New Guinea
NOP	Sinop	Sinop	Turkey
NOR	Nordfjordur	Nordfjordur	Iceland
NOS	Fascene	Nossi-Be	Madagascar
NOT	Novato	Novato	United States
NOU	Tontouta	Noumea	New Caledonia
NOV	Huambo	Huambo	Angola
NOZ	Novokuznetsk	Novokuznetsk	Russia
NPA	Pensacola NAS	Pensacola	United States
NPE	Hawkes Bay	Napier	New Zealand
NPG	Nipa	Nipa	Papua New Guinea
NPH	Nephi	Nephi	United States
NPL	New Plymouth	New Plymouth	New Zealand
NPO	Nangapinoh	Nangapinoh	Indonesia
NPP	Napperby	Napperby	Australia
NPR	Novo Progresso Municipal	Novo Progresso	Brazil
NPT	State	Newport	United States
NPU	San Pedro Uraba	San Pedro Uraba	Colombia
NQA	Millington Regional Jetport	Memphis	United States
NQI	NAS	Kingsville	United States
NQL	Niquelandia	Niquelandia	Brazil
NQN	Neuquen	Neuquen	Argentina
NQT	Nottingham Airport	Nottingham	United Kingdom
NQU	Nuqui	Nuqui	Colombia
NQX	Key West NAS /Boca Chica Field (private U. S. Navy )	Key West	United States
NQY	Newquay Cornwall Airport	Newquay	United Kingdom
NQZ	Nursultan Nazarbayev	Astana	Kazakhstan
NRA	Narrandera	Narrandera	Australia
NRB	Naval Station	Mayport	United States
NRD	Norderney	Norderney	Germany
NRE	Namrole	Namrole	Indonesia
NRG	Narrogin	Narrogin	Australia
NRI	Shangri-la	Shangri-la	United States
NRK	Kungsangen	Norrkoping	Sweden
NRL	North Ronaldsay	North Ronaldsay	United Kingdom
NRM	Nara	Nara	Mali
NRN	Weeze	Dusseldorf	Germany
NRR	Roosevelt NAS	Roosevelt Roads	Puerto Rico
NRS	NAS	Imperial Beach	United States
NRT	Narita International Airport	Tokyo	Japan
NRY	Newry	Newry	Australia
NSB	North SPB	Bimini	Bahamas
NSE	Whiting Field NAS	Milton	United States
NSF	Andrews NAF	Camp Springs	United States
NSH	Now Shahr	Now Shahr	Iran
NSI	Nsimalen International	Yaounde	Cameroon
NSK	Norilsk	Norilsk	Russia
NSL	Slayton Municipal	Slayton	United States
NSM	Norseman	Norseman	Australia
NSN	Nelson	Nelson	New Zealand
NSO	Scone	Scone	Australia
NSP	NAF	Sangley Point	Philippines
NST	Nakhon Si Thammarat	Nakhon Si Thammarat	Thailand
NSV	Noosaville	Noosaville	Australia
NSX	Hovercraft/Launch Pt	Nord Sound	British Virgin Islands
NSY	NAS Sigonella	Sigonella	Italy
NSZ	Nansha Ferry Port	Nansha	China
NTB	Notodden	Notodden	Norway
NTC	Santa Carolina	Santa Carolina	Mozambique
NTD	Point Mugu NAS (Naval Base Ventura County	Port Hueneme	United States
NTE	Nantes Atlantique	Nantes	France
NTG	Nantong	Nantong	China
NTI	Bintuni	Bintuni	Indonesia
NTJ	Manti-Ephraim	Manti	United States
NTL	Williamtown	Newcastle	Australia
NTM	Miracema Do Norte	Miracema Do Norte	Brazil
NTN	Normanton	Normanton	Australia
NTO	Santo Antao	Santo Antao	Cape Verde
NTQ	Noto Airport	Wajima	Japan
NTR	Aeropuerto del Norte International Airport	Monterrey	Mexico
NTT	Kuini Lavenia	Niuatoputapu	Tonga
NTU	NAS	Oceana	United States
NTX	Natuna Ranai	Natuna Ranai	Indonesia
NTY	Pilanesberg	Sun City	South Africa
NUA	Gregory's Lake	Nuwara Eliya	Sri Lanka
NUB	Numbulwar	Numbulwar	Australia
NUD	En Nahud	En Nahud	Sudan
NUE	Nuremberg	Nürnberg	Germany
NUF	Castlereigh Reservoir	Hatton	Sri Lanka
NUG	Nuguria	Nuguria	Papua New Guinea
NUH	Nunchia	Nunchia	Colombia
NUI	Nuiqsut	Nuiqsut	United States
NUJ	Nojeh	Nojeh	Iran
NUK	Nukutavake	Nukutavake	French Polynesia
NUL	Nulato	Nulato	United States
NUM	Neom Bay Airport	Tabuk	Saudi Arabia
NUN	Saufley NAS	Pensacola	United States
NUP	Nunapitchuk	Nunapitchuk	United States
NUQ	Moffett Field	Mountain View	United States
NUR	Nullarbor	Nullarbor	Australia
NUS	Norsup	Norsup	Vanuatu
NUT	Nutuve	Nutuve	Papua New Guinea
NUU	Nakuru	Nakuru	Kenya
NUW	Whidbey Island NAS (Ault Field)	Whidbey Island	United States
NUX	Novy Urengoy	Novy Urengoy	Russia
NVA	La Marguita	Neiva	Colombia
NVD	Nevada	Nevada	United States
NVG	Nueva Guinea	Nueva Guinea	Nicaragua
NVI	Navoi International Airport	Navoi	Uzbekistan
NVK	Framnes	Narvik	Norway
NVN	Nervino	Beckwourth	United States
NVP	Novo Aripuana	Novo Aripuana	Brazil
NVR	Novgorod	Novgorod	Russia
NVS	Nevers	Nevers	France
NVT	Navegantes	Navegantes	Brazil
NVY	Neyveli	Neyveli	India
NWA	Moheli	Moheli	Comoros
NWH	Parlin Field	Newport	United States
NWI	Norwich International Airport	Norwich	United Kingdom
NWP	NS	Argentia	Canada
NWS	Pier 11/Wall St. SPB	New York	United States
NWT	Nowata	Nowata	Papua New Guinea
NWU	Bermuda NAS	St. George	Bermuda
NXX	Willow Grove NAS	Willow Grove	United States
NYA	Nyagan	Nyagan	Russia
NYE	Nyeri	Nyeri	Kenya
NYG	Quantico NAS	Quantico	United States
NYI	Sunyani	Sunyani	Ghana
NYK	Nanyuki	Nanyuki	Kenya
NYM	Nadym	Nadym	Russia
NYN	Nyngan	Nyngan	Australia
NYO	Skavsta	Stockholm	Sweden
NYT	Nay Pyi Taw	Nay Pyi Taw	Myanmar
NYU	Nyaung-u	Nyaung-u	Myanmar
NZA	Nzagi	Nzagi	Angola
NZE	Nzerekore	Nzerekore	Guinea
NZH	Manzhouli	Manzhouli	China
NZW	South Weymouth	South Weymouth	United States
NZY	North Island NAS	San Diego	United States
OAA	Shank Air Base	Shank	Afghanistan
OAG	Springhill	Orange	Australia
OAH	Shindand Air Base	Shindand	Afghanistan
OAI	Bagram	Bagram	Afghanistan
OAJ	Albert J Ellis	Jacksonville	United States
OAK	Oakland International	Oakland	United States
OAL	Cacoal	Cacoal	Brazil
OAM	Oamaru	Oamaru	New Zealand
OAN	Olanchito	Olanchito	Honduras
OAR	Marina Municipal	Monterey	United States
OAS	Sharana Air Base	Sharana	Afghanistan
OAX	Xoxocotlan	Oaxaca	Mexico
OAZ	Camp Bastion	Camp Bastion	Afghanistan
OBA	Oban	Oban	Australia
OBC	Obock	Obock	Djibouti
OBD	Obano	Obano	Indonesia
OBE	County	Okeechobee	United States
OBF	Oberpfaffenhofen	Oberpfaffenhofen	Germany
OBI	Obidos	Obidos	Brazil
OBL	Zoersel	Zoersel	Belgium
OBM	Morobe	Morobe	Papua New Guinea
OBN	Oban Airport	Oban	United Kingdom
OBO	Obihiro	Obihiro	Japan
OBS	Vals-Lanas	Aubenas	France
OBT	Oakland/Coliseum Stat	Oakland	United States
OBU	Kobuk/Wien	Kobuk	United States
OBX	Obo	Obo	Papua New Guinea
OBY	Ittoqqortoormiit	Ittoqqortoormiit	Greenland
OBZ	Hamburg Bus Station	Hamburg	Germany
OCA	Ocean Reef	Ocean Reef	United States
OCC	Coca	Coca	Ecuador
OCE	Municipal	Ocean City	United States
OCF	Taylor Field	Ocala	United States
OCH	A L Mangham Jr. Regional	Nacogdoches	United States
OCI	Oceanic	Oceanic	United States
OCJ	Boscobel	Ocho Rios	Jamaica
OCN	Municipal	Oceanside	United States
OCV	Aguasclaras	Ocana	Colombia
OCW	Warren Field	Washington	United States
ODA	Ouadda	Ouadda	Central African Republic
ODB	Cordoba	Cordoba	Spain
ODC	Oakdale	Oakdale	United States
ODD	Oodnadatta	Oodnadatta	Australia
ODE	Beldringe	Odense	Denmark
ODH	RAF Station	Odiham	United Kingdom
ODJ	Ouanda Djalle	Ouanda Djalle	Central African Republic
ODL	Cordillo Downs	Cordillo Downs	Australia
ODN	Long Seridan	Long Seridan	Malaysia
ODO	Bodaybo	Bodaybo	Russia
ODR	Ord River	Ord River	Australia
ODS	Odessa International	Odessa	Ukraine
ODW	Oak Harbor	Oak Harbor	United States
ODY	Oudomxai	Oudomxay	Laos
OEA	Oneal	Vincennes	United States
OEC	Ocussi	Ocussi	East Timor
OEL	Orel	Orel	Russia
OEM	Vincent Fayks	Paloemeu	Suriname
OEO	L.O. Simenstad Muni	Osceola	United States
OER	Ornskoldsvik	Ornskoldsvik	Sweden
OES	San Antonio Oeste	San Antonio Oeste	Argentina
OFI	Ouango Fitini	Ouango Fitini	Ivory Coast
OFJ	Olafsfjordur	Olafsfjordur	Iceland
OFK	Stefan Field	Norfolk	United States
OFU	Ofu Island	Vaoto	American Samoa
OGA	Searle Field	Ogallala	United States
OGB	Municipal	Orangeburg	United States
OGD	Municipal	Ogden	United States
OGE	Ogeranang	Ogeranang	Papua New Guinea
OGG	Kahului	Maui	United States
OGL	Ogle	Ogle	Guyana
OGM	Ogobsucum	Ustupu Island	Panama
OGN	Yonaguni Jima	Yonaguni Jima	Japan
OGO	Abengourou	Abengourou	Ivory Coast
OGR	Bongor	Bongor	Chad
OGS	Ogdensburg	Ogdensburg	United States
OGV	Ongava Game Reserve	Ongava Game Reserve	Namibia
OGX	Ain Beida	Ouargla	Algeria
OGZ	Beslan	Vladikavkaz	Russia
OHA	Royal Air Force Base	Ohakea	New Zealand
OHB	Ambohibary	Moramanga	Madagascar
OHC	AFS	Northeast Cape	United States
OHD	St.Paul the Apostle	Ohrid	North Macedonia
OHE	Gulian	Mohe	China
OHH	Novostroyka	Okha	Russia
OHI	Oshakati	Oshakati	Namibia
OHO	Okhotsk	Okhotsk	Russia
OHR	Wyk Auf Foehr	Wyk Auf Foehr	Germany
OHT	Kohat	Kohat	Pakistan
OIA	Ourilandia	Ourilandia	Brazil
OIC	Eaton	Norwich	United States
OIM	Oshima	Oshima	Japan
OIR	Okushiri	Okushiri	Japan
OIT	Oita	Oita	Japan
OJC	Johnson Executive	Kansas City	United States
OKA	Naha	Okinawa	Japan
OKB	Fraser Island	Orchid Beach	Australia
OKC	Will Rogers World Airport	Oklahoma City	United States
OKD	Okadama	Sapporo	Japan
OKE	Okino Erabu	Okino Erabu	Japan
OKF	Okaukuejo	Okaukuejo	Namibia
OKG	Okoyo	Okoyo	Republic of the Congo
OKH	Cottesmor RAF	Oakham	United Kingdom
OKI	Oki Island	Oki Island	Japan
OKJ	Okayama	Okayama	Japan
OKK	Kokomo	Kokomo	United States
OKL	Oksibil	Oksibil	Indonesia
OKM	Okmulgee	Okmulgee	United States
OKN	Okondja	Okondja	Gabon
OKO	Yokota AFB	Tokyo	Japan
OKP	Oksapmin	Oksapmin	Papua New Guinea
OKQ	Okaba	Okaba	Indonesia
OKR	Yorke Island	Yorke Island	Australia
OKS	Oshkosh	Oshkosh	United States
OKT	Oktiabrskij	Oktiabrskij	Russia
OKU	Mokuti Lodge	Mokuti Lodge	Namibia
OKV	Okao	Okao	Papua New Guinea
OKY	Oakey	Oakey	Australia
OLA	Orland	Orland	Norway
OLB	Costa Smeralda	Olbia	Italy
OLC	Sen. Eunice Micheles	Sao Paulo de Olivenca	Brazil
OLD	Old Town	Old Town	United States
OLE	Municipal	Olean	United States
OLF	International	Wolf Point	United States
OLH	Old Harbor SPB	Old Harbor	United States
OLI	Rif	Olafsvik	Iceland
OLJ	Olpoi	Olpoi	Vanuatu
OLK	Fuerte Olimpo	Fuerte Olimpo	Paraguay
OLL	Ollombo	Oyo	Republic of the Congo
OLM	Olympia	Olympia	United States
OLN	Colonia Sarmiento	Colonia Sarmiento	Argentina
OLO	Olomouc	Olomouc	Czech Republic
OLP	Olympic Dam	Olympic Dam	Australia
OLQ	Olsobip	Olsobip	Papua New Guinea
OLR	Salerno Air Base	Salerno	Afghanistan
OLS	International	Nogales	United States
OLU	Columbus Municipal	Columbus	United States
OLV	Olive Branch Airport	Olive Branch	United States
OLY	Olney-Noble	Olney	United States
OMA	Eppley Airfield	Omaha	United States
OMB	Omboue	Omboue	Gabon
OMC	Ormoc	Ormoc	Philippines
OMD	Oranjemund	Oranjemund	Namibia
OME	Nome	Nome	United States
OMF	King Hussein	Mafraq	Jordan
OMG	Omega	Omega	Namibia
OMH	Urmieh	Urmieh	Iran
OMI	Omidieh	Omidieh	Iran
OMJ	Omura	Omura	Japan
OMK	Municipal	Omak	United States
OMM	Marmul	Marmul	Oman
OMO	Mostar	Mostar	Bosnia and Herzegovina
OMR	Oradea	Oradea	Romania
OMS	Tsentralny	Omsk	Russia
OMY	Oddor Meanche	Oddor Meanche	Cambodia
ONA	Municipal	Winona	United States
ONB	Ononge	Ononge	Papua New Guinea
OND	Ondangwa	Ondangwa	Namibia
ONE	Onepusu	Onepusu	Solomon Islands
ONG	Mornington	Mornington	Australia
ONH	Municipal	Oneonta	United States
ONI	Moanamani	Moanamani	Indonesia
ONJ	Odate Noshiro	Odate Noshiro	Japan
ONL	Municipal	Oneill	United States
ONM	Socorro	Socorro	United States
ONN	Onion Bay	Onion Bay	United States
ONO	Ontario Municipal Airport	Ontario	United States
ONP	Newport	Newport	United States
ONQ	Zonguldak	Zonguldak	Turkey
ONR	Monkira	Monkira	Australia
ONS	Onslow	Onslow	Australia
ONT	Ontario International	Ontario	United States
ONU	Ono I Lau	Ono I Lau	Fiji
ONX	Enrique Adolfo Jimenez	Colon	Panama
ONY	Olney	Olney	United States
OOA	Municipal	Oskaloosa	United States
OOK	Toksook Bay	Toksook Bay	United States
OOL	Gold Coast (Coolangatta)	Gold Coast	Australia
OOM	Cooma	Cooma	Australia
OOR	Mooraberree	Mooraberree	Australia
OOT	Onotoa	Onotoa	Kiribati
OPA	Kopasker	Kopasker	Iceland
OPB	Open Bay	Open Bay	Papua New Guinea
OPF	Opa Locka	Miami	United States
OPI	Oenpelli	Oenpelli	Australia
OPL	St Landry Parish	Opelousas	United States
OPO	Francisco Sa Carneiro	Porto	Portugal
OPS	Sinop	Sinop	Brazil
OPU	Balimo	Balimo	Papua New Guinea
OPW	Opuwa	Opuwa	Namibia
ORA	Oran	Oran	Argentina
ORB	Orebro-bofors	Orebro	Sweden
ORC	Orocue	Orocue	Colombia
ORD	Chicago O'hare International	Chicago	United States
ORE	Orleans	Orleans	France
ORF	Norfolk International Airport	Norfolk	United States
ORG	Zorg En Hoop	Paramaribo	Suriname
ORH	Worcester Regional Airport	Worcester	United States
ORI	Port Lions SPB	Port Lions	United States
ORJ	Orinduik	Orinduik	Guyana
ORK	Cork	Cork	Ireland
ORL	Orlando Executive	Orlando	United States
ORM	Northampton	Northampton	United Kingdom
ORN	Es Senia	Oran	Algeria
ORO	Yoro	Yoro	Honduras
ORP	Orapa	Orapa	Botswana
ORQ	Heliport	Norwalk	United States
ORR	Yorketown	Yorketown	Australia
ORS	Waterport	Orpheus Island Resort	Australia
ORT	Northway	Northway	United States
ORU	Oruro	Oruro	Bolivia
ORV	Curtis Memorial	Noorvik	United States
ORW	Ormara	Ormara	Pakistan
ORX	Oriximina	Oriximina	Brazil
ORY	Orly	Paris	France
ORZ	Orange Walk	Orange Walk	Belize
OSB	Osage Beach	Osage Beach	United States
OSC	Wurtsmith AFB	Oscoda	United States
OSD	Are/Ostersund Airport	Ostersund	Sweden
OSE	Omora	Omora	Papua New Guinea
OSG	Ossima	Ossima	Papua New Guinea
OSH	Wittman Field	Oshkosh	United States
OSI	Osijek	Osijek	Croatia
OSK	Oskarshamn	Oskarshamn	Sweden
OSL	Gardermoen	Oslo	Norway
OSM	Mosul	Mosul	Iraq
OSN	Osan AB	Osan	South Korea
OSO	Osborne Mine	Osborne Mine	Australia
OSR	Mosnov	Ostrava	Czech Republic
OSS	Osh International Airport	Osh	Kyrgyzstan
OST	Ostend/Bruges International Airport	Ostend	Belgium
OSU	Ohio State University	Columbus	United States
OSW	Orsk	Orsk	Russia
OSX	Attala County	Kosciusko	United States
OSY	Namsos	Namsos	Norway
OSZ	Koszalin	Koszalin	Poland
OTA	Mota	Mota	Ethiopia
OTC	Bol	Bol	Chad
OTD	Contadora	Contadora	Panama
OTG	Worthington	Worthington	United States
OTH	North Bend	North Bend	United States
OTI	Pitu	Pitu	Indonesia
OTJ	Otjiwarongo	Otjiwarongo	Namibia
OTK	Tillamook	Tillamook	United States
OTL	Boutilimit	Boutilimit	Mauritania
OTM	Industrial	Ottumwa	United States
OTN	Green	Oaktown	United States
OTO	Vor	Otto	United States
OTP	Henri Coanda International	Bucharest	Romania
OTR	Coto 47	Coto 47	Costa Rica
OTS	Anacortes	Anacortes	United States
OTT	Andre Maggi	Cotriguacu	Brazil
OTU	Otu	Otu	Colombia
OTY	Oria	Oria	Papua New Guinea
OTZ	Kotzebue	Kotzebue	United States
OUA	Ouagadougou	Ouagadougou	Burkina Faso
OUD	Angads	Oujda	Morocco
OUE	Ouesso	Ouesso	Republic of the Congo
OUG	Ouahigouya	Ouahigouya	Burkina Faso
OUH	Oudtshoorn	Oudtshoorn	South Africa
OUI	Ban Houei	Ban Houei	Laos
OUK	Outer Skerries	Outer Skerries	United Kingdom
OUL	Oulu	Oulu	Finland
OUM	Oum Hadjer	Oum Hadjer	Chad
OUN	Max Westheimer	Norman	United States
OUR	Batouri	Batouri	Cameroon
OUS	Ourinhos	Ourinhos	Brazil
OUT	Bousso	Bousso	Chad
OUU	Ouanga	Ouanga	Gabon
OUZ	Zouerate	Zouerate	Mauritania
OVA	Bekily	Bekily	Madagascar
OVB	Tolmachevo	Novosibirsk	Russia
OVD	Asturias	Oviedo	Spain
OVE	Oroville	Oroville	United States
OVG	Overberg (FAOB)	Overberg	South Africa
OVL	Ovalle	Ovalle	Chile
OVR	Olavarria	Olavarria	Argentina
OVS	Sovetsky	Sovetsky	Russia
OWA	Owatonna	Owatonna	United States
OWB	Daviess County	Owensboro	United States
OWD	Memorial	Norwood	United States
OWE	Owendo	Owendo	Gabon
OWK	Central Maine Airport of Norridgewock	Norridgewock	United States
OXB	Osvaldo Vieira International	Bissau	Guinea-Bissau
OXC	Waterbury-oxford	Oxford	United States
OXD	Miami University	Oxford	United States
OXF	Oxford (Kidlington)	Oxford	United Kingdom
OXO	Orientos	Orientos	Australia
OXR	Ventura	Ventura	United States
OXY	Morney	Morney	Australia
OYA	Goya	Goya	Argentina
OYE	Oyem	Oyem	Gabon
OYG	Moyo	Moyo	Uganda
OYK	Oiapoque	Oiapoque	Brazil
OYL	Moyale	Moyale	Kenya
OYN	Ouyen	Ouyen	Australia
OYO	Tres Arroyos	Tres Arroyos	Argentina
OYP	St-Georges (Oyapock)	St Georges de lOyapock	French Guiana
OYS	Yosemite Ntl Park	Yosemite	United States
OZA	Ozona Municipalcipal	Ozona	United States
OZC	Labo	Ozamis City	Philippines
OZG	Zagora	Zagora	Morocco
OZH	Zaporozhye	Zaporozhye	Ukraine
OZI	Bobadilla	Bobadilla	Spain
OZL	Orzola Ferry Port	Orzola	Spain
OZP	Moron	Moron	Spain
OZR	Cairns AAF	Ozark	United States
OZU	Montilla	Montilla	Spain
OZZ	Ouarzazate	Ouarzazate	Morocco
PAA	Pa-an	Pa-an	Myanmar
PAB	Bilaspur	Bilaspur	India
PAC	Paitilla-Marcos A. Gelabert	Panama City	Panama
PAD	Paderborn/Lippstadt	Paderborn	Germany
PAE	Snohomish County - Paine Field	Everett	United States
PAF	Pakuba	Pakuba	Uganda
PAG	Pagadian	Pagadian	Philippines
PAH	Barkley Regional	Paducah	United States
PAJ	Para Chinar	Para Chinar	Pakistan
PAK	Port Allen	Hanapepe	United States
PAL	Palanquero	Palanquero	Colombia
PAM	Tyndall AFB	Panama City	United States
PAN	Pattani	Pattani	Thailand
PAO	Palo Alto	Palo Alto	United States
PAP	Toussaint Louverture International	Port Au Prince	Haiti
PAQ	Palmer Municipalcipal	Palmer	United States
PAS	Paros	Paros	Greece
PAT	Jayaprakash Narayan	Patna	India
PAU	Pauk	Pauk	Myanmar
PAV	Paulo Afonso	Paulo Afonso	Brazil
PAW	Pambwa	Pambwa	Papua New Guinea
PAX	Port De Paix	Port De Paix	Haiti
PAY	Pamol	Pamol	Malaysia
PAZ	Tajin	Poza Rica	Mexico
PBA	Point Barrow	Barrow	United States
PBB	Paranaiba	Paranaiba	Brazil
PBC	Hermanos Serdan International	Puebla Atlixco	Mexico
PBD	Porbandar	Porbandar	India
PBE	Puerto Berrio	Puerto Berrio	Colombia
PBF	Grider Field	Pine Bluff	United States
PBG	Plattsburgh International	Plattsburgh	United States
PBH	Paro	Paro	Bhutan
PBI	Palm Beach International Airport	West Palm Beach	United States
PBJ	Paama	Paama	Vanuatu
PBK	Pack Creek	Pack Creek	United States
PBL	Puerto Cabello	Puerto Cabello	Venezuela
PBM	Zanderij International	Paramaribo	Suriname
PBN	Porto Amboim	Porto Amboim	Angola
PBO	Paraburdoo	Paraburdoo	Australia
PBP	Punta Islita	Punta Islita	Costa Rica
PBQ	Pimenta Bueno	Pimenta Bueno	Brazil
PBR	Puerto Barrios	Puerto Barrios	Guatemala
PBS	Patong Beach	Patong Beach	Thailand
PBT	Puerto Leda	Puerto Leda	Paraguay
PBU	Putao	Putao	Myanmar
PBV	Porto Dos Gauchos	Porto Dos Gauchos	Brazil
PBW	Palibelo	Palibelo	Indonesia
PBX	Porto Alegre Do Norte	Porto Alegre Do Norte	Brazil
PBY	Hamilton/Proserpine	Peppers Palm Bay	Australia
PBZ	Plettenberg Bay	Plettenberg Bay	South Africa
PCA	Portage Creek	Portage Creek	United States
PCB	Pondok Cabe	Pondok Cabe	Indonesia
PCC	Puerto Rico	Puerto Rico	Colombia
PCD	Prairie du Chien Municipal Airport	Prairie Du Chien	United States
PCE	Painter Creek	Painter Creek	United States
PCF	Potchefstroom	Potchefstroom	South Africa
PCG	Paso Caballos	Paso Caballos	Guatemala
PCH	Palacios	Palacios	Honduras
PCJ	Puerto La Victoria	Puerto La Victoria	Paraguay
PCK	Porcupine Creek	Porcupine Creek	United States
PCL	Captain Rolden International Airport	Pucallpa	Peru
PCM	Playa Del Carmen	Playa Del Carmen	Mexico
PCN	Koromiko	Picton	New Zealand
PCO	Punta Colorada	Punta Colorada	Mexico
PCP	Principe	Principe	Sao Tome and Principe
PCQ	Bounneua	Phongsaly	Laos
PCR	Puerto Carreno	Puerto Carreno	Colombia
PCS	Picos	Picos	Brazil
PCT	Princeton	Princeton	United States
PCU	Pearl River County	Picayune	United States
PCV	Punta Chivato	Punta Chivato	Mexico
PDA	Puerto Inirida	Puerto Inirida	Colombia
PDB	Pedro Bay	Pedro Bay	United States
PDC	Mueo	Mueo	New Caledonia
PDD	Ponta de Ouro	Ponta de Ouro	Mozambique
PDE	Pandie Pandie	Pandie Pandie	Australia
PDF	Prado	Prado	Brazil
PDG	Minangkabau International Airport	Padang	Indonesia
PDI	Pindiu	Pindiu	Papua New Guinea
PDK	Dekalb-Peachtree	Atlanta	United States
PDL	Joao Paulo II	Ponta Delgada	Portugal
PDN	Parndana	Parndana	Australia
PDO	Pendopo	Pendopo	Indonesia
PDP	Capitan Corbeta CA Curbelo International Airport	Maldonado	Uruguay
PDR	Presidente Dutra	Presidente Dutra	Brazil
PDS	Piedras Negras	Piedras Negras	Mexico
PDT	Pendleton	Pendleton	United States
PDU	Paysandu	Paysandu	Uruguay
PDV	Plovdiv	Plovdiv	Bulgaria
PDX	Portland International	Portland	United States
PDZ	Pedernales	Pedernales	Venezuela
PEA	Penneshaw	Penneshaw	Australia
PEB	Pebane	Pebane	Mozambique
PEC	Pelican SPB	Pelican	United States
PED	Pardubice	Pardubice	Czech Republic
PEE	Bolshoye Savino	Perm	Russia
PEF	Peenemuende	Peenemuende	Germany
PEG	Sant Egidio	Perugia	Italy
PEH	Pehuajo	Pehuajo	Argentina
PEI	Matecana	Pereira	Colombia
PEJ	Peschiei	Peschiei	Italy
PEK	Beijing Capital International	Beijing	China
PEL	Pelaneng	Pelaneng	Lesotho
PEM	Puerto Maldonado	Puerto Maldonado	Peru
PEN	Penang International	Penang	Malaysia
PEP	Peppimenarti	Peppimenarti	Australia
PEQ	Pecos City	Pecos City	United States
PER	Perth International	Perth	Australia
PES	Petrozavodsk	Petrozavodsk	Russia
PET	Federal	Pelotas	Brazil
PEU	Puerto Lempira	Puerto Lempira	Honduras
PEV	Pecs Pogany	Pecs	Hungary
PEW	Peshawar	Peshawar	Pakistan
PEX	Pechora	Pechora	Russia
PEY	Penong	Penong	Australia
PEZ	Penza	Penza	Russia
PFA	Paf Warren	Paf Warren	United States
PFB	Passo Fundo	Passo Fundo	Brazil
PFC	Pacific City State	Pacific City	United States
PFD	Port Frederick	Port Frederick	United States
PFJ	Patreksfjordur	Patreksfjordur	Iceland
PFL	Florenc Bus Station	Prague	Czech Republic
PFO	International	Paphos	Cyprus
PFQ	Parsabad	Parsabad	Iran
PFR	Ilebo	Ilebo	Democratic Republic of the Congo
PGA	Page	Page	United States
PGB	Pangoa	Pangoa	Papua New Guinea
PGC	Grant County	Petersburg	United States
PGD	Charlotte County	Punta Gorda	United States
PGE	Yegepa	Yegepa	Papua New Guinea
PGF	Llabanere	Perpignan	France
PGG	Progresso	Progresso	Brazil
PGH	Pantnagar	Pantnagar	India
PGI	Chitato	Chitato	Angola
PGK	Pangkalpinang	Pangkalpinang	Indonesia
PGL	Jackson County	Pascagoula	United States
PGM	Port Graham	Port Graham	United States
PGN	Pangia	Pangia	Papua New Guinea
PGO	Stevens Field	Pagosa Springs	United States
PGP	Porto Alegre	Porto Alegre	Sao Tome and Principe
PGR	Paragould Kirk Field	Paragould	United States
PGS	Peach Springs	Peach Springs	United States
PGU	Persian Gulf International	Asaloyeh	Iran
PGV	Pitt-Greenville	Greenville	United States
PGX	Bassillac	Perigueux	France
PGZ	Sant'Ana	Ponta Grossa	Brazil
PHA	Phan Rang	Phan Rang	Vietnam
PHB	Santos Dumont	Parnaiba	Brazil
PHC	Port Harcourt	Port Harcourt	Nigeria
PHD	Harry Clever Field	New Philadelphia	United States
PHE	Port Hedland	Port Hedland	Australia
PHF	Newport News/Williamsb	Newport News	United States
PHG	Port Harcourt City	Port Harcourt	Nigeria
PHH	Phan Thiet	Phan Thiet	Vietnam
PHI	Pinheiro	Pinheiro	Brazil
PHJ	Port Hunter	Newcastle	Australia
PHK	Palm Beach Co Glades	Pahokee	United States
PHL	Philadelphia International	Philadelphia	United States
PHN	St Clair County International	Port Huron	United States
PHO	Point Hope	Point Hope	United States
PHP	Philip	Philip	United States
PHR	Pacific Harbor	Pacific Harbor	Fiji
PHS	Phitsanulok	Phitsanulok	Thailand
PHT	Henry County	Paris	United States
PHU	Phu Vinh	Phu Vinh	Vietnam
PHW	Phalaborwa	Phalaborwa	South Africa
PHX	Sky Harbor International	Phoenix	United States
PHY	Phetchabun	Phetchabun	Thailand
PHZ	Phi Phi Island	Phi Phi Island	Thailand
PIA	Greater Peoria	Peoria	United States
PIB	Hattiesburg-Laurel Regional	Laurel	United States
PIC	Pine Cay	Pine Cay	Turks and Caicos Islands
PIE	St. Petersburg-Clearwater International	Tampa	United States
PIF	Pingtung	Pingtung	Taiwan
PIG	Pitinga	Pitinga	Brazil
PIH	Pocatello	Pocatello	United States
PII	Phillips Field	Fairbanks	United States
PIK	Prestwick	Glasgow	United Kingdom
PIL	Pilar	Pilar	Paraguay
PIM	Garden Harris County	Pine Mountain	United States
PIN	Parintins	Parintins	Brazil
PIO	Pisco	Pisco	Peru
PIP	Pilot Point	Pilot Point	United States
PIQ	Pipillipai	Pipillipai	Guyana
PIR	Pierre	Pierre	United States
PIS	Biard	Poitiers	France
PIT	Pittsburgh International	Pittsburgh	United States
PIU	Piura	Piura	Peru
PIV	Pirapora	Pirapora	Brazil
PIW	Pikwitonei	Pikwitonei	Canada
PIX	Pico Island	Pico Island	Portugal
PIZ	Dew Station	Point Lay	United States
PJA	Pajala	Pajala	Sweden
PJB	Payson	Payson	United States
PJC	Pedro Juan Caballero	Pedro Juan Caballero	Paraguay
PJG	Panjgur	Panjgur	Pakistan
PJM	Puerto Jimenez	Puerto Jimenez	Costa Rica
PJS	Port San Juan	Port San Juan	United States
PJZ	Puerto Juarez	Puerto Juarez	Mexico
PKA	SPB	Napaskiak	United States
PKB	Wood County	Parkersburg	United States
PKC	Yelizovo	Petropavlovsk-Kamchats	Russia
PKD	Park Rapids	Park Rapids	United States
PKE	Parkes	Parkes	Australia
PKF	Park Falls	Park Falls	United States
PKG	Pangkor Airport	Pangkor	Malaysia
PKH	Alexion	Porto Kheli	Greece
PKJ	Playa Grande	Playa Grande	Guatemala
PKK	Pakokku	Pakokku	Myanmar
PKL	Pakatoa Island	Pakatoa Island	New Zealand
PKM	Port Kaituma	Port Kaituma	Guyana
PKN	Pangkalanbuun	Pangkalanbuun	Indonesia
PKO	Parakou	Parakou	Benin
PKP	Puka Puka	Puka Puka	French Polynesia
PKR	Pokhara	Pokhara	Nepal
PKS	Paksane	Paksane	Laos
PKT	Port Keats	Port Keats	Australia
PKU	Sultan Syarif Kasim II	Pekanbaru	Indonesia
PKV	Pskov	Pskov	Russia
PKW	Selebi-Phikwe	Selebi-Phikwe	Botswana
PKX	Beijing Daxing International Airport	Beijing	China
PKY	Cilik Riwut (Tjilik Riwoet)	Palangkaraya	Indonesia
PKZ	Pakse	Pakse	Laos
PLA	Planadas	Planadas	Colombia
PLC	Planeta Rica	Planeta Rica	Colombia
PLD	Playa Samara	Playa Samara	Costa Rica
PLE	Paiela	Paiela	Papua New Guinea
PLF	Pala	Pala	Chad
PLI	Palm Island	Palm Island	Saint Vincent and the Grenadines
PLJ	Placencia	Placencia	Belize
PLK	M. Graham Clark - Taney County	Point Lookout	United States
PLL	Ponta Pelada	Ponta Pelada	Brazil
PLM	Mahmud Badaruddin II	Palembang	Indonesia
PLN	Emmet County	Pellston	United States
PLO	Port Lincoln	Port Lincoln	Australia
PLP	La Palma	La Palma	Panama
PLQ	Palanga International	Klaipeda	Lithuania
PLR	St Clair County	Pell City	United States
PLS	International	Providenciales	Turks and Caicos Islands
PLT	Plato	Plato	Colombia
PLU	Pampulha	Belo Horizonte	Brazil
PLV	Poltava	Poltava	Ukraine
PLW	Mutiara	Palu	Indonesia
PLX	Semipalatinsk	Semipalatinsk	Kazakhstan
PLY	Plymouth	Plymouth	United States
PLZ	Port Elizabeth	Port Elizabeth	South Africa
PMA	Wawi	Pemba	Tanzania
PMB	Intermediate	Pembina	United States
PMC	El Tepual	Puerto Montt	Chile
PMD	La Palmdale Regional Airport	Palmdale	United States
PME	Portsmouth	Portsmouth	United Kingdom
PMF	Giuseppe Verdi	Milan	Italy
PMG	International	Ponta Pora	Brazil
PMH	Greater Portsmouth Regional	Portsmouth	United States
PMI	Palma de Mallorca Airport	Palma Mallorca	Spain
PMK	Palm Island	Palm Island	Australia
PML	AFS	Port Moller	United States
PMM	Phanom Sarakham	Phanom Sarakham	Thailand
PMN	Pumani	Pumani	Papua New Guinea
PMO	Punta Raisi	Palermo	Italy
PMP	Pimaga	Pimaga	Papua New Guinea
PMQ	Perito Moreno	Perito Moreno	Argentina
PMR	Palmerston North	Palmerston North	New Zealand
PMS	Palmyra	Palmyra	Syria
PMT	Paramakotoi	Paramakotoi	Guyana
PMU	SPB	Paimiut	United States
PMV	Del Caribe International (Gen. Santiago Marino)	Porlamar	Venezuela
PMW	Palmas	Palmas	Brazil
PMX	Metropolitan	Palmer	United States
PMY	El Tehuelche	Puerto Madryn	Argentina
PMZ	Palmar Sur	Palmar	Costa Rica
PNA	Pamplona	Pamplona	Spain
PNB	Porto Nacional	Porto Nacional	Brazil
PNC	Ponca City	Ponca City	United States
PND	Punta Gorda	Punta Gorda	Belize
PNE	North Philadelphia	Philadelphia	United States
PNF	Peterson's Point	Peterson's Point	United States
PNG	Paranagua	Paranagua	Brazil
PNH	Phnom Penh International	Phnom Penh	Cambodia
PNI	Pohnpei	Pohnpei	Micronesia
PNJ	Peng Lai/Sha He Kou	Peng Lai	China
PNK	Supadio	Pontianak	Indonesia
PNL	Pantelleria	Pantelleria	Italy
PNN	Princeton	Princeton	United States
PNP	Girua	Popondetta	Papua New Guinea
PNQ	Lohegaon	Pune	India
PNR	Pointe-Noire	Pointe-Noire	Republic of the Congo
PNS	Regional	Pensacola	United States
PNT	Teniente J. Gallardo	Puerto Natales	Chile
PNU	Panguitch	Panguitch	United States
PNV	Panevezys	Panevezys	Lithuania
PNX	Grayson County	Sherman-Denison	United States
PNY	Pondicherry	Pondicherry	India
PNZ	Internacional	Petrolina	Brazil
POA	Salgado Filho	Porto Alegre	Brazil
POB	Pope AFB	Fayetteville	United States
POC	Brackett Field	La Verne	United States
POD	Podor	Podor	Senegal
POE	Polk AAF	Fort Polk	United States
POF	Earl Fields Memorial	Poplar Bluff	United States
POG	Port Gentil	Port Gentil	Gabon
POH	Pocahontas Municipal	Pocahontas	United States
POI	Potosi	Potosi	Bolivia
POJ	Patos De Minas	Patos De Minas	Brazil
POL	Porto Amelia	Pemba	Mozambique
POM	Jackson Field	Port Moresby	Papua New Guinea
PON	Poptun	Poptun	Guatemala
POO	Pocos De Caldas	Pocos De Caldas	Brazil
POP	La Union	Puerto Plata	Dominican Republic
POQ	Polk Inlet	Polk Inlet	United States
POR	Pori	Pori	Finland
POS	Piarco International	Port Of Spain	Trinidad and Tobago
POT	Ken Jones	Port Antonio	Jamaica
POU	Dutchess County	Poughkeepsie	United States
POV	Presov	Presov	Slovakia
POW	Portoroz	Portoroz	Slovenia
POX	Paris Cergy Pontoise	Paris	France
POY	Powell	Powell	United States
POZ	Lawica	Poznan	Poland
PPA	Perry Lefors Field	Pampa	United States
PPB	Adhemar De Barros	Presidente Prudente	Brazil
PPC	Prospect Creek	Prospect Creek	United States
PPE	Puerto Penasco	Puerto Penasco	Mexico
PPF	Tri-City	Parsons	United States
PPG	International	Pago Pago	American Samoa
PPH	Peraitepuy	Peraitepuy	Venezuela
PPI	Port Pirie	Port Pirie	Australia
PPJ	Pulau Panjang	Pulau Panjang	Indonesia
PPK	Petropavlovsk	Petropavlovsk	Kazakhstan
PPL	Phaplu	Phaplu	Nepal
PPM	Pompano Beach	Pompano Beach	United States
PPN	Machangara	Popayan	Colombia
PPO	Powell Point	Powell Point	Bahamas
PPP	Whitsunday Coast	Proserpine	Australia
PPQ	Paraparaumu	Paraparaumu	New Zealand
PPR	Pasir Pangarayan	Pasir Pangarayan	Indonesia
PPS	Puerto Princesa	Puerto Princesa	Philippines
PPT	Faa'a	Papeete	French Polynesia
PPU	Papun	Papun	Myanmar
PPV	Port Protection	Port Protection	United States
PPW	Papa Westray	Papa Westray	United Kingdom
PPX	Param	Param	Papua New Guinea
PPY	Pouso Alegre	Pouso Alegre	Brazil
PPZ	Puerto Paez	Puerto Paez	Venezuela
PQC	Duong Dong	Phu Quoc	Vietnam
PQD	Pasikudha SPB	Batticaloa	Sri Lanka
PQI	Presque Isle Municipal	Presque Isle	United States
PQM	Palenque	Palenque	Mexico
PQQ	Port Macquarie	Port Macquarie	Australia
PQS	Pilot Station	Pilot Station	United States
PQT	Heliport	Qeqertaq	Greenland
PRA	Parana	Parana	Argentina
PRB	Paso Robles	Paso Robles	United States
PRC	Prescott	Prescott	United States
PRD	Pardoo	Pardoo	Australia
PRE	Pore	Pore	Colombia
PRF	Port Johnson	Port Johnson	United States
PRG	Vaclav Havel	Prague	Czech Republic
PRH	Phrae	Phrae	Thailand
PRI	Praslin Island	Praslin Island	Seychelles
PRJ	Capri	Capri	Italy
PRK	Prieska	Prieska	South Africa
PRL	Port Oceanic	Port Oceanic	United States
PRM	Portimao	Portimao	Portugal
PRN	Pristina International	Pristina	Serbia
PRO	Perry Municipal	Perry	United States
PRP	Propriano	Propriano	France
PRQ	Pres. Roque Saenz Pena	Pres. Roque Saenz Pena	Argentina
PRR	Paruima	Paruima	Guyana
PRS	Parasi	Parasi	Solomon Islands
PRT	Coast Guard Heliport	Point Retreat	United States
PRU	Prome	Prome	Myanmar
PRV	Prerov	Prerov	Czech Republic
PRW	Prentice	Prentice	United States
PRX	Cox Field	Paris	United States
PRY	Wonderboom Airport.	Pretoria	South Africa
PRZ	Prineville	Prineville	United States
PSA	Galileo Galilei	Pisa	Italy
PSB	Bellefonte	Bellefonte	United States
PSC	Tri-cities	Pasco	United States
PSD	Port Said	Port Said	Egypt
PSE	Mercedita	Ponce	Puerto Rico
PSF	Pittsfield	Pittsfield	United States
PSG	Petersburg James A Johnson	Petersburg	United States
PSH	St Peter	St Peter	Germany
PSI	Pasni	Pasni	Pakistan
PSJ	Poso	Poso	Indonesia
PSK	New River Valley	Dublin	United States
PSL	Perth	Perth	United Kingdom
PSM	Pease International	Boston	United States
PSN	Palestine Municipalcipal Airport	Palestine	United States
PSO	Cano	Pasto	Colombia
PSP	Palm Springs Metropolitan Area	Palm Springs	United States
PSQ	SPB	Philadelphia	United States
PSR	Liberi	Pescara	Italy
PSS	Posadas	Posadas	Argentina
PST	Preston	Preston	Cuba
PSU	Putussibau	Putussibau	Indonesia
PSV	Papa Stour	Papa Stour	United Kingdom
PSW	Passos	Passos	Brazil
PSX	Palacios	Palacios	United States
PSY	Port Stanley	Port Stanley	Falkland Islands
PSZ	Puerto Suarez	Puerto Suarez	Bolivia
PTA	Port Alsworth	Port Alsworth	United States
PTB	Dinwiddie County Airport	Petersburg	United States
PTC	Port Alice	Port Alice	United States
PTD	Port Alexander	Port Alexander	United States
PTF	Malololailai	Malololailai	Fiji
PTG	Polokwane	Polokwane	South Africa
PTH	Port Heiden	Port Heiden	United States
PTI	Port Douglas	Port Douglas	Australia
PTJ	Portland	Portland	Australia
PTK	Pontiac	Pontiac	United States
PTL	Port Armstrong	Port Armstrong	United States
PTM	Palmarito	Palmarito	Venezuela
PTN	Williams Memorial	Patterson	United States
PTO	Pato Branco	Pato Branco	Brazil
PTP	Le Raizet	Pointe-a-pitre	Guadeloupe
PTQ	Porto de Moz	Porto de Moz	Brazil
PTR	Pleasant Harbour	Pleasant Harbour	United States
PTS	Atkinson Municipal Airport	Pittsburg	United States
PTT	Pratt	Pratt	United States
PTU	Platinum	Platinum	United States
PTV	Porterville	Porterville	United States
PTW	Pottstown/Limerick	Pottstown	United States
PTX	Pitalito	Pitalito	Colombia
PTY	Tocumen International	Panama City	Panama
PTZ	Pastaza	Pastaza	Ecuador
PUA	Puas	Puas	Papua New Guinea
PUB	Memorial	Pueblo	United States
PUC	Carbon County	Price	United States
PUD	Puerto Deseado	Puerto Deseado	Argentina
PUE	Puerto Obaldia	Puerto Obaldia	Panama
PUF	Pyrenees	Pau	France
PUG	Port Augusta	Port Augusta	Australia
PUH	Pochutla	Pochutla	Mexico
PUJ	Punta Cana International	Higuey	Dominican Republic
PUK	Pukarua	Pukarua	French Polynesia
PUL	Poulsbo	Poulsbo	United States
PUM	Pomala	Pomala	Indonesia
PUN	Punia	Punia	Democratic Republic of the Congo
PUO	Prudhoe Bay	Prudhoe Bay	United States
PUP	Po	Po	Burkina Faso
PUQ	C.Ibanez del Campo	Punta Arenas	Chile
PUR	Puerto Rico	Puerto Rico	Bolivia
PUS	Gimhae	Busan	South Korea
PUT	Puttaprathe	Puttaparthi	India
PUU	Puerto Asis	Puerto Asis	Colombia
PUV	Poum	Poum	New Caledonia
PUW	Pullman-Moscow Regional Airport	Pullman	United States
PUX	Puerto Varas	Puerto Varas	Chile
PUY	Pula	Pula	Croatia
PUZ	Puerto Cabezas	Puerto Cabezas	Nicaragua
PVA	Providencia	Providencia	Colombia
PVB	Punta Del Este Bus Station	Maldonado	Uruguay
PVC	Provincetown	Provincetown	United States
PVD	T.F. Green State Apt	Providence	United States
PVE	El Porvenir	El Porvenir	Panama
PVF	Placerville	Placerville	United States
PVG	Shanghai Pudong International	Shanghai	China
PVH	Governador Jorge Teixeira	Porto Velho	Brazil
PVI	Edu Chaves	Paranavai	Brazil
PVK	Aktion	Preveza	Greece
PVO	Reales Tamarindos	Portoviejo	Ecuador
PVR	G.Diaz Ordaz	Puerto Vallarta	Mexico
PVS	Provideniya	Provideniya	Russia
PVU	Provo	Provo	United States
PVW	Hale County	Plainview	United States
PVY	Pope Vanoy	Pope Vanoy	United States
PWA	Wiley Post	Oklahoma City	United States
PWD	Sherwood	Plentywood	United States
PWE	Pevek	Pevek	Russia
PWI	Beles	Pawi	Ethiopia
PWK	Pal-Waukee	Chicago	United States
PWL	Purwokerto	Purwokerto	Indonesia
PWM	International Jetport	Portland	United States
PWN	Pitts Town	Pitts Town	Bahamas
PWO	Pweto	Pweto	Democratic Republic of the Congo
PWQ	Pavlodar	Pavlodar	Kazakhstan
PWR	Port Walter	Port Walter	United States
PWT	Bremerton	Bremerton	United States
PXH	Prominent Hill	Prominent Hill	Australia
PXL	Polacca	Polacca	United States
PXM	Puerto Escondido	Puerto Escondido	Mexico
PXO	Porto Santo	Porto Santo	Portugal
PXR	Surin	Surin	Thailand
PXS	Puerto De Santa Maria	Puerto De Santa Maria	Spain
PXU	Pleiku	Pleiku	Vietnam
PYA	Puerto Boyaca	Puerto Boyaca	Colombia
PYB	Jeypore	Jeypore	India
PYC	Playon Chico	Playon Chico	Panama
PYE	Penrhyn Island	Penrhyn Island	Cook Islands
PYH	Puerto Ayacucho	Puerto Ayacucho	Venezuela
PYJ	Polyarnyj	Polyarnyj	Russia
PYK	Payam	Karaj	Iran
PYL	Perry SPB	Perry Island	United States
PYM	Plymouth	Plymouth	United States
PYN	Payan	Payan	Colombia
PYO	Putumayo	Putumayo	Ecuador
PYR	Andravida	Pyrgos	Greece
PYS	Skypark	Paradise	United States
PYV	Yaviza	Yaviza	Panama
PYX	Pattaya	Pattaya	Thailand
PYY	Pai	Pai	Thailand
PZA	Casanare	Paz De Ariporo	Colombia
PZB	Pietermaritzburg Oribi	Pietermaritzburg	South Africa
PZH	Zhob	Zhob	Pakistan
PZI	Pan Zhi Hua Bao An Ying	Panzhihua	China
PZK	Puka Puka Island	Puka Puka	Cook Islands
PZL	Zulu Inyala	Phinda	South Africa
PZO	Puerto Ordaz	Puerto Ordaz	Venezuela
PZU	Port Sudan	Port Sudan	Sudan
PZY	Piestany	Piestany	Slovakia
QAW	Ft Mcclellan Bus Station	Anniston	United States
QBC	Bella Coola	Bella Coola	Canada
QBF	Vail Bus Station	Vail	United States
QBO	Bochum Hbf Railway Station	Bochum	Germany
QCA	Makkah Bus Station	Makkah	Saudi Arabia
QCE	Bus Station	Copper Mountain	United States
QCU	Heliport	Akunnaaq	Greenland
QCY	Coningsby RAF Station	Coningsby	United Kingdom
QDH	International Rail Station	Ashford	United Kingdom
QDI	Dornbirn Bus Station	Hohenems	Austria
QDK	Greyhound Bus Station	Chattanooga	United States
QDU	Station	Dusseldorf	Germany
QEQ	Embrach/Rorbas Railway Station	Embrach/Rorbas	Switzerland
QEW	Leicester Railway Station	Leicester	United Kingdom
QFB	Freiburg Hbf Railway Station	Freiburg	Germany
QFH	Frederikshavn Bus Station	Frederikshavn	Denmark
QFI	Heliport	Iginniarfik	Greenland
QFK	Harbour	Selje	Norway
QFQ	Harbour	Maloy	Norway
QFV	Bergen Railway Station	Bergen	Norway
QFZ	Saarbruecken Hbf Railway Station	Saarbruecken	Germany
QGL	St Gallen Railway Station	St Gallen	Switzerland
QGN	Tarragona/Camp Rail Station	Tarragona	Spain
QGQ	Heliport	Attu	Greenland
QGV	Neu Isenburg	Frankfurt	Germany
QGY	Gyor-Per	Per	Hungary
QHD	Heidelberg Hbf Railway Station	Heidelberg	Germany
QHJ	Hjorring Bus Station	Hjorring	Denmark
QHU	Husum	Husum	Germany
QHX	Qionghai Railway Station	Qionghai	China
QII	Lindau Hbf Railway Station	Lindau	Germany
QJE	Heliport	Kitsissuarsuit	Greenland
QJI	Heliport	Ikamiut	Greenland
QJJ	FlightLink Bus Station	Dalton	United States
QJV	Limousine Service	Skagen Z7	Denmark
QJW	Kjellerup Bus Station	Kjellerup	Denmark
QJY	Kolobrzeg Bus Station	Kolobrzeg	Poland
QJZ	Nantes Railway Station	Nantes	France
QKB	Bus Station	Breckenridge	United States
QKL	Koeln Hauptbahnhof	Cologne	Germany
QKS	Bus Station	Keystone	United States
QKU	Messe/Deutz Rail Station	Cologne	Germany
QLE	Leeton Bus Station	Leeton	Australia
QLJ	Lucerne Railway Station	Lucerne	Switzerland
QLO	Los Angeles Ferry Port	Los Angeles	United States
QLQ	Lleida Railway Station	Lleida	Spain
QLS	Lausanne	Lausanne	Switzerland
QLZ	Ikast Bus Station	Ikast	Denmark
QMK	Heliport	Niaqornaarsuk	Greenland
QMO	Mons Railway Station	Mons	Belgium
QMP	FlightLink Bus Station	Macon	United States
QMV	Montvale	Montvale	United States
QNY	Marine Air Terminal	New York	United States
QOF	Darnitsa Bus Station	Kiev	Ukraine
QOH	Hotel Rus Bus Station	Kiev	Ukraine
QOW	Sam Mbakwe International	Owerri	Nigeria
QPG	Paya Lebar	Singapore	Singapore
QPL	Ploiesti Bus Station	Ploiesti	Romania
QPP	Berlin Hbf Railway Station	Berlin	Germany
QPV	Perisher Valley Bus Station	Perisher Valley	Australia
QPW	Heliport	Kangaatsiaq	Greenland
QQD	Priory Railway Station	Dover	United Kingdom
QQH	Harwich Town Rail Station	Harwich	United Kingdom
QQK	Kings Cross Rail Station	London	United Kingdom
QQM	Piccadilly Railway Station	Manchester	United Kingdom
QQN	New Street Rail Station	Birmingham	United Kingdom
QQP	Paddington Railway Station	London	United Kingdom
QQR	Ramsgate Railway Station	Ramsgate	United Kingdom
QQS	St Pancras International RailSt	London	United Kingdom
QQU	Euston Railway Station	London	United Kingdom
QQW	London-Waterloo	London	United Kingdom
QQX	Bath Spa Railway Station	Bath	United Kingdom
QQY	York Railway Station	York	United Kingdom
QRA	Rand/Germiston	Johannesburg	South Africa
QRH	Rotterdam Centraal Railway Station	Rotterdam	Netherlands
QRO	Intercontinental	Queretaro	Mexico
QRS	Resita Bus Station	Resita	Romania
QRW	Warri	Warri	Nigeria
QRY	Heliport	Ikerasaarsuk	Greenland
QSC	Sao Carlos	Sao Carlos	Brazil
QSF	Setif	Sétif	Algeria
QSG	Sonderborg	Sonderborg	Denmark
QSR	Pontecagnano	Salerno	Italy
QTH	Thredbo Bus Station	Thredbo	Australia
QUB	Ubari	Ubari	Libya
QUG	Goodwood	Chichester	United Kingdom
QUL	Ulm Hbf Railway Station	Ulm	Germany
QUO	Akwa Ibom International	Uyo	Nigeria
QUP	Heliport	Saqqaq	Greenland
QUY	Wyton RAF Station	Wyton	United Kingdom
QVY	Kouvola Bus Station	Kouvola	Finland
QWB	Ostbahnhof Railway Station	Berlin	Germany
QWC	Zoo Railway Station	Berlin	Germany
QWF	Fort Collins Bus Servi	Fort Collins	United States
QWG	Wilgrove Air Park	Charlotte	United States
QWH	Loveland Bus Station	Fort Collins	United States
QWL	Crackenback Village Bus Station	Crackenback Village	Australia
QWM	Longmont Bus Station	Denver	United States
QWO	Holstebro Bus Station	Holstebro	Denmark
QWP	Bus Station	Winter Park	United States
QWQ	Struer Bus Station	Struer	Denmark
QWU	Wuerzburg Hbf Railway Station	Wuerzburg	Germany
QWY	Albany Bus Station	Albany	United States
QWZ	Best Bus Station	Best	Netherlands
QXF	Vestbjerg Bus Station	Vestbjerg	Denmark
QXG	Angers Railway Station	Angers	France
QXK	St-Genis Bus Station	St-Genis	France
QXV	Svendborg Railway Station	Svendborg	Denmark
QXZ	Woergl Bus Station	Woergl	Austria
QYC	Drachten Bus Station	Drachten	Netherlands
QYE	Enschede Railway Station	Enschede	Netherlands
QYH	Hengelo Railway Station	Hengelo	Netherlands
QYI	Hilversum Railway Station	Hilversum	Netherlands
QYL	Almelo Railway Station	Almelo	Netherlands
QYM	Amersfoort Railway Station	Amersfoort	Netherlands
QYP	Apeldoorn Railway Station	Apeldoorn	Netherlands
QYQ	Sulsted Bus Station	Sulsted	Denmark
QYT	Paterswolde Bus Station	Paterswolde	Netherlands
QYU	Gavle C Railway Station	Gavle	Sweden
QYV	Deventer Railway Station	Deventer	Netherlands
QYW	Vieux Port	Cannes	France
QYX	Uppsala C Railway Station	Uppsala	Sweden
QYZ	Heerenveen Bus Station	Heerenveen	Netherlands
QZB	Zermatt Railway Station	Zermatt	Switzerland
QZC	Smiggin Holes Bus Station	Smiggin Holes	Australia
QZD	Szeged	Szeged	Hungary
QZF	Font-Romeu Bus Station	Font-Romeu	France
QZM	Bullocks Flat Bus Station	Bullocks Flat	Australia
RAA	Rakanda	Rakanda	Papua New Guinea
RAC	John H. Batten Field	Racine	United States
RAD	Road Town	Tortola	British Virgin Islands
RAE	Arar	Arar	Saudi Arabia
RAF	Rafaela	Rafaela	Argentina
RAG	Raglan	Raglan	New Zealand
RAH	Rafha	Rafha	Saudi Arabia
RAI	Francisco Mendes	Praia	Cape Verde
RAJ	Civil	Rajkot	India
RAK	Menara	Marrakech	Morocco
RAL	Riverside Municipalcipal	Riverside	United States
RAM	Ramingining	Ramingining	Australia
RAN	La Spreta	Ravenna	Italy
RAO	Leite Lopes	Ribeirao Preto	Brazil
RAP	Regional	Rapid City	United States
RAQ	Sugimanuru	Raha	Indonesia
RAR	Rarotonga	Rarotonga	Cook Islands
RAS	Rasht	Rasht	Iran
RAT	Raduzhnyi	Raduzhnyi	Russia
RAV	Cravo Norte	Cravo Norte	Colombia
RAW	Arawa	Arawa	Papua New Guinea
RAX	Oram	Oram	Papua New Guinea
RAZ	Rawala Kot	Rawala Kot	Pakistan
RBA	Sale	Rabat	Morocco
RBB	Borba	Borba	Brazil
RBC	Robinvale	Robinvale	Australia
RBD	Redbird	Dallas	United States
RBE	Ratanakiri	Ratanakiri	Cambodia
RBF	Big Bear City Airport	Big Bear	United States
RBG	Roseburg Municipal Airport	Roseburg	United States
RBH	Brooks Lodge	Brooks Lodge	United States
RBI	Rabi	Rabi	Fiji
RBJ	Rebun	Rebun	Japan
RBK	French Valley	Rancho	United States
RBL	Red Bluff Fss	Red Bluff	United States
RBM	Wallmuhle	Straubing	Germany
RBN	Fort Jefferson	Fort Jefferson	United States
RBO	Robore	Robore	Bolivia
RBP	Rabaraba	Rabaraba	Papua New Guinea
RBQ	Rurrenabaque	Rurrenabaque	Bolivia
RBR	Pres. Medici	Rio Branco	Brazil
RBS	Orbost	Orbost	Australia
RBT	Marsabit	Marsabit	Kenya
RBU	Roebourne	Roebourne	Australia
RBV	Ramata	Ramata	Solomon Islands
RBW	Lowcountry Regional	Walterboro	United States
RBX	Rumbek	Rumbek	South Sudan
RBY	Ruby	Ruby	United States
RCA	Ellsworth AFB	Rapid City	United States
RCB	Richards Bay	Richards Bay	South Africa
RCC	Reggio di Calabria Central Railway Station	Reggio Calabria	Italy
RCE	Roche Harbor	Roche Harbor	United States
RCH	Riohacha	Riohacha	Colombia
RCK	Coffield	Rockdale	United States
RCL	Redcliffe	Redcliffe	Vanuatu
RCM	Richmond	Richmond	Australia
RCO	Saint Agnant	Rochefort	France
RCP	Cinder River	Cinder River	United States
RCQ	Reconquista	Reconquista	Argentina
RCR	Fulton County	Rochester	United States
RCS	Rochester	Rochester	United Kingdom
RCT	Miller Field	Reed City	United States
RCU	Rio Cuarto	Rio Cuarto	Argentina
RCY	Rum Cay	Rum Cay	Bahamas
RDA	Rockhampton Downs	Rockhampton Downs	Australia
RDB	Red Dog	Red Dog	United States
RDC	Redencao	Redencao	Brazil
RDD	Redding	Redding	United States
RDE	Merdey	Merdey	Indonesia
RDG	Municipalcipal/Spaatz Field	Reading	United States
RDM	Roberts Field	Redmond	United States
RDN	LTS Pulau Redang	Redang	Malaysia
RDP	Durgapur Airport	Durgapur	India
RDR	Grand Forks AFB	Red River	United States
RDS	Rincon de los Sauces	Rincon de los Sauces	Argentina
RDT	Richard Toll	Richard Toll	Senegal
RDU	Raleigh-durham International Airport	Raleigh	United States
RDV	Red Devil	Red Devil	United States
RDZ	Marcillac	Rodez	France
REA	Reao	Reao	French Polynesia
REB	Rechlin	Rechlin	Germany
REC	Guararapes International	Recife	Brazil
RED	Mifflin County	Reedsville	United States
REE	Reese AFB	Lubbock	United States
REG	Tito Menniti	Reggio Calabria	Italy
REI	Regina	Regina	French Guiana
REL	Almirante M.A. Zar	Trelew	Argentina
REN	Tsentralny	Orenburg	Russia
REO	Rome State	Rome	United States
REP	Siem Reap	Siem Reap	Cambodia
REQ	Reko Diq	Reko Diq	Pakistan
RER	Base Aerea Del Sur	Retalhuleu	Guatemala
RES	Resistencia	Resistencia	Argentina
RET	Stolport	Rost	Norway
REU	Reus	Reus	Spain
REW	Rewa	Rewa	India
REX	Gen Lucio Blanco	Reynosa	Mexico
REY	Reyes	Reyes	Bolivia
REZ	Resende	Resende	Brazil
RFA	Rafai	Rafai	Central African Republic
RFD	Greater Rockford Airport	Chicago	United States
RFG	Rooke Field	Refugio	United States
RFK	Rollang Field	Anguilla	United States
RFN	Raufarhofn	Raufarhofn	Iceland
RFP	Raiatea	Raiatea	French Polynesia
RFR	Rio Frio	Rio Frio	Costa Rica
RFS	Rosita	Rosita	Nicaragua
RGA	Rio Grande	Rio Grande	Argentina
RGE	Porgera	Porgera	Papua New Guinea
RGH	Balurghat	Balurghat	India
RGI	Rangiroa	Rangiroa	French Polynesia
RGK	Gorno-Altaysk	Gorno-Altaysk	Russia
RGL	Internacional	Rio Gallegos	Argentina
RGN	Yangon	Yangon	Myanmar
RGO	Orang	Orang	North Korea
RGR	Ranger Municipalcipal	Ranger	United States
RGS	Burgos	Burgos	Spain
RGT	Japura	Rengat	Indonesia
RHA	Reykholar	Reykholar	Iceland
RHD	Rio Hondo	Rio Hondo	Argentina
RHE	Reims	Reims	France
RHG	Ruhengeri	Ruhengeri	Rwanda
RHI	Oneida County	Rhinelander	United States
RHL	Roy Hill	Roy Hill	Australia
RHN	Rosh Pina	Rosh Pina	Namibia
RHO	Diagoras	Rhodes	Greece
RHP	Ramechhap	Ramechhap	Nepal
RHV	Reid-Hillview	San Jose	United States
RIA	Base Aerea De Santa Maria	Santa Maria	Brazil
RIB	Gen Buech	Riberalta	Bolivia
RIC	Richmond International Airport	Richmond	United States
RID	Richmond Municipalcipal Airport	Richmond	United States
RIE	Rice Lake	Rice Lake	United States
RIF	Reynolds	Richfield	United States
RIG	Rio Grande	Rio Grande	Brazil
RIJ	Rioja	Rioja	Peru
RIK	Carrillo	Carrillo	Costa Rica
RIL	Garfield County	Rifle	United States
RIM	Rodriguez De Mendoza	Rodriguez De Mendoza	Peru
RIN	Ringi Cove	Ringi Cove	Solomon Islands
RIR	Riverside Fla-Bob	Riverside	United States
RIS	Rishiri	Rishiri	Japan
RIT	Rio Tigre	Rio Tigre	Panama
RIV	March ARB	Riverside	United States
RIW	Riverton Regional	Riverton	United States
RIX	Riga International	Riga	Latvia
RIY	Riyan Mukalla	Riyan Mukalla	Yemen
RIZ	Rio Alzucar	Rio Alzucar	Panama
RJA	Rajahmundry	Rajahmundry	India
RJB	Rajbiraj	Rajbiraj	Nepal
RJH	Rajshahi	Rajshahi	Bangladesh
RJI	Rajouri	Rajouri	India
RJK	Rijeka	Rijeka	Croatia
RJL	Agoncillo	Logrono	Spain
RJN	Rafsanjan	Rafsanjan	Iran
RKA	Aratika-Nord	Aratika	French Polynesia
RKC	Yreka	Yreka	United States
RKD	Knox County Regional	Rockland	United States
RKE	Roskilde Airport	Copenhagen	Denmark
RKH	Rock Hill	Rock Hill	United States
RKI	Rokot	Rokot	Indonesia
RKO	Sipora	Sipora	Indonesia
RKP	Aransas County	Rockport	United States
RKR	Robert S Kerr	Poteau	United States
RKS	Sweetwater County	Rock Springs	United States
RKT	Ras Al Khaimah	Ras Al Khaimah	United Arab Emirates
RKU	Kairuku	Yule Island	Papua New Guinea
RKV	Reykjavik Domestic	Reykjavik	Iceland
RKW	Rockwood Municipal Airport	Rockwood	United States
RKY	Rokeby	Rokeby	Australia
RKZ	Peace	Xigaze/Rikaze	China
RLA	National	Rolla	United States
RLD	Richland	Richland	United States
RLG	Laage	Rostock-laage	Germany
RLI	Reilly AHP	Anniston	United States
RLK	Tianjitai	Bayannur	China
RLO	Valle Del Conlara	Merlo	Argentina
RLP	Rosella Plains	Rosella Plains	Australia
RLR	Relais de la Reine	Isalo	Madagascar
RLT	Arlit	Arlit	Niger
RLU	Bornite Upper	Bornite	United States
RMA	Roma	Roma	Australia
RMB	Buraimi	Buraimi	Oman
RMD	Ramagundam	Ramagundam	India
RME	Griffiss AFB	Rome	United States
RMF	Marsa Alam International	Marsa Alam	Egypt
RMG	Richard B Russell	Rome	United States
RMI	Miramare	Rimini	Italy
RMK	Renmark	Renmark	Australia
RML	Ratmalana	Colombo	Sri Lanka
RMN	Rumginae	Rumginae	Papua New Guinea
RMO	International Airport Chisinau	Chisinau	Moldova
RMP	Rampart	Rampart	United States
RMQ	Chingchuankang	Taichung	Taiwan
RMS	Ramstein	Ramstein	Germany
RMT	Rimatara	Rimatara	French Polynesia
RMU	Corvera International	Corvera	Spain
RMY	Mariposa-Yosemite	Mariposa	United States
RMZ	Remezov	Tobolsk	Russia
RNA	Ulawa Airport	Arona	Solomon Islands
RNB	Kallinge	Ronneby	Sweden
RNC	Warren County	Mcminnville	United States
RND	Randolph AFB	San Antonio	United States
RNE	Renaison	Roanne	France
RNG	Rangely	Rangely	United States
RNH	New Richmond Municipal Airport	New Richmond	United States
RNI	Corn Island	Corn Island	Nicaragua
RNJ	Yoronjima	Yoronjima	Japan
RNL	Rennell	Rennell	Solomon Islands
RNM	Qarn Alam	Qarn Alam	Oman
RNN	Bornholm	Rønne	Denmark
RNO	Reno/Tahoe International	Reno	United States
RNP	Rongelap Island	Rongelap Island	Marshall Islands
RNS	St Jacques	Rennes	France
RNT	Renton	Renton	United States
RNU	Ranau	Ranau	Malaysia
RNZ	Rensselaer	Rensselaer	United States
ROA	Roanoke Regional Airport	Roanoke	United States
ROB	Roberts International	Monrovia	Liberia
ROC	Greater Rochester International	Rochester	United States
ROD	Robertson	Robertson	South Africa
ROF	Yreka Rohrer Field	Montague	United States
ROG	Rogers	Rogers	United States
ROH	Robinhood	Robinhood	Australia
ROI	Roi Et Airport	Roi Et	Thailand
ROK	Rockhampton	Rockhampton	Australia
ROL	Roosevelt	Roosevelt	United States
RON	Rondon	Rondon	Colombia
ROO	Rondonopolis	Rondonopolis	Brazil
ROP	Rota	Rota	Northern Mariana Islands
ROR	Babelthuap/Koror	Koror	Palau
ROS	Islas Malvinas	Rosario	Argentina
ROT	Rotorua	Rotorua	New Zealand
ROV	Platov	Rostov	Russia
ROW	Industrial	Roswell	United States
ROX	Roseau Municipal Airport	Roseau	United States
ROY	Rio Mayo	Rio Mayo	Argentina
ROZ	US Naval Station	Rota	Spain
RPA	Rolpa	Rolpa	Nepal
RPB	Roper Bar	Roper Bar	Australia
RPM	Ngukurr	Ngukurr	Australia
RPN	Rosh Pina	Rosh Pina	Israel
RPR	Raipur	Raipur	India
RPV	Roper Valley	Roper Valley	Australia
RPX	Roundup	Roundup	United States
RQW	West	Qayyarah	Iraq
RRA	Ronda	Ronda	Spain
RRE	Marree	Marree	Australia
RRG	Rodrigues Island	Rodrigues Island	Mauritius
RRI	Barora	Barora	Solomon Islands
RRK	Rourkela	Rourkela	India
RRL	Merrill Municipal Airport	Merrill	United States
RRM	Marromeu	Marromeu	Mozambique
RRN	Serra Norte	Serra Norte	Brazil
RRO	Sorrento	Naples	Italy
RRR	Raroia	Raroia	French Polynesia
RRS	Roros	Roros	Norway
RRT	Warroad	Warroad	United States
RRV	Robinson River	Robinson River	Australia
RSA	Santa Rosa	Santa Rosa	Argentina
RSB	Roseberth	Roseberth	Australia
RSD	S Eleuthera	Rock Sound	Bahamas
RSE	Rose Bay	Sydney	Australia
RSG	Serra Pelada	Serra Pelada	Brazil
RSH	Russian SPB	Russian Mission	United States
RSI	Rio Sidra	Rio Sidra	Panama
RSJ	Rosario SPB	Rosario	United States
RSK	Ransiki	Ransiki	Indonesia
RSL	Russell	Russell	United States
RSN	Ruston	Ruston	United States
RSP	Raspberry Strait	Raspberry Strait	United States
RSS	Roseires	Roseires	Sudan
RST	International	Rochester	United States
RSU	Yeosu	Yeosu	South Korea
RSW	Southwest Florida International	Fort Myers	United States
RSX	Rouses Point	Rouses Point	United States
RTA	Rotuma Island	Rotuma Island	Fiji
RTB	Roatan	Roatan	Honduras
RTC	Ratnagiri	Ratnagiri	India
RTD	Rotunda	Rotunda	United States
RTE	Marguerite Bay	Marguerite Bay	United States
RTG	Ruteng	Ruteng	Indonesia
RTI	Roti	Roti	Indonesia
RTL	Spirit Lake	Spirit Lake	United States
RTM	Rotterdam Airport	Rotterdam	Netherlands
RTN	Crews Field	Raton	United States
RTP	Rutland Plains	Rutland Plains	Australia
RTS	Rottnest Island	Rottnest Island	Australia
RTW	Saratov	Saratov	Russia
RTY	Merty	Merty	Australia
RUA	Arua	Arua	Uganda
RUD	Shahrud	Shahrud	Iran
RUE	Butembo	Butembo	Democratic Republic of the Congo
RUF	Yuruf	Yuruf	Indonesia
RUG	Rugao	Rugao	China
RUH	King Khaled International	Riyadh	Saudi Arabia
RUI	Ruidoso Sierra Blanca Regional Airport	Ruidoso	United States
RUK	Rukumkot	Rukumkot	Nepal
RUM	Rumjatar	Rumjatar	Nepal
RUN	Gillot	St Denis de la Reunion	Reunion
RUP	Rupsi	Rupsi	India
RUR	Rurutu	Rurutu	French Polynesia
RUS	Marau Sound	Marau Sound	Solomon Islands
RUT	Rutland	Rutland	United States
RUU	Ruti	Ruti	Papua New Guinea
RUV	Rubelsanto	Rubelsanto	Guatemala
RUY	Copan	Copan	Honduras
RVA	Farafangana	Farafangana	Madagascar
RVC	Rivercess	Rivercess	Liberia
RVD	Rio Verde	Rio Verde	Brazil
RVE	Los Colonizadores	Saravena	Colombia
RVK	Ryumsjoen	Roervik	Norway
RVN	Rovaniemi	Rovaniemi	Finland
RVO	Reivilo	Reivilo	South Africa
RVR	Green River	Green River	United States
RVS	R.Lloyd Jones	Tulsa	United States
RVT	Ravensthorpe	Ravensthorpe	Australia
RVV	Raivavae	Rairua	French Polynesia
RVY	Rivera	Rivera	Uruguay
RWB	Rowan Bay	Rowan Bay	United States
RWF	Redwood Falls Municipal	Redwood Falls	United States
RWI	Rocky Mount-wilson	Rocky Mount	United States
RWL	Rawlins	Rawlins	United States
RWN	Rovno	Rovno	Ukraine
RWS	Sumare	Sumare	Brazil
RXA	Raudha	Raudha	Yemen
RXE	Madison County	Rexburg	United States
RXS	Roxas City	Roxas City	Philippines
RYB	Rybinsk	Rybinsk	Russia
RYG	Moss Airport	Oslo	Norway
RYK	Sheikh Zayed International	Rahim Yar Khan	Pakistan
RYN	Medis	Royan	France
RYO	Rio Turbio	Rio Turbio	Argentina
RZA	Santa Cruz	Santa Cruz	Argentina
RZE	Jasionka	Rzeszow	Poland
RZN	Ryazan	Ryazan	Russia
RZP	CLR Airport	Taytay Sandoval	Philippines
RZR	Ramsar	Ramsar	Iran
RZS	Sawan	Sawan	Pakistan
SAA	Shively Field	Saratoga	United States
SAB	J. Yrausquin	Saba Island	Bonaire, Saint Eustatius and Saba
SAC	Executive	Sacramento	United States
SAD	Safford	Safford	United States
SAE	Sangir	Sangir	Indonesia
SAF	Santa Fe	Santa Fe	United States
SAH	El Rahaba Airport (Sanaa Intenational)	Sanaa	Yemen
SAK	Saudarkrokur	Saudarkrokur	Iceland
SAL	El Salvador International	San Salvador	El Salvador
SAM	Salamo	Salamo	Papua New Guinea
SAN	San Diego International Airport	San Diego	United States
SAP	Ramon Villeda Morales International	San Pedro Sula	Honduras
SAQ	San Andros	San Andros	Bahamas
SAR	Sparta Community	Sparta	United States
SAS	Salton City	Salton City	United States
SAT	San Antonio International	San Antonio	United States
SAU	Sawu	Sawu	Indonesia
SAV	Savannah/Hilton Head	Savannah	United States
SAW	Sabiha Gokcen	Istanbul	Turkey
SAX	Sambu	Sambu	Panama
SAY	Siena	Siena	Italy
SAZ	Sasstown	Sasstown	Liberia
SBA	Santa Barbara Metropolitan Area	Santa Barbara	United States
SBB	Santa Barbara Barinas	Santa Barbara de Barinas	Venezuela
SBC	Selbang	Selbang	Papua New Guinea
SBD	Norton AFB	San Bernardino	United States
SBE	Suabi	Suabi	Papua New Guinea
SBF	Sardeh Band	Sardeh Band	Afghanistan
SBG	Maimun Saleh	Sabang	Indonesia
SBH	Gustaf III (St-Jean)	Gustavia	Saint Barthelemy
SBI	Sambailo	Koundara	Guinea
SBJ	Sao Mateus	Sao Mateus	Brazil
SBK	Saint Brieuc-Armor	Tremuson	France
SBL	Yacuma	Santa Ana	Bolivia
SBM	Memorial	Sheboygan	United States
SBN	South Bend Regional	South Bend	United States
SBO	Salina	Salina	United States
SBP	San Luis County Regional Airport	San Luis Obispo	United States
SBQ	Sibi	Sibi	Pakistan
SBR	Saibai Island	Saibai Island	Australia
SBS	Steamboat Springs	Steamboat Springs	United States
SBU	Springbok	Springbok	South Africa
SBV	Sabah	Sabah	Papua New Guinea
SBW	Sibu	Sibu	Malaysia
SBX	Shelby	Shelby	United States
SBY	Wicomico Regional	Salisbury-Ocean City	United States
SBZ	Sibiu	Sibiu	Romania
SCA	Santa Catalina	Santa Catalina	Colombia
SCB	State	Scribner	United States
SCC	Prudhoe Bay/Deadhorse	Prudhoe Bay/Deadhorse	United States
SCD	Sulaco	Sulaco	Honduras
SCE	University Park Airport	State College	United States
SCF	Scottsdale Municipalcipal	Phoenix	United States
SCG	Spring Creek	Spring Creek	Australia
SCH	Schenectady County	Schenectady	United States
SCI	San Cristobal	San Cristobal	Venezuela
SCJ	Smith Cove	Smith Cove	United States
SCK	Stockton Metropolitan Airport	Sacramento	United States
SCL	Arturo Merino Benitez	Santiago	Chile
SCM	SPB	Scammon Bay	United States
SCN	Saarbruecken Airport	Saarbruecken	Germany
SCO	Shevchenko	Aktau	Kazakhstan
SCP	St Crepin	St Crepin	France
SCQ	Santiago De Compostela	Santiago De Compostela	Spain
SCS	Scatsta	Shetland Islands	United Kingdom
SCT	Socotra	Socotra	Yemen
SCU	Antonio Maceo	Santiago	Cuba
SCV	Salcea	Suceava	Romania
SCW	Syktyvkar	Syktyvkar	Russia
SCX	Salina Cruz	Salina Cruz	Mexico
SCY	San Cristobal	Puerto Baquerizo Moreno	Ecuador
SCZ	Santa Cruz Island	Santa Cruz Island	Solomon Islands
SDB	Langebaanweg	Saldanha Bay	South Africa
SDC	Sandcreek	Sandcreek	Guyana
SDD	Lubango	Lubango	Angola
SDE	Santiago Del Estero	Santiago Del Estero	Argentina
SDF	Louisville International (Standiford Field)	Louisville	United States
SDG	Sanandaj	Sanandaj	Iran
SDI	Saidor	Saidor	Papua New Guinea
SDJ	Sendai	Sendai	Japan
SDK	Sandakan	Sandakan	Malaysia
SDL	Sundsvall/harnosand	Sundsvall	Sweden
SDM	Brown Field Municipalcipal	San Diego	United States
SDN	Sandane	Sandane	Norway
SDO	Ryotsu Sado Island	Ryotsu Sado Island	Japan
SDP	Sand Point Municipal	Sand Point	United States
SDQ	Las Americas International	Santo Domingo	Dominican Republic
SDR	Santander	Santander	Spain
SDS	Sado Shima	Sado Shima	Japan
SDT	Saidu Sharif	Saidu Sharif	Pakistan
SDU	Santos Dumont	Rio de Janeiro	Brazil
SDV	Sde Dov	Tel Aviv Yafo	Israel
SDX	Sedona	Sedona	United States
SDY	Richland Municipalcipal	Sidney	United States
SEA	Seattle-Tacoma International	Seattle	United States
SEB	Sebha	Sebha	Libya
SED	Min'hat Hashnayim	Sedom	Israel
SEE	Gillespie Field	San Diego	United States
SEF	Sebring Regional Airport	Sebring	United States
SEG	Penn Valley	Selinsgrove	United States
SEH	Senggeh	Senggeh	Indonesia
SEI	Senhor Do Bonfim	Senhor Do Bonfim	Brazil
SEM	Craig AFB	Selma	United States
SEN	Southend	London	United Kingdom
SEO	Seguela	Seguela	Ivory Coast
SEP	Clark Field	Stephenville	United States
SEQ	Sungai Pakning	Sungai Pakning	Indonesia
SER	Freeman Municipalcipal	Seymour	United States
SES	Selfield	Selma	United States
SET	San Esteban	San Esteban	Honduras
SEU	Seronera	Seronera	Tanzania
SEV	Severodoneck	Severodoneck	Ukraine
SEW	Siwa	Siwa	Egypt
SEY	Selibaby	Selibaby	Mauritania
SEZ	Seychelles International Airport	Mahe Island	Seychelles
SFA	Sfax Thyna	Sfax	Tunisia
SFB	Orlando Sanford International	Orlando	United States
SFC	St Francois	St Francois	Guadeloupe
SFD	Las Flecheras	San Fernando De Apure	Venezuela
SFE	San Fernando	San Fernando	Philippines
SFF	Felts Field	Spokane	United States
SFG	Esperance	St Martin	Saint Martin
SFH	San Felipe	San Felipe	Mexico
SFJ	Kangerlussuaq	Kangerlussuaq	Greenland
SFK	Soure	Soure	Brazil
SFL	Sao Filipe	São Filipe	Cape Verde
SFM	Sanford	Sanford	United States
SFN	Santa Fe	Santa Fe	Argentina
SFO	San Francisco International	San Francisco	United States
SFP	Surfers Paradise	Surfers Paradise	Australia
SFQ	Sanliurfa	Sanliurfa	Turkey
SFS	Subic Bay International	Subic Bay	Philippines
SFT	Skelleftea	Skelleftea	Sweden
SFU	Safia	Safia	Papua New Guinea
SFV	Santa Fe Do Sul	Santa Fe Do Sul	Brazil
SFW	Santa Fe	Santa Fe	Panama
SFX	San Felix	San Felix	Venezuela
SFZ	North Central	Pawtucket	United States
SGA	Sheghnan	Sheghnan	Afghanistan
SGB	Singaua	Singaua	Papua New Guinea
SGC	Surgut	Surgut	Russia
SGD	Sonderborg	Sonderborg	Denmark
SGE	Siegerland Airport	Siegen	Germany
SGF	Springfield-Branson Rg	Springfield	United States
SGG	Simanggang	Simanggang	Malaysia
SGH	Springfield	Springfield	United States
SGI	Sargodha Airport	Sargodha	Pakistan
SGJ	Sagarai	Sagarai	Papua New Guinea
SGK	Sangapi	Sangapi	Papua New Guinea
SGL	Sangley Point NAS	Manila	Philippines
SGM	San Ignacio	San Ignacio	Mexico
SGN	Tan Son Nhat International	Ho Chi Minh City	Vietnam
SGO	St George	St George	Australia
SGP	Shay Gap	Shay Gap	Australia
SGQ	Sanggata	Sanggata	Indonesia
SGR	Sugar Land Regional	Sugar Land	United States
SGS	Sanga Sanga	Sanga Sanga	Philippines
SGT	Stuttgart Municipalcipal	Stuttgart	United States
SGU	St. George Municipal	Saint George	United States
SGV	Sierra Grande	Sierra Grande	Argentina
SGW	Saginaw Bay	Saginaw Bay	United States
SGX	Songea	Songea	Tanzania
SGY	Skagway Municipal	Skagway	United States
SGZ	Songkhla	Songkhla	Thailand
SHA	Shanghai Hongqiao International	Shanghai	China
SHB	Nakashibetsu	Nakashibetsu	Japan
SHC	Indaselassie	Indaselassie	Ethiopia
SHD	Shenandoah Valley	Staunton	United States
SHE	Taoxian International	Shenyang	China
SHG	Shungnak	Shungnak	United States
SHH	Shishmaref	Shishmaref	United States
SHI	Shimojishima	Shimojishima	Japan
SHJ	Sharjah	Sharjah	United Arab Emirates
SHK	Sehonghong	Sehonghong	Lesotho
SHL	Barapani	Shillong	India
SHM	Shirahama	Shirahama	Japan
SHN	Sanderson Field	Shelton	United States
SHO	Seolak	Sokcho	South Korea
SHP	Qinhuangdao	Qinhuangdao	China
SHQ	Southport	Southport	Australia
SHR	Sheridan	Sheridan	United States
SHS	Shashi	Shashi	China
SHT	Shepparton	Shepparton	Australia
SHU	Smith Point	Smith Point	Australia
SHV	Regional	Shreveport	United States
SHW	Sharurah	Sharurah	Saudi Arabia
SHX	Shageluk	Shageluk	United States
SHY	Shinyanga	Shinyanga	Tanzania
SHZ	Seshutes	Seshutes	Lesotho
SIB	Sibiti	Sibiti	Republic of the Congo
SIC	Sinop Airport	Sinop	Panama
SID	Amilcar Cabral International	Sal	Cape Verde
SIE	Sines	Sines	Portugal
SIF	Simara	Simara	Nepal
SIG	Isla Grande	San Juan	Puerto Rico
SIH	Silgadi Doti	Silgadi Doti	Nepal
SII	Sidi Ifni	Sidi Ifni	Morocco
SIJ	Siglufjordur	Siglufjordur	Iceland
SIK	Memorial	Sikeston	United States
SIL	Sila	Sila	Papua New Guinea
SIM	Simbai	Simbai	Papua New Guinea
SIN	Singapore Changi	Singapore	Singapore
SIO	Smithton	Smithton	Australia
SIP	Simferopol	Simferopol	Ukraine
SIQ	Dabo	Singkep	Indonesia
SIR	Sion	Sion	Switzerland
SIS	Sishen	Sishen	South Africa
SIT	Sitka	Sitka	United States
SIU	Siuna	Siuna	Nicaragua
SIV	County	Sullivan	United States
SIW	Sibisa	Sibisa	Indonesia
SIX	Singleton	Singleton	Australia
SIY	Siskiyou County	Montague	United States
SIZ	Sissano	Sissano	Papua New Guinea
SJA	San Juan	San Juan	Peru
SJB	San Joaquin	San Joaquin	Bolivia
SJC	Mineta San Jose International Airport	San Jose	United States
SJD	Los Cabos	San Jose Del Cabo	Mexico
SJE	San Jose Del Gua	San Jose Del Gua	Colombia
SJF	St John Island	St John Island	U.S. Virgin Islands
SJG	San Pedro Jagua	San Pedro Jagua	Colombia
SJH	San Juan Del Cesar	San Juan Del Cesar	Colombia
SJI	San Jose	San Jose	Philippines
SJJ	Sarajevo	Sarajevo	Bosnia and Herzegovina
SJK	Sao Jose Dos Campos	Sao Jose Dos Campos	Brazil
SJL	Da Cachoeira	Sao Gabriel	Brazil
SJN	St. Johns Industrial Air Park	St Johns	United States
SJO	Juan Santamaria International	San José	Costa Rica
SJP	Sao Jose Do Rio Preto	Sao Jose Do Rio Preto	Brazil
SJQ	Sesheke	Sesheke	Zambia
SJR	San Juan D Ur	San Juan D Ur	Colombia
SJS	San Jose	San Jose	Bolivia
SJT	Mathis Field	San Angelo	United States
SJU	Luis Munoz Marin International	San Juan	Puerto Rico
SJV	San Javier	San Javier	Bolivia
SJW	Daguocun	Shijiazhuang	China
SJX	Sartaneja	Sartaneja	Belize
SJY	Ilmajoki	Seinajoki	Finland
SJZ	Sao Jorge Island	Sao Jorge Island	Portugal
SKA	Fairchild AFB	Spokane	United States
SKB	Robert L Bradshaw International	Basseterre	Saint Kitts and Nevis
SKC	Suki	Suki	Papua New Guinea
SKD	Samarkand	Samarkand	Uzbekistan
SKE	Skien	Skien	Norway
SKF	Kelly AFB	San Antonio	United States
SKG	Makedonia International	Thessaloniki	Greece
SKH	Kadmandu	Surkhet	Nepal
SKK	Shaktoolik	Shaktoolik	United States
SKL	Broadford	Isle Of Skye	United Kingdom
SKM	Skeldon	Skeldon	Guyana
SKN	Skagen	Stokmarknes	Norway
SKO	Sokoto	Sokoto	Nigeria
SKP	Skopje International	Skopje	North Macedonia
SKQ	Sekakes	Sekakes	Lesotho
SKR	Shakiso	Shakiso	Ethiopia
SKS	Vojens	Vojens	Denmark
SKT	Sialkot International	Sialkot	Pakistan
SKU	Skiros	Skiros	Greece
SKV	Mount Sinai	Santa Katarina	Egypt
SKW	Intermediate	Skwentna	United States
SKX	Saransk	Saransk	Russia
SKZ	Sukkur	Sukkur	Pakistan
SLA	Gen Belgrano	Salta	Argentina
SLB	Storm Lake Municipal Airport	Storm Lake	United States
SLC	Salt Lake City International	Salt Lake City	United States
SLD	Sliac	Sliac	Slovakia
SLE	Mcnary Field	Salem	United States
SLF	Sulayel	Sulayel	Saudi Arabia
SLG	Smith Field	Siloam Springs	United States
SLH	Sola	Sola	Vanuatu
SLI	Solwezi	Solwezi	Zambia
SLJ	Stellar Air Park	Chandler	Australia
SLK	Adirondack	Saranac Lake	United States
SLL	Salalah	Salalah	Oman
SLM	Matacan	Salamanca	Spain
SLN	Salina	Salina	United States
SLO	Leckrone	Salem	United States
SLP	San Luis Potosi	San Luis Potosi	Mexico
SLQ	Sleetmute	Sleetmute	United States
SLR	Sulphur Springs	Sulphur Springs	United States
SLS	Silistra	Silistra	Bulgaria
SLT	Salida	Salida	United States
SLU	George F L Charles	Castries	Saint Lucia
SLV	Simla	Simla	India
SLW	Saltillo	Saltillo	Mexico
SLX	Salt Cay	Salt Cay	Turks and Caicos Islands
SLY	Salekhard	Salekhard	Russia
SLZ	Marechal Cunha Machado	São Luis	Brazil
SMA	Vila Do Porto	Santa Maria	Portugal
SMB	Cerro Sombrero	Cerro Sombrero	Chile
SMC	Santa Maria	Santa Maria	Colombia
SMD	Smith Field	Fort Wayne	United States
SME	Pulaski County	Somerset	United States
SMF	Sacramento International	Sacramento	United States
SMG	Santa Maria	Santa Maria	Peru
SMH	Sapmanga	Sapmanga	Papua New Guinea
SMI	Samos	Samos	Greece
SMJ	Sim	Sim	Papua New Guinea
SMK	St Michael	St Michael	United States
SML	Estate Airstrip	Stella Maris	Bahamas
SMM	Semporna	Semporna	Malaysia
SMN	Salmon	Salmon	United States
SMO	Santa Monica	Santa Monica	United States
SMP	Stockholm	Stockholm	Papua New Guinea
SMQ	Sampit	Sampit	Indonesia
SMR	Simon Bolivar	Santa Marta	Colombia
SMS	Sainte Marie	Sainte Marie	Madagascar
SMT	Sun Moon Lake	Sun Moon Lake	Taiwan
SMU	Sheep Mountain	Sheep Mountain	United States
SMV	Samedan	St Moritz	Switzerland
SMW	Smara	Smara	Morocco
SMX	Public	Santa Maria	United States
SMY	Simenti	Simenti	Senegal
SMZ	Stoelmans Eiland	Stoelmans Eiland	Suriname
SNA	John Wayne	Santa Ana	United States
SNB	Snake Bay	Snake Bay	Australia
SNC	Salinas	Salinas	Ecuador
SND	Seno	Seno	Laos
SNE	Preguica	Sao Nicolau	Cape Verde
SNF	San Felipe	San Felipe	Venezuela
SNG	San Ignacio De Velasco	San Ignacio De Velasco	Bolivia
SNH	Stanthorpe	Stanthorpe	Australia
SNI	R.E. Murray	Sinoe	Liberia
SNJ	San Julian	San Julian	Cuba
SNK	Winston Field	Snyder	United States
SNL	Shawnee Municipal	Shawnee	United States
SNM	San Ignacio De M	San Ignacio De M	Bolivia
SNN	Shannon	Shannon	Ireland
SNO	Sakon Nakhon	Sakon Nakhon	Thailand
SNP	Saint Paul Island	Saint Paul Island	United States
SNQ	San Quintin	San Quintin	Mexico
SNR	Montoir	St Nazaire	France
SNS	Salinas	Salinas	United States
SNT	Sabana De Torres	Sabana De Torres	Colombia
SNU	Abel Santa Maria	Santa Clara	Cuba
SNV	Santa Elena	Santa Elena	Venezuela
SNW	Thandwe	Thandwe	Myanmar
SNX	Sabana De Mar	Sabana De Mar	Dominican Republic
SNY	Sidney	Sidney	United States
SNZ	Santa Cruz	Santa Cruz	Brazil
SOA	Soc Trang	Soc Trang	Vietnam
SOB	Balaton	Sarmellek	Hungary
SOC	Adi Sumarmo	Solo City	Indonesia
SOD	Sorocaba	Sorocaba	Brazil
SOE	Souanke	Souanke	Republic of the Congo
SOF	Sofia	Sofia	Bulgaria
SOG	Haukasen	Sogndal	Norway
SOH	Solita	Solita	Colombia
SOI	South Molle Island	South Molle Island	Australia
SOJ	Sorkjosen	Sorkjosen	Norway
SOK	Semongkong	Semongkong	Lesotho
SOL	Solomon	Solomon	United States
SOM	Edmundo Barrios	San Tome	Venezuela
SON	Pekoa	Espiritu Santo	Vanuatu
SOO	Soderhamn	Soderhamn	Sweden
SOP	Pinehurst-S. Pines	Southern Pines	United States
SOQ	Jefman	Sorong	Indonesia
SOR	Al Thaurah	Al Thaurah	Syria
SOT	Sodankyla	Sodankyla	Finland
SOU	Southampton Airport	Eastleigh near Southampton	United Kingdom
SOV	Seldovia	Seldovia	United States
SOW	Show Low	Show Low	United States
SOX	Alberto Lleras Camargo	Sogamoso	Colombia
SOY	Stronsay	Stronsay	United Kingdom
SOZ	Solenzara	Solenzara	France
SPA	Spartanburg, Downtown Memorial	Spartanburg	United States
SPB	SPB	Charlotte Amalie	U.S. Virgin Islands
SPC	La Palma	Santa Cruz De La Palma	Spain
SPD	Saidpur	Saidpur	Bangladesh
SPE	Sepulot	Sepulot	Malaysia
SPF	Black Hills	Spearfish	United States
SPG	Whitted	Saint Petersburg	United States
SPH	Sopu	Sopu	Papua New Guinea
SPI	Capital	Springfield	United States
SPJ	Eleftherios Venizelos	Sparta	Greece
SPM	Spangdahlem	Spangdahlem	Germany
SPN	Saipan International	Saipan	Northern Mariana Islands
SPO	San Pablo	San Pablo	Spain
SPP	Menongue	Menongue	Angola
SPQ	Catalina SPB	San Pedro	United States
SPR	San Pedro	San Pedro	Belize
SPS	Sheppard AFB	Wichita Falls	United States
SPT	Sipitang	Sipitang	Malaysia
SPU	Split	Split	Croatia
SPV	Sepik Plains	Sepik Plains	Papua New Guinea
SPW	Spencer Municipal	Spencer	United States
SPY	San Pedro	San Pedro	Ivory Coast
SPZ	Springdale Municipal	Springdale	United States
SQA	Santa Ynez	Santa Ynez	United States
SQB	Santa Ana	Santa Ana	Colombia
SQC	Southern Cross	Southern Cross	Australia
SQE	San Luis De Pale	San Luis De Pale	Colombia
SQF	Solano	Solano	Colombia
SQG	Sintang	Sintang	Indonesia
SQH	Na-San	Son-La	Vietnam
SQI	Whiteside County	Sterling Rockfalls	United States
SQK	Sidi Barani	Sidi Barani	Egypt
SQL	San Carlos	San Carlos	United States
SQM	Sao Miguel do Araguaia Airport	Sao Miguel de Aragao	Brazil
SQN	Sanana	Sanana	Indonesia
SQO	Gunnarn	Storuman	Sweden
SQQ	Siauliai International	Siauliai	Lithuania
SQR	Inco Soroako Waws	Soroako	Indonesia
SQS	Matthew Spain	San Ignacio	Belize
SQT	China Straits Airstrip	Samarai Island	Papua New Guinea
SQU	Saposoa	Saposoa	Peru
SQV	Sequim Valley Airport	Sequim	United States
SQW	Skive Airport	Skive	Denmark
SQX	Sao Miguel do Oeste	Sao Miguel do Oeste	Brazil
SQY	Sao Lourenco Do Sul	Sao Lourenco Do Sul	Brazil
SQZ	RAF Station	Scampton	United Kingdom
SRA	Santa Rosa	Santa Rosa	Brazil
SRB	Santa Rosa	Santa Rosa	Bolivia
SRC	Searcy	Searcy	United States
SRD	San Ramon	San Ramon	Bolivia
SRE	Juana Azurduy de Padilla	Sucre	Bolivia
SRG	Achmad Yani	Semarang	Indonesia
SRH	Sarh	Sarh	Chad
SRI	Samarinda	Samarinda	Indonesia
SRJ	Capitan G Q Guardia	San Borja	Bolivia
SRL	Santa Rosalia	Santa Rosalia	Mexico
SRM	Sandringham	Sandringham	Australia
SRN	Strahan	Strahan	Australia
SRO	Santana Ramos	Santana Ramos	Colombia
SRP	Stord Airport	Stord	Norway
SRQ	Sarasota/Bradenton International	Sarasota	United States
SRR	Dunwich	Stradbroke Island	Australia
SRS	Cartagena	San Marcos	Colombia
SRT	Soroti	Soroti	Uganda
SRV	Stony River	Stony River	United States
SRW	Rowan County	Salisbury	United States
SRX	Sert	Sert	Libya
SRY	Dashte Naz	Sary	Iran
SRZ	El Trompillo	Santa Cruz	Bolivia
SSA	Luis Eduardo Magalhaes	Salvador	Brazil
SSB	SPB	Christiansted	U.S. Virgin Islands
SSC	Shaw AFB	Sumter	United States
SSD	San Felipe	San Felipe	Colombia
SSE	Sholapur	Sholapur	India
SSF	Stinson Municipalcipal	San Antonio	United States
SSG	Malbo	Malabo	Equatorial Guinea
SSH	Sharm el-Sheikh International Airport	Sharm el-Sheikh	Egypt
SSI	Malcolm Mckinnon	Brunswick	United States
SSJ	Stokka	Sandnessjoen	Norway
SSK	Sturt Creek	Sturt Creek	Australia
SSL	Santa Rosalia	Santa Rosalia	Colombia
SSN	Seoul AB	Seoul	South Korea
SSO	Sao Lourenco	Sao Lourenco	Brazil
SSP	Silver Plains	Silver Plains	Australia
SSQ	La Sarre	La Sarre	Canada
SSR	Sara	Sara	Vanuatu
SSS	Siassi	Siassi	Papua New Guinea
SST	Santa Teresita	Santa Teresita	Argentina
SSV	Siasi	Siasi	Philippines
SSW	Stuart Island	Stuart Island	United States
SSY	M'banza Congo	M'banza Congo	Angola
SSZ	Santos	Santos	Brazil
STA	Stauning Vestjyllands Airport	Skjern	Denmark
STB	L Delicias	Santa Barbara Ed	Venezuela
STC	Saint Cloud Regional	Saint Cloud	United States
STD	Mayo Guerrero	Santo Domingo	Venezuela
STE	Stevens Point	Stevens Point	United States
STF	Stephen Island	Stephen Island	Australia
STG	St George Island	St George Island	United States
STH	Strathmore	Strathmore	Australia
STI	Cibao International Airport	Santiago	Dominican Republic
STJ	Rosecrans Memorial	St Joseph	United States
STK	Crosson Field	Sterling	United States
STL	Lambert-St. Louis International	St Louis	United States
STM	Eduardo Gomes	Santarem	Brazil
STN	Stansted	London	United Kingdom
STP	Downtown	Minneapolis	United States
STQ	St Marys	St Marys	United States
STR	Stuttgart Echterdingen	Stuttgart	Germany
STS	Sonoma County	Santa Rosa	United States
STT	Cyril E King Airport	Charlotte Amalie	U.S. Virgin Islands
STU	Santa Cruz	Santa Cruz	Belize
STV	Surat	Surat	India
STW	Shpakovskoye	Stavropol	Russia
STX	Henry E Rohlsen	Christiansted	U.S. Virgin Islands
STY	Salto	Salto	Uruguay
STZ	Confresa	Santa Terezinha	Brazil
SUA	Witham Field	Stuart	United States
SUB	Juanda	Surabaya	Indonesia
SUC	Schloredt	Sundance	United States
SUD	Stroud	Stroud	United States
SUE	Door County	Sturgeon Bay	United States
SUF	Lamezia Terme	Lamezia Terme	Italy
SUG	Surigao	Surigao	Philippines
SUH	Sur	Sur	Oman
SUI	Babusheri	Sukhumi	Georgia
SUJ	Satu Mare	Satu Mare	Romania
SUK	Samcheok	Samcheok	South Korea
SUL	Sui	Sui	Pakistan
SUM	Sumter Municipal Airport	Sumter	United States
SUN	Sun Valley	Sun Valley	United States
SUO	Sun River	Sun River	United States
SUP	Trunojoyo	Sumenep	Indonesia
SUQ	Sucua	Sucua	Ecuador
SUR	Summer Beaver	Summer Beaver	Canada
SUS	Spirit Of St Louis	St Louis	United States
SUT	Sumbawanga	Sumbawanga	Tanzania
SUU	Travis AFB	Fairfield	United States
SUV	Nausori	Suva	Fiji
SUW	Richard I Bong Airport	Superior	United States
SUX	Sioux Gateway	Sioux City	United States
SVA	Savoonga	Savoonga	United States
SVB	Sambava	Sambava	Madagascar
SVC	Grant County	Silver City	United States
SVD	E. T. Joshua	St Vincent	Saint Vincent and the Grenadines
SVE	Susanville	Susanville	United States
SVF	Save	Save	Benin
SVG	Sola	Stavanger	Norway
SVH	Statesville Municipal	Statesville	United States
SVI	San Vicente	San Vicente	Colombia
SVJ	Helle	Svolvaer	Norway
SVK	Silver Creek	Silver Creek	Belize
SVL	Savonlinna	Savonlinna	Finland
SVM	St Pauls	St Pauls	Australia
SVN	Hunter AAF	Savannah	United States
SVO	Sheremetyevo International	Moscow	Russia
SVP	Kuito (Silva Porto)	Kuito	Angola
SVQ	Sevilla San Pablo Airport	Sevilla	Spain
SVS	Stevens Village	Stevens Village	United States
SVT	Savuti	Savuti	Botswana
SVU	Savusavu	Savusavu	Fiji
SVV	San Salvador De	San Salvador De	Venezuela
SVW	Sparrevohn AFS	Sparrevohn	United States
SVX	Koltsovo International	Ekaterinburg	Russia
SVY	Savo	Savo	Solomon Islands
SVZ	San Antonio	San Antonio	Venezuela
SWA	Jieyang Chaoshan	Shantou	China
SWB	Shaw River	Shaw River	Australia
SWC	Stawell	Stawell	Australia
SWD	Seward	Seward	United States
SWE	Siwea	Siwea	Papua New Guinea
SWF	Stewart	Newburgh	United States
SWG	Satwag	Satwag	Papua New Guinea
SWH	Swan Hill	Swan Hill	Australia
SWJ	South West Bay	South West Bay	Vanuatu
SWL	Spanish Wells	Spanish Wells	Bahamas
SWN	Sahiwal	Sahiwal	Pakistan
SWO	Searcy Field	Stillwater	United States
SWP	Swakopmund	Swakopmund	Namibia
SWQ	Brang Bidji	Sumbawa	Indonesia
SWR	Silur	Silur	Papua New Guinea
SWS	Fairwood Comm	Swansea	United Kingdom
SWT	Strzhewoi	Strzhewoi	Russia
SWU	Suwon	Suwon	South Korea
SWV	Shikarpur	Shikarpur	Pakistan
SWW	Sweetwater	Sweetwater	United States
SWX	Shakawe	Shakawe	Botswana
SWY	Sitiawan	Sitiawan	Malaysia
SXA	Sialum	Sialum	Papua New Guinea
SXB	Entzheim	Strasbourg	France
SXC	Avalo Vor/WP	Avalon	United States
SXE	Sale	Sale	Australia
SXF	Berlin-Schoenefeld	Berlin	Germany
SXG	Senanga	Senanga	Zambia
SXH	Sehulea	Sehulea	Papua New Guinea
SXI	Sirri Island	Sirri Island	Iran
SXJ	Shanshan	Shanshan	China
SXK	Saumlaki	Saumlaki	Indonesia
SXL	Sligo	Sligo	Ireland
SXM	Princess Juliana International	Philipsburg	Sint Maarten
SXN	Suapan	Suapan	Botswana
SXO	Sao Felix Do Araguaia	Sao Felix Do Araguaia	Brazil
SXP	Sheldon SPB	Sheldon Point	United States
SXQ	Soldotna	Soldotna	United States
SXR	Sheikh ul Alam	Srinagar	India
SXS	Sahabat 16	Sahabat 16	Malaysia
SXT	Taman Negara	Taman Negara	Malaysia
SXU	Soddu	Soddu	Ethiopia
SXV	Salem	Salem	India
SXW	Sauren	Sauren	Papua New Guinea
SXX	Sao Felix Do Xingu	Sao Felix Do Xingu	Brazil
SXY	Sidney	Sidney	United States
SXZ	Siirt	Siirt	Turkey
SYA	Shemya AFB	Shemya	United States
SYB	Seal Bay	Seal Bay	United States
SYC	Shiringayoc	Shiringayoc	Peru
SYD	Kingsford Smith	Sydney	Australia
SYE	Sadah	Sadah	Yemen
SYF	Silva Bay	Silva Bay	Canada
SYH	Syangboche	Syangboche	Nepal
SYI	Bomar Field	Shelbyville	United States
SYJ	Sirjan	Sirjan	Iran
SYK	Stykkisholmur	Stykkisholmur	Iceland
SYL	Roberts AAF	San Miguel	United States
SYM	Simao	Simao	China
SYN	Carleton	Stanton	United States
SYO	Shonai	Shonai	Japan
SYP	Santiago	Santiago	Panama
SYQ	Tobias Bolanos International	San Jose	Costa Rica
SYR	Syracuse Hancock International Airport	Syracuse	United States
SYS	Yeosu	Suncheon	South Korea
SYT	Charolais Bourgogne S.	Saint Yan	France
SYU	Warraber Island	Sue Island	Australia
SYV	Sylvester	Sylvester	United States
SYW	Sehwen Sharif	Sehwen Sharif	Pakistan
SYX	Phoenix International	Sanya	China
SYY	Stornoway	Stornoway	United Kingdom
SYZ	Shahid Dastghaib International	Shiraz	Iran
SZA	Soyo	Soyo	Angola
SZB	Sultan Abdul Aziz Shah	Kuala Lumpur	Malaysia
SZC	Guanacaste	Santa Cruz	Costa Rica
SZE	Semera Airport	Semera	Ethiopia
SZF	Carsamba	Samsun	Turkey
SZG	W. A. Mozart	Salzburg	Austria
SZH	Senipah	Senipah	Indonesia
SZI	Zaisan	Zaisan	Kazakhstan
SZJ	Siguanea	Siguanea	Cuba
SZK	Skukuza	Skukuza	South Africa
SZL	Whiteman AFB	Kansas	United States
SZM	Sesriem	Sesriem	Namibia
SZN	Santa Cruz Island	Santa Barbara	United States
SZP	Oxnard	Santa Paula	United States
SZR	Stara Zagora	Stara Zagora	Bulgaria
SZS	Stewart Island	Stewart Island	New Zealand
SZU	Segou	Segou	Mali
SZV	Suzhou	Suzhou	China
SZW	Parchim Airport	Schwerin	Germany
SZX	Bao'an International	Shenzhen	China
SZY	Mazury	Szymany	Poland
SZZ	Goleniow	Szczecin	Poland
TAB	Crown Point Airport	Tobago	Trinidad and Tobago
TAC	D.Z. Romualdez	Tacloban	Philippines
TAD	Las Animas	Trinidad	United States
TAE	Daegu	Daegu	South Korea
TAF	Tafaraoui	Oran	Algeria
TAG	Tagbilaran	Tagbilaran	Philippines
TAH	Tanna	Tanna	Vanuatu
TAI	Al Janad	Taiz	Yemen
TAJ	Tadji	Aitape	Papua New Guinea
TAK	Takamatsu	Takamatsu	Japan
TAL	Ralph Calhoun	Tanana	United States
TAM	Gen F Javier Mina	Tampico	Mexico
TAN	Tangalooma	Tangalooma	Australia
TAO	Jiaodong International	Qingdao	China
TAP	Tapachula International	Tapachula	Mexico
TAQ	Tarcoola	Tarcoola	Australia
TAR	M. A. Grottag	Taranto	Italy
TAS	Tashkent International	Tashkent	Uzbekistan
TAT	Poprad/Tatry	Poprad	Slovakia
TAU	Tauramena	Tauramena	Colombia
TAW	Tacuarembo	Tacuarembo	Uruguay
TAX	Taliabu	Taliabu	Indonesia
TAY	Tartu	Tartu	Estonia
TAZ	Dashoguz	Dashoguz	Turkmenistan
TBB	Dong Tac	Tuy Hoa	Vietnam
TBC	Tuba City	Tuba City	United States
TBD	Timbiqui	Timbiqui	Colombia
TBE	Timbunke	Timbunke	Papua New Guinea
TBF	Tabiteuea North	Tabiteuea North	Kiribati
TBG	Tabubil	Tabubil	Papua New Guinea
TBH	Romblon	Tablas	Philippines
TBI	New Bright	The Bight	Bahamas
TBJ	Tabarka	Tabarka	Tunisia
TBK	Timber Creek	Timber Creek	Australia
TBL	Tableland	Tableland	Australia
TBM	Tumbang Samba	Tumbang Samba	Indonesia
TBN	Forney AAF	Fort Leonard Wood	United States
TBO	Tabora	Tabora	Tanzania
TBP	Tumbes	Tumbes	Peru
TBQ	Tarabo	Tarabo	Papua New Guinea
TBR	Statesboro-Bulloch County Airport	Statesboro	United States
TBS	Tbilisi International	Tbilisi	Georgia
TBT	Internacional	Tabatinga	Brazil
TBU	Fua'amotu International	Nuku'alofa	Tonga
TBV	Tabal	Tabal	Marshall Islands
TBW	Tambov	Tambov	Russia
TBY	Tsabong	Tsabong	Botswana
TBZ	Tabriz	Tabriz	Iran
TCA	Tennant Creek	Tennant Creek	Australia
TCB	Treasure Cay	Treasure Cay	Bahamas
TCC	Tucumcari	Tucumcari	United States
TCD	Tarapaca	Tarapaca	Colombia
TCE	Tulcea	Tulcea	Romania
TCF	Tocoa	Tocoa	Honduras
TCG	Tacheng	Tacheng	China
TCH	Tchibanga	Tchibanga	Gabon
TCJ	Torembi Airport	Torembi	Papua New Guinea
TCK	Tinboli Airport	Tinboli	Papua New Guinea
TCL	Van De Graaf	Tuscaloosa	United States
TCM	McChord AFB	Tacoma	United States
TCN	Tehuacan	Tehuacan	Mexico
TCO	La Florida	Tumaco	Colombia
TCP	Taba International	Taba	Egypt
TCQ	Tacna	Tacna	Peru
TCR	Tuticorin	Tuticorin	India
TCS	Truth or Consequences	Truth Or Consequences	United States
TCT	Takotna	Takotna	United States
TCU	Thaba Nchu	Thaba Nchu	South Africa
TCW	Tocumwal	Tocumwal	Australia
TCX	Tabas	Tabas	Iran
TCY	Terrace Bay	Terrace Bay	Namibia
TCZ	Tuofeng	Tengchong	China
TDA	Trinidad	Trinidad	Colombia
TDB	Tetabedi	Tetabedi	Papua New Guinea
TDD	Trinidad	Trinidad	Bolivia
TDG	Tandag	Tandag	Philippines
TDJ	Tadjoura	Tadjoura	Djibouti
TDK	Taldy-Kurgan	Taldy-Kurgan	Kazakhstan
TDL	Tandil	Tandil	Argentina
TDN	Theda Station	Theda	Australia
TDO	Winlock	Toledo	United States
TDP	Trompeteros	Trompeteros	Peru
TDR	Theodore	Theodore	Australia
TDS	Sasereme	Sasereme	Papua New Guinea
TDT	Tanda Tula	Timbavati	South Africa
TDV	Tanandava	Tanandava	Madagascar
TDW	Tradewind	Amarillo	United States
TDX	Trat	Trat	Thailand
TDZ	Toledo	Toledo	United States
TEA	Tela	Tela	Honduras
TEB	Teterboro	Teterboro	United States
TEC	Telemaco Borba	Telemaco Borba	Brazil
TED	Thisted	Thisted	Denmark
TEE	Tbessa	Tbessa	Algeria
TEF	Telfer	Telfer	Australia
TEG	Tenkodogo	Tenkodogo	Burkina Faso
TEH	Tetlin	Tetlin	United States
TEI	Tezu	Tezu	India
TEK	Tatitlek	Tatitlek	United States
TEL	Telupid	Telupid	Malaysia
TEM	Temora	Temora	Australia
TEN	Tongren	Tongren	China
TEO	Terapo	Terapo	Papua New Guinea
TEP	Teptep	Teptep	Papua New Guinea
TEQ	Corlu	Tekirdag	Turkey
TER	Lajes Ab	Terceira Island	Portugal
TES	Tessenei	Tessenei	Eritrea
TET	Matundo	Tete	Mozambique
TEU	Manapouri	Te Anau	New Zealand
TEX	Telluride Regional	Telluride	United States
TEY	Thingeyri	Thingeyri	Iceland
TEZ	Salonibari	Tezpur	India
TFB	Tifalmin	Tifalmin	Papua New Guinea
TFC	Taormina Harbour	Taormina	Italy
TFF	Tefe	Tefe	Brazil
TFI	Tufi	Tufi	Papua New Guinea
TFL	Teofilo Otoni	Teofilo Otoni	Brazil
TFM	Telefomin	Telefomin	Papua New Guinea
TFN	Tenerife-Norte	Tenerife	Spain
TFR	Ramadan	Ramadan	Egypt
TFS	Tenerife-Sur	Tenerife	Spain
TFT	Taftan	Taftan	Pakistan
TFU	Chengdu Tianfu International Airport	Chengdu	China
TGB	Tagbita	Tagbita	Philippines
TGC	Tanjung Manis	Tanjung Manis	Malaysia
TGD	Golubovci	Podgorica	Montenegro
TGE	Sharpe Field	Tuskegee	United States
TGG	Sultan Mahmood	Kuala Terengganu	Malaysia
TGH	Tongoa	Tongoa	Vanuatu
TGI	Tingo Maria	Tingo Maria	Peru
TGJ	Tiga	Tiga	New Caledonia
TGK	Taganrog	Taganrog	Russia
TGL	Tagula	Tagula	Papua New Guinea
TGM	Transilvania	Tirgu Mures	Romania
TGN	La Trobe Regional	Traralgon	Australia
TGO	Tongliao	Tongliao	China
TGP	Podkamennaya Tunguska	Bor	Russia
TGQ	Tangara da Serra	Tangara da Serra	Brazil
TGR	Touggourt	Touggourt	Algeria
TGS	Chokwe	Chokwe	Mozambique
TGT	Tanga	Tanga	Tanzania
TGU	Toncontin	Tegucigalpa	Honduras
TGV	Targovishte	Targovishte	Bulgaria
TGZ	Llano San Juan	Tuxtla Gutierrez	Mexico
THA	Tullahoma/William Northern Field	Tullahoma	United States
THB	Thaba-Tseka	Thaba-Tseka	Lesotho
THC	Tchien	Tchien	Liberia
THD	Tho Xuan	Thanh Hoa	Vietnam
THE	Petronio Portella	Teresina	Brazil
THG	Thangool	Thangool	Australia
THH	Taharoa	Taharoa	New Zealand
THI	Tichitt	Tichitt	Mauritania
THJ	Taishan Bus Station	Tai Shan	China
THK	Thakhek	Thakhek	Laos
THL	Tachilek	Tachilek	Myanmar
THM	Thompsonfield	Thompsonfield	United States
THN	Trollhattan	Trollhattan	Sweden
THO	Thorshofn	Thorshofn	Iceland
THP	Hot Springs	Thermopolis	United States
THQ	Maijishan	Tianshui	China
THR	Mehrabad (Qualeh Morgeh)	Tehran	Iran
THS	Sukhothai	Sukhothai (sawankolok)	Thailand
THT	Tamchakett	Tamchakett	Mauritania
THU	Pituffik	Pituffik	Greenland
THV	York Airport	York	United States
THW	Harbour SPB	Trincomalee	Sri Lanka
THX	Turukhansk	Turukhansk	Russia
THY	Thohoyandou	Thohoyandou	South Africa
THZ	Tahoua	Tahoua	Niger
TIA	Nene Tereza International	Tirana	Albania
TIB	Tibu	Tibu	Colombia
TIC	Tinak Island	Tinak Island	Marshall Islands
TID	Bouchekif Abde Al-hafidh Boussof	Tiaret	Algeria
TIE	Tippi	Tippi	Ethiopia
TIF	Taif	Taif	Saudi Arabia
TIH	Tikehau Atoll	Tikehau Atoll	French Polynesia
TII	Tirinkot	Tirinkot	Afghanistan
TIJ	General A. L. Rodriguez International	Tijuana	Mexico
TIK	Tinker AFB	Oklahoma City	United States
TIL	Inverlake	Inverlake	Canada
TIM	Timika	Tembagapura	Indonesia
TIN	Tindouf	Tindouf	Algeria
TIO	Tilin	Tilin	Myanmar
TIQ	Tinian International	Tinian	Northern Mariana Islands
TIR	Tirupati	Tirupati	India
TIS	Thursday Island	Thursday Island	Australia
TIU	Timaru	Timaru	New Zealand
TIV	Tivat	Tivat	Montenegro
TIW	Industrial	Tacoma	United States
TIX	Space Coast Regional	Titusville	United States
TIY	Tidjikja	Tidjikja	Mauritania
TIZ	Tari	Tari	Papua New Guinea
TJA	Tarija	Tarija	Bolivia
TJB	Tanjung Balai	Tanjung Balai	Indonesia
TJC	Ticantiki	Ticantiki	Panama
TJG	Tanjung Warukin	Tanjung Warukin	Indonesia
TJH	Tajima	Toyooka	Japan
TJI	Capiro	Trujillo	Honduras
TJJ	Tianjin Bus Station	Tianjin	China
TJK	Tokat	Tokat	Turkey
TJM	Roschino	Tyumen	Russia
TJN	Takume	Takume	French Polynesia
TJQ	Bulutumbang	Tanjung Pandan	Indonesia
TJS	Tanjung Selor	Tanjung Selor	Indonesia
TJU	Kulyab	Kulyab	Tajikistan
TJV	Thanjavur	Thanjavur	India
TKA	Talkeetna	Talkeetna	United States
TKB	Tekadu	Tekadu	Papua New Guinea
TKC	Tiko	Tiko	Cameroon
TKD	Takoradi	Takoradi	Ghana
TKE	Tenakee SPB	Tenakee Springs	United States
TKF	Truckee-Tahoe	Truckee	United States
TKG	Branti	Bandar Lampung	Indonesia
TKH	Nakhon Sawan	Takhli	Thailand
TKI	Tokeen	Tokeen	United States
TKJ	Tok	Tok	United States
TKK	Truk	Truk	Micronesia
TKL	Taku SPB	Taku Lodge	United States
TKM	El Peten	Tikal	Guatemala
TKN	Tokunoshima	Tokunoshima	Japan
TKO	Tlokoeng	Tlokoeng	Lesotho
TKP	Takapoto	Takapoto	French Polynesia
TKQ	Kigoma	Kigoma	Tanzania
TKR	Thakurgaon	Thakurgaon	Bangladesh
TKS	Tokushima	Tokushima	Japan
TKT	Tak	Tak	Thailand
TKU	Turku	Turku	Finland
TKV	Tatakoto	Tatakoto	French Polynesia
TKW	Tekin	Tekin	Papua New Guinea
TKX	Takaroa	Takaroa	French Polynesia
TKY	Turkey Creek	Turkey Creek	Australia
TKZ	Tokoroa	Tokoroa	New Zealand
TLA	Teller	Teller	United States
TLB	Tarbela	Tarbela	Pakistan
TLC	Licenciado Adolfo Lopez Mateos International	Mexico City	Mexico
TLD	Limpopo Valley	Tuli Block	Botswana
TLE	Tulear	Tulear	Madagascar
TLF	Telida	Telida	United States
TLG	Tulagi Island	Tulagi Island	Solomon Islands
TLH	Tallahassee Regional Airport	Tallahassee	United States
TLI	Tolitoli	Tolitoli	Indonesia
TLJ	Tatalina AFS	Tatalina	United States
TLL	Lennart Meri	Tallinn	Estonia
TLM	Zenata	Tlemcen	Algeria
TLN	Le Palyvestre	Hyeres	France
TLO	Tol	Tol	Papua New Guinea
TLP	Tumolbil	Tumolbil	Papua New Guinea
TLQ	Jiaohe	Turpan	China
TLR	Mefford Field	Tulare	United States
TLS	Blagnac	Toulouse	France
TLT	Tuluksak	Tuluksak	United States
TLU	Tolu	Tolu	Colombia
TLV	Ben Gurion International	Tel Aviv Yafo	Israel
TLW	Talasea	Talasea	Papua New Guinea
TLX	Talca	Talca	Chile
TLY	Plastun	Plastun	Russia
TLZ	Catalao	Catalao	Brazil
TMA	Henry Tift Myers	Tifton	United States
TMB	Tamiami	Miami	United States
TMC	Tjilik Riwut	Tambolaka	Indonesia
TMD	Timbedra	Timbedra	Mauritania
TME	Tame	Tame	Colombia
TMG	Tomanggong	Tomanggong	Malaysia
TMH	Tanahmerah	Tanahmerah	Indonesia
TMI	Tumling Tar	Tumling Tar	Nepal
TMJ	Termez	Termez	Uzbekistan
TMK	Tamky	Tamky	Vietnam
TML	Tamale	Tamale	Ghana
TMM	Tamatave	Tamatave	Madagascar
TMN	Tamana Island	Tamana Island	Kiribati
TMO	Tumeremo	Tumeremo	Venezuela
TMP	Tampere-pirkkala	Tampere	Finland
TMQ	Tambao	Tambao	Burkina Faso
TMR	Aguemar	Tamanrasset	Algeria
TMS	Sao Tome Island	Sao Tome Island	Sao Tome and Principe
TMT	Trombetas	Trombetas	Brazil
TMU	Tambor	Tambor	Costa Rica
TMW	Tamworth Regional Airport	Tamworth	Australia
TMX	Timimoun	Timimoun	Algeria
TMY	Tiom	Tiom	Indonesia
TMZ	Thames	Thames	New Zealand
TNA	Jinan	Jinan	China
TNB	Tanah Grogot	Tanah Grogot	Indonesia
TNC	Tin City Afs	Tin City	United States
TND	Trinidad	Trinidad	Cuba
TNE	Tanegashima	Tanegashima	Japan
TNF	Toussus-le-noble	Toussus-Le-Noble	France
TNG	Ibn Batouta	Tangier	Morocco
TNH	Tonghua Liuhe	Tonghua	China
TNI	Satna	Satna	India
TNJ	Kidjang	Tanjung Pinang	Indonesia
TNK	Tununak	Tununak	United States
TNL	Ternopol	Ternopol	Ukraine
TNM	Teniente R. Marsh Martin	Teniente R. Marsh Martin	Antarctica
TNN	Tainan	Tainan	Taiwan
TNO	Tamarindo	Tamarindo	Costa Rica
TNP	Twentynine Palms	Twentynine Palms	United States
TNQ	Teraina	Teraina	Kiribati
TNR	Ivato International Airport	Antananarivo	Madagascar
TNS	Tungsten	Tungsten	Canada
TNT	Dade Collier	Miami	United States
TNU	Newton Municipal Airport	Newton	United States
TNV	Tabuaeran	Tabuaeran	Kiribati
TNW	Jumandy	Tena	Ecuador
TNX	Stung Treng	Stung Treng	Cambodia
TNZ	Tosontsengel	Tosontsengel	Mongolia
TOA	Torrance Airport	Torrance	United States
TOB	Tobruk	Tobruk	Libya
TOC	Toccoa RG Letourneau Field	Toccoa	United States
TOD	Tioman	Tioman	Malaysia
TOE	Tozeur	Tozeur	Tunisia
TOF	Bogashevo	Tomsk	Russia
TOG	Togiak Village	Togiak Village	United States
TOH	Torres Airstrip	Torres	Vanuatu
TOI	Troy Municipal Airport	Troy	United States
TOJ	Torrejon AFB	Madrid	Spain
TOK	Torokina	Torokina	Papua New Guinea
TOL	Toledo Express	Toledo	United States
TOM	Tombouctou	Tombouctou	Mali
TON	Tonu	Tonu	Papua New Guinea
TOO	San Vito	San Vito	Costa Rica
TOP	Philip Billard	Topeka	United States
TOQ	Barriles	Tocopilla	Chile
TOR	Torrington Municipal Airport	Torrington	United States
TOS	Tromso/langnes	Tromso	Norway
TOT	Coronie	Totness	Suriname
TOU	Touho	Touho	New Caledonia
TOV	West End SPB	Tortola	British Virgin Islands
TOW	Toledo	Toledo	Brazil
TOY	Toyama	Toyama	Japan
TOZ	Touba	Touba	Ivory Coast
TPA	Tampa International	Tampa	United States
TPC	Tarapoa	Tarapoa	Ecuador
TPE	Taiwan Taoyuan International	Taipei	Taiwan
TPF	Peter O'Knight	Tampa	United States
TPG	Taiping	Taiping	Malaysia
TPH	Tonopah Airport	Tonopah	United States
TPI	Tapini	Tapini	Papua New Guinea
TPJ	Taplejung Suketar	Taplejung	Nepal
TPK	Tapaktuan	Tapaktuan	Indonesia
TPL	Draughon-miller Central Texas Regional	Temple	United States
TPN	Tiputini	Tiputini	Ecuador
TPO	Tanalian Point	Tanalian Point	United States
TPP	Tarapoto	Tarapoto	Peru
TPQ	Tepic	Tepic	Mexico
TPR	Tom Price	Tom Price	Australia
TPS	Birgi	Trapani	Italy
TPT	Tapeta	Tapeta	Liberia
TPU	Tikapur	Tikapur	Nepal
TPX	Tupai	Tupai	French Polynesia
TPY	Porta Nuova Railway Station	Turin	Italy
TQD	Al Taqaddum AB	Al Fallujah	Iraq
TQL	Tarko-Sale	Tarko-Sale	Russia
TQN	Taluqan	Taluqan	Afghanistan
TQR	San Domino Island	San Domino Island	Italy
TQS	Tres Esquinas	Tres Esquinas	Colombia
TRA	Tarama	Taramajima	Japan
TRB	Gonzalo	Turbo	Colombia
TRC	Francisco Sarabia	Torreon	Mexico
TRD	Vaernes	Trondheim	Norway
TRE	Tiree	Tiree	United Kingdom
TRF	Sandefjord	Oslo	Norway
TRG	Tauranga	Tauranga	New Zealand
TRH	Trona	Trona	United States
TRI	Tri-cities Regional	Blountville	United States
TRJ	Tarakbits	Tarakbits	Papua New Guinea
TRK	Juwata	Tarakan	Indonesia
TRL	Terrell Field	Terrell	United States
TRM	Thermal	Thermal	United States
TRN	Caselle	Turin	Italy
TRO	Taree	Taree	Australia
TRP	Coast Guard Heliport	Tree Point	United States
TRQ	Tarauaca	Tarauaca	Brazil
TRR	China Bay	Trincomalee	Sri Lanka
TRS	Ronchi dei Legionar	Trieste	Italy
TRT	Tremonton	Tremonton	United States
TRU	Trujillo	Trujillo	Peru
TRV	Thiruvananthapuram International	Thiruvananthapuram	India
TRW	Bonriki	Tarawa	Kiribati
TRX	Memorial	Trenton	United States
TRY	Tororo	Tororo	Uganda
TRZ	Civil	Tiruchirapally	India
TSA	Taipei Songshan (Sung Shan)	Taipei	Taiwan
TSB	Tsumeb	Tsumeb	Namibia
TSC	Taisha	Taisha	Ecuador
TSD	Tshipise	Tshipise	South Africa
TSF	S. Angelo	Venice	Italy
TSG	Intermediate	Tanacross	United States
TSH	Tshikapa	Tshikapa	Democratic Republic of the Congo
TSI	Tsili Tsili	Tsili Tsili	Papua New Guinea
TSJ	Tsushima	Tsushima	Japan
TSL	Tamuin	Tamuin	Mexico
TSM	Taos	Taos	United States
TSN	Tianjin Binhai International	Tianjin	China
TSO	Tresco	St Marys, Isles Of Scilly	United Kingdom
TSP	Kern County	Tehachapi	United States
TSQ	Torres	Torres	Brazil
TSR	Timisoara (Traian Vuia) International	Timisoara	Romania
TSS	East 34th St Heliport	New York	United States
TST	Trang	Trang	Thailand
TSU	Tabiteuea South	Tabiteuea South	Kiribati
TSV	Townsville International	Townsville	Australia
TSW	Tsewi	Tsewi	Papua New Guinea
TSX	Tanjung Santan	Tanjung Santan	Indonesia
TSY	Tasikmalaya	Tasikmalaya	Indonesia
TSZ	Tsetserleg	Tsetserleg	Mongolia
TTA	Tan Tan	Tan Tan	Morocco
TTB	Arbatax	Tortoli	Italy
TTC	Taltal	Taltal	Chile
TTD	Troutdale	Troutdale	United States
TTE	Babullah	Ternate	Indonesia
TTG	Tartagal	Tartagal	Argentina
TTH	Thumrait	Thumrait	Oman
TTI	Tetiaroa Island	Tetiaroa Island	French Polynesia
TTJ	Tottori	Tottori	Japan
TTK	Hale Railway Station	Tottenham	United Kingdom
TTL	Turtle Island	Turtle Island	Fiji
TTM	Tablon De Tamara	Tablon De Tamara	Colombia
TTN	Trenton Mercer Airport	Philadelphia	United States
TTO	Britton Municipal Airport	Britton	United States
TTQ	Tortuquero	Tortuquero	Costa Rica
TTR	Tana Toraja	Tana Toraja	Indonesia
TTS	Tsaratanana	Tsaratanana	Madagascar
TTT	Taitung	Taitung	Taiwan
TTU	Sania Ramel	Tetuan	Morocco
TTW	Tissa Tank	Tissa Tank	Sri Lanka
TUA	Tulcan	Tulcan	Ecuador
TUB	Tubuai	Tubuai	French Polynesia
TUC	Benj Matienzo	Tucuman	Argentina
TUD	Tambacounda	Tambacounda	Senegal
TUE	Tupile	Tupile	Panama
TUF	St Symphorien	Tours	France
TUG	Tuguegarao	Tuguegarao	Philippines
TUH	Arnold AFS	Tullahoma	United States
TUI	Turaif	Turaif	Saudi Arabia
TUJ	Tum	Tum	Ethiopia
TUK	Turbat International Airport	Turbat	Pakistan
TUL	Tulsa International	Tulsa	United States
TUM	Tumut	Tumut	Australia
TUN	Carthage	Tunis	Tunisia
TUO	Taupo	Taupo	New Zealand
TUP	Lemons Municipalcipal	Tupelo	United States
TUQ	Tougan	Tougan	Burkina Faso
TUR	Tucurui	Tucurui	Brazil
TUS	Tucson International Airport	Tucson	United States
TUU	Tabuk	Tabuk	Saudi Arabia
TUV	Tucupita	Tucupita	Venezuela
TUW	Tubala	Tubala	Panama
TUX	Tumbler Ridge	Tumbler Ridge	Canada
TUY	Tulum	Tulum	Mexico
TVA	Morafenobe	Morafenobe	Madagascar
TVC	Cherry Capital Airport	Traverse City	United States
TVF	Regional	Thief River Falls	United States
TVI	Thomasville Municipal Airport	Thomasville	United States
TVL	South Lake Tahoe	South Lake Tahoe	United States
TVS	Sannuhe	Tangshan	China
TVU	Matei	Taveuni	Fiji
TVY	Dawe	Dawe	Myanmar
TWA	Twin Hills	Twin Hills	United States
TWB	Toowoomba	Toowoomba	Australia
TWD	Port Townsend	Port Townsend	United States
TWE	Taylor	Taylor	United States
TWF	Joslin Field - Magic Valley Regional	Twin Falls	United States
TWH	Two Harbors	Avalon	United States
TWN	Tewantin	Tewantin	Australia
TWP	Torwood	Torwood	Australia
TWT	Tawitawi	Tawitawi	Philippines
TWU	Tawau	Tawau	Malaysia
TWY	Tawa	Tawa	Papua New Guinea
TWZ	Pukaki/Twizel	Mount Cook	New Zealand
TXF	Teixeira de Freitas	Teixeira de Freitas	Brazil
TXG	Taichung	Taichung	Taiwan
TXK	Texarkana Municipal	Texarkana	United States
TXL	Berlin-tegel / Otto Lilienthal	Berlin	Germany
TXM	Teminabuan	Teminabuan	Indonesia
TXN	Tunxi	Tunxi	China
TXR	Tanbar	Tanbar	Australia
TXU	Tabou	Tabou	Ivory Coast
TYA	Tula	Tula	Russia
TYB	Tibooburra	Tibooburra	Australia
TYD	Tynda	Tynda	Russia
TYE	Tyonek	Tyonek	United States
TYF	Torsby Airport	Torsby	Sweden
TYG	Thylungra	Thylungra	Australia
TYL	Talara	Talara	Peru
TYM	Staniel Cay	Staniel Cay	Bahamas
TYN	Taiyuan	Taiyuan	China
TYP	Tobermorey	Tobermorey	Australia
TYR	Tyler Pounds Regional Airport	Tyler	United States
TYS	Mc Ghee Tyson	Knoxville	United States
TYT	Treinta-y-Tres	Treinta-y-Tres	Uruguay
TYZ	Taylor	Taylor	United States
TZA	Municipal	Belize City	Belize
TZC	Tuscola Area	Caro	United States
TZL	Tuzla International	Tuzla	Bosnia and Herzegovina
TZM	Tizimin	Tizimin	Mexico
TZN	South Andros	South Andros	Bahamas
TZO	Tsimiroro	Ankisatra	Madagascar
TZX	Trabzon	Trabzon	Turkey
UAB	Adana-Incirlik Airbase	Adana	Turkey
UAC	San Luis Rio Colorado	San Luis Rio Colorado	Mexico
UAE	Mount Aue	Mount Aue	Papua New Guinea
UAH	Ua Huka	Ua Huka	French Polynesia
UAI	Suai	Suai	East Timor
UAK	Narsarsuaq	Narsarsuaq	Greenland
UAL	Luau	Luau	Angola
UAM	Andersen AFB	Agana	Guam
UAP	Ua Pou	Ua Pou	French Polynesia
UAQ	San Juan	San Juan	Argentina
UAR	Bouarfa	Bouarfa	Morocco
UAS	Samburu	Samburu	Kenya
UAX	Uaxactun	Uaxactun	Guatemala
UBA	Uberaba	Uberaba	Brazil
UBB	Mabuiag Island	Mabuiag Island	Australia
UBI	Buin	Buin	Papua New Guinea
UBJ	Ube	Ube	Japan
UBP	Muang Ubon	Ubon Ratchathni	Thailand
UBR	Ubrub	Ubrub	Indonesia
UBS	Lowndes County	Columbus	United States
UBT	Ubatuba	Ubatuba	Brazil
UBU	Kalumburu	Kalumburu	Australia
UCC	Yucca Flat	Yucca Flat	United States
UCE	Eunice	Eunice	United States
UCK	Lutsk	Lutsk	Ukraine
UCN	Buchanan	Buchanan	Liberia
UCT	Ukhta	Ukhta	Russia
UCY	Everett-Stewart	Union City	United States
UDA	Undarra	Undarra	Australia
UDD	Bermuda Dunes	Palm Springs	United States
UDE	Volkel	Uden	Netherlands
UDI	Eduardo Gomes	Uberlandia	Brazil
UDJ	Uzhgorod	Uzhgorod	Ukraine
UDN	Airfield	Udine	Italy
UDO	Udomxay	Udomxay	Laos
UDR	Dabok	Udaipur	India
UEE	Queenstown	Queenstown	Australia
UEL	Quelimane	Quelimane	Mozambique
UEN	Urengoy	Urengoy	Russia
UEO	Kumejima	Kumejima	Japan
UER	Puertollano	Puertollano	Spain
UES	Waukesha	Waukesha	United States
UET	Quetta	Quetta	Pakistan
UFA	Ufa International Airport	Ufa	Russia
UGA	Bulgan	Bulgan	Mongolia
UGB	Ugashik Bay	Pilot Point	United States
UGC	Urgench	Urgench	Uzbekistan
UGI	Uganik	Uganik	United States
UGN	Memorial	Waukegan	United States
UGO	Uige	Uige	Angola
UGS	Ugashik	Ugashik	United States
UGT	Umnugobitour	Umnugobitour	Mongolia
UGU	Zugapa	Zugapa	Indonesia
UHE	Kunovice	Uherske Hradiste	Czech Republic
UIB	Quibdo	Quibdo	Colombia
UIH	Qui Nhon	Qui Nhon	Vietnam
UII	Utila	Utila	Honduras
UIK	Ust-Ilimsk	Ust-Ilimsk	Russia
UIL	Quillayute State	Quillayute	United States
UIN	Quincy M Baldwin Field	Quincy	United States
UIO	Mariscal Sucre	Quito	Ecuador
UIP	Pluguffan	Quimper	France
UIQ	Quine Hill	Quine Hill	Vanuatu
UIR	Quirindi	Quirindi	Australia
UIT	Jaluit Island	Jaluit Island	Marshall Islands
UJE	Ujae Island	Ujae Island	Marshall Islands
UJN	Uljin	Uljin	South Korea
UKA	Ukunda	Ukunda	Kenya
UKB	Kobe	Osaka	Japan
UKH	Mukhaizna	Mukhaizna	Oman
UKI	Ukiah	Ukiah	United States
UKK	Ust-kamenogorsk	Ust-kamenogorsk	Kazakhstan
UKN	Waukon Municipal Airport	Waukon	United States
UKR	Mukeiras	Mukeiras	Yemen
UKS	Belbek	Sevastopol	Ukraine
UKT	Upper Bucks	Quakertown	United States
UKU	Nuku	Nuku	Papua New Guinea
UKX	Ust-Kut	Ust-Kut	Russia
UKY	Kyoto	Kyoto	Japan
ULA	San Julian	San Julian	Argentina
ULB	Ulei	Ulei	Vanuatu
ULD	Ulundi	Ulundi	South Africa
ULE	Sule	Sule	Papua New Guinea
ULG	Ulgit	Ulgit	Mongolia
ULH	Alula International	Al Ula	Saudi Arabia
ULI	Ulithi	Ulithi	Micronesia
ULK	Lensk	Lensk	Russia
ULL	Mull	Mull	United Kingdom
ULM	New Ulm	New Ulm	United States
ULN	Chinggis Khaan International	Ulaanbaatar	Mongolia
ULO	Ulaangom	Ulaangom	Mongolia
ULP	Quilpie	Quilpie	Australia
ULQ	Farfan	Tulua	Colombia
ULS	Mulatos	Mulatos	Colombia
ULU	Gulu	Gulu	Uganda
ULV	Baratayevka	Ulyanovsk	Russia
ULX	Ulusaba	Ulusaba	South Africa
ULY	Vostochny	Ulyanovsk	Russia
ULZ	Uliastai	Uliastai	Mongolia
UMA	Punta De Maisi	Punta De Maisi	Cuba
UMB	North Shore	Umnak Island	United States
UMC	Umba	Umba	Papua New Guinea
UMD	Uummannaq	Uummannaq	Greenland
UME	Umea	Umea	Sweden
UMI	Quincemil	Quincemil	Peru
UMM	Summit	Summit	United States
UMR	Woomera	Woomera	Australia
UMT	Umiat	Umiat	United States
UMU	Ernesto Geisel	Umuarama	Brazil
UMY	Sumy	Sumy	Ukraine
UNA	Una	Una	Brazil
UNC	Unguia	Unguia	Colombia
UND	Kunduz	Kunduz	Afghanistan
UNE	Qachas Nek	Qachas Nek	Lesotho
UNG	Kiunga	Kiunga	Papua New Guinea
UNI	Union Island	Union Island	Saint Vincent and the Grenadines
UNK	Unalakleet	Unalakleet	United States
UNN	Ranong	Ranong	Thailand
UNR	Underkhaan	Underkhaan	Mongolia
UNS	Umnak	Umnak Island	United States
UNT	Baltasound	Unst Shetland Island	United Kingdom
UNU	Dodge County	Juneau	United States
UOL	Buol	Buol	Indonesia
UON	Muong Sai	Muong Sai	Laos
UOS	Franklin County	Sewanee	United States
UOX	University-Oxford	Oxford	United States
UPA	Punta Alegre	Punta Alegre	Cuba
UPB	Playa Baracoa	Havana	Cuba
UPG	Hasanudin	Ujung Pandang	Indonesia
UPL	Upala	Upala	Costa Rica
UPN	Uruapan	Uruapan	Mexico
UPP	Upolu Point	Upolu Point	United States
UPR	Upiara	Upiara	Papua New Guinea
UPV	Upavon	Upavon	United Kingdom
UQE	Queen	Queen	United States
URA	Uralsk / Podstepnyy	Uralsk	Kazakhstan
URC	Diwopu International	Urumqi	China
URD	Burg Feuerstein	Burg Feuerstein	Germany
URE	Kuressaare	Kuressaare	Estonia
URG	Ruben Berta	Uruguaiana	Brazil
URI	Uribe	Uribe	Colombia
URJ	Uraj	Uraj	Russia
URM	Uriman	Uriman	Venezuela
URN	Urgoon	Urgoon	Afghanistan
URO	Boos	Rouen	France
URR	Urrao	Urrao	Colombia
URS	Kursk	Kursk	Russia
URT	Surat Thani	Surat Thani	Thailand
URU	Uroubi	Uroubi	Papua New Guinea
URY	Gurayat	Gurayat	Saudi Arabia
URZ	Uruzgan	Uruzgan	Afghanistan
USH	Islas Malvinas Argentinas International	Ushuaia	Argentina
USI	Mabaruma	Mabaruma	Guyana
USK	Usinsk	Usinsk	Russia
USL	Useless Loop	Useless Loop	Australia
USM	Ko Samui Airport	Koh Samui	Thailand
USN	Ulsan	Ulsan	South Korea
USQ	Usak	Usak	Turkey
UST	St Augustine	St Augustine	United States
USU	Francisco Reyes	Busuanga	Philippines
UTA	Mutare	Mutare	Zimbabwe
UTB	Muttaburra	Muttaburra	Australia
UTD	Nutwood Downs	Nutwood Downs	Australia
UTG	Quthing	Quthing	Lesotho
UTH	Udon Thani	Udon Thani	Thailand
UTI	Utti	Valkeala	Finland
UTK	Utirik Island	Utirik Island	Marshall Islands
UTL	Torremolinos	Torremolinos	Spain
UTM	Tunica Municipalcipal Airport	Tunica	United States
UTN	Upington	Upington	South Africa
UTO	Indian Mountain AFS	Utopia Creek	United States
UTP	Utapao	Pattaya	Thailand
UTR	Uttaradit	Uttaradit	Thailand
UTS	Ust-Tsilma	Ust-Tsilma	Russia
UTT	Umtata	Umtata	South Africa
UTU	Ustupo	Ustupo	Panama
UTW	Queenstown	Queenstown	South Africa
UUA	Bugulma	Bugulma	Russia
UUD	Mukhino	Ulan-ude	Russia
UUK	Kuparuk	Kuparuk	United States
UUN	Baruun-Urt	Baruun-Urt	Mongolia
UUS	Khomutovo	Yuzhno-Sakhalinsk	Russia
UUU	Manumu	Manumu	Papua New Guinea
UVA	Garner Field	Uvalde	United States
UVE	Ouvea	Ouvea	New Caledonia
UVF	Hewanorra	Castries	Saint Lucia
UVL	Kharga	Kharga	Egypt
UVO	Uvol	Uvol	Papua New Guinea
UWA	Ware	Ware	United States
UWE	Wiesbaden Hbf Railway Station	Wiesbaden	Germany
UWP	Wuppertal Hbf Railway Station	Wuppertal	Germany
UYL	Nyala	Nyala	Sudan
UYN	Yulin	Yulin	China
UYU	Uyuni	Uyuni	Bolivia
UZC	Uzice-Ponikve	Uzice	Serbia
UZH	Unayzah	Unayzah	Saudi Arabia
UZM	Hope Bay	Hope Bay	Canada
UZU	Curuzu Cuatia	Curuzu Cuatia	Argentina
VAA	Vaasa	Vaasa	Finland
VAB	Yavarate	Yavarate	Colombia
VAC	Varrelbusch	Varrelbusch	Germany
VAD	Moody AFB	Valdosta	United States
VAF	Chabeuil	Valence	France
VAG	Maj. Brig. Trompowsky	Varginha	Brazil
VAH	Vallegrande	Vallegrande	Bolivia
VAI	Vanimo	Vanimo	Papua New Guinea
VAK	Chevak	Chevak	United States
VAL	Valenca	Valenca	Brazil
VAM	Maamigili	Maamigili	Maldives
VAN	Ferit Melen Airport	Van	Turkey
VAO	Suavanao Airstrip	Suavanao	Solomon Islands
VAP	Valparaiso	Valparaiso	Chile
VAR	Varna	Varna	Bulgaria
VAS	Sivas	Sivas	Turkey
VAT	Vatomandry	Vatomandry	Madagascar
VAU	Vatukoula	Vatukoula	Fiji
VAV	Lupepau'u	Vava'u	Tonga
VAW	Vardoe	Vardoe	Norway
VBG	Vandenberg AFB	Lompoc	United States
VBM	Blue Mountain	Blue Mountain	United States
VBS	Brescia Montichiari	Verona	Italy
VBV	Vanuabalavu	Vanuabalavu	Fiji
VBY	Visby	Visby	Sweden
VCA	Can Tho	Can Tho	Vietnam
VCB	View Cove	View Cove	United States
VCD	Victoria River Downs	Victoria River Downs	Australia
VCE	Marco Polo	Venice	Italy
VCF	Valcheta	Valcheta	Argentina
VCH	Vichadero	Vichadero	Uruguay
VCL	Chulai	Tamky	Vietnam
VCP	Viracopos (Campinas International)	Sao Paulo	Brazil
VCR	Carora	Carora	Venezuela
VCS	Co Ong	Con Dao	Vietnam
VCT	County-Foster	Victoria	United States
VCV	Southern California Logistics	Victorville	United States
VDA	Ovda	Ovda	Israel
VDB	Valdres Lufthavn Leirin	Fagernes	Norway
VDC	Vitoria Da Conquista	Vitoria Da Conquista	Brazil
VDE	Hierro	Valverde	Spain
VDH	Dong Hoi	Dong Hoi	Vietnam
VDI	Vidalia Municipal Airport	Vidalia	United States
VDM	Viedma	Viedma	Argentina
VDP	Valle De Pascua	Valle De Pascua	Venezuela
VDR	Villa Dolores	Villa Dolores	Argentina
VDS	Vadso	Vadso	Norway
VDT	Montevideo Bus Station	Montevideo	Uruguay
VDU	Tom O'Connor Oilfield	Refugio	United States
VDY	Jindal	Vidyanagar	India
VDZ	Valdez Municipal	Valdez	United States
VEE	Venetie	Venetie	United States
VEG	Maikwak	Maikwak	Guyana
VEL	Vernal	Vernal	United States
VER	Las Bajadas	Veracruz	Mexico
VEV	Barakoma	Barakoma	Solomon Islands
VEX	Tioga Municipal Airport	Tioga	United States
VEY	Vestmannaeyjar	Vestmannaeyjar	Iceland
VFA	Victoria Falls	Victoria Falls	Zimbabwe
VGA	Vijayawada	Vijayawada	India
VGD	Vologda	Vologda	Russia
VGG	Vangrieng	Vangrieng	Laos
VGO	Vigo	Vigo	Spain
VGS	General Villegas	General Villegas	Argentina
VGT	North Air Terminal	Las Vegas	United States
VGZ	Villagarzon	Villagarzon	Colombia
VHC	Saurimo	Saurimo	Angola
VHM	Vilhelmina	Vilhelmina	Sweden
VHN	Culberson County	Van Horn	United States
VHY	Charmeil	Vichy	France
VHZ	Vahitahi	Vahitahi	French Polynesia
VIA	Vienna	Videira	Brazil
VIC	Trissino	Vicenza	Italy
VIE	Vienna International	Vienna	Austria
VIF	Vieste	Vieste	Italy
VIG	El Vigia	El Vigia	Venezuela
VIH	Rolla National	Vichy	United States
VII	Vinh City	Vinh City	Vietnam
VIJ	Spanish Town	Spanish Town	British Virgin Islands
VIK	Airstrip	Kavik	United States
VIL	Dakhla	Dakhla	Morocco
VIN	Vinnica	Vinnica	Ukraine
VIQ	Viqueque	Viqueque	East Timor
VIR	Virginia	Durban	South Africa
VIS	Visalia	Visalia	United States
VIT	Vitoria	Vitoria	Spain
VIU	Viru Harbour Airstrip	Viru	Solomon Islands
VIV	Vivigani	Vivigani	Papua New Guinea
VIX	Eurico Sales	Vitoria	Brazil
VIY	Villa Coublay	Paris	France
VJB	Xai Xai	Xai Xai	Mozambique
VJI	Virginia Highlands	Abingdon	United States
VJQ	Gurue	Gurue	Mozambique
VKG	Rach Gia	Rach Gia	Vietnam
VKO	Vnukovo	Moscow	Russia
VKS	Vicksburg	Vicksburg	United States
VKT	Vorkuta	Vorkuta	Russia
VKW	West Kavik	West Kavik	United States
VLA	Vandalia	Vandalia	United States
VLC	Valencia Airport	Manises	Spain
VLD	Regional	Valdosta	United States
VLE	J t Robidoux	Valle	United States
VLG	Villa Gesell	Villa Gesell	Argentina
VLI	Bauerfield	Port Vila	Vanuatu
VLK	Volgodonsk	Volgodonsk	Russia
VLL	Valladolid	Valladolid	Spain
VLM	Villamontes	Villamontes	Bolivia
VLN	Arturo Michelena International Airport	Valencia	Venezuela
VLO	Stolport	Vallejo	United States
VLP	Vila Rica	Vila Rica	Brazil
VLR	Vallenar	Vallenar	Chile
VLS	Valesdir	Valesdir	Vanuatu
VLU	Velikiye Luki	Velikiye Luki	Russia
VLV	Carvajal	Valera	Venezuela
VLY	Valley	Anglesey	United Kingdom
VME	Villa Mercedes	Villa Mercedes	Argentina
VMI	Dr.Juan Plate	Vallemi	Paraguay
VMU	Baimuru	Baimuru	Papua New Guinea
VNA	Saravane	Saravane	Laos
VNC	Venice Municipalcipal	Venice	United States
VND	Vangaindrano	Vangaindrano	Madagascar
VNE	Meucon	Vannes	France
VNG	Viengxay	Viengxay	Laos
VNO	Vilnius	Vilnius	Lithuania
VNR	Vanrook	Vanrook	Australia
VNS	Lal Bahadur Shastri	Varanasi	India
VNT	Ventspils	Ventspils	Latvia
VNX	Vilanculos	Vilanculos	Mozambique
VNY	Van Nuys	Los Angeles	United States
VNZ	Vicenza Railway Station	Vicenza	Italy
VOD	Vodochody	Prague	Czech Republic
VOG	Gumrak	Volgograd	Russia
VOH	Vohemar	Vohemar	Madagascar
VOI	Voinjama	Voinjama	Liberia
VOK	Volk Field	Camp Douglas	United States
VOL	Nea Anchialos	Volos	Greece
VOT	Votuporanga	Votuporanga	Brazil
VOZ	Chertovitskoye	Voronezh	Russia
VPE	Ondjiva	Ondjiva	Angola
VPG	Vipingo	Vipingo	Kenya
VPN	Vopnafjordur	Vopnafjordur	Iceland
VPS	Eglin AFB	Valparaiso	United States
VPY	Chimoio	Chimoio	Mozambique
VPZ	Porter County	Valparaiso	United States
VQQ	Cecil Field	Jacksonville	United States
VQS	Vieques	Vieques	Puerto Rico
VRA	Juan Gualberto Gomez	Varadero	Cuba
VRB	Vero Beach Municipal	Vero Beach	United States
VRC	Virac	Virac	Philippines
VRE	Vredendal	Vredendal	South Africa
VRI	Varandey	Varandey	Russia
VRK	Varkaus	Joroinen	Finland
VRL	Vila Real	Vila Real	Portugal
VRN	Valerio Catullo	Verona	Italy
VRO	Kawama	Matanzas	Cuba
VRS	Versailles	Versailles	United States
VRU	Vryburg	Vryburg	South Africa
VRY	Stolport (Not operational)	Vaeroy	Norway
VSA	Capitan Carlos Rovirosa	Villahermosa	Mexico
VSE	Viseu	Viseu	Portugal
VSF	Hartness State	Springfield	United States
VSG	Lugansk	Lugansk	Ukraine
VSK	Vista Field	Kennewick	United States
VSO	Phuoclong	Phuoclong	Vietnam
VST	Vasteras/Hasslo	Stockholm	Sweden
VTA	Victoria	Victoria	Honduras
VTB	Vitebsk	Vitebsk	Belarus
VTE	Wattay	Vientiane	Laos
VTF	Vatulele	Vatulele	Fiji
VTG	Vung Tau	Vung Tau	Vietnam
VTL	Vittel	Vittel	France
VTM	Nevatim AFB	Nevatim	Israel
VTN	Miller Field	Valentine	United States
VTU	Las Tunas	Las Tunas	Cuba
VTZ	Vishakhapatnam	Vishakhapatnam	India
VUP	Valledupar	Valledupar	Colombia
VUS	Velikij Ustyug	Velikij Ustyug	Russia
VUU	Mvuu Camp	Mvuu Camp	Malawi
VVB	Mahanoro	Mahanoro	Madagascar
VVC	La Vanguardia	Villavicencio	Colombia
VVI	Viru Viru International	Santa Cruz	Bolivia
VVK	Vastervik	Vastervik	Sweden
VVN	Malvinas	Malvinas	Peru
VVO	Knevichi	Vladivostok	Russia
VVZ	Illizi	Illizi	Algeria
VXC	Lichinga	Lichinga	Mozambique
VXE	San Pedro	Sao Vicente	Cape Verde
VXO	Smaland Airport	Växjö	Sweden
VYD	Vryheid	Vryheid	South Africa
VYS	Illinois Valley Regnl	Peru	United States
WAA	Wales	Wales	United States
WAC	Waca	Waca	Ethiopia
WAD	Andriamena	Andriamena	Madagascar
WAE	Wadi al Dawaser Airport	Wadi Ad Dawasir	Saudi Arabia
WAF	Wana	Wana	Pakistan
WAG	Wanganui	Wanganui	New Zealand
WAH	Wahpeton	Wahpeton	United States
WAI	Antsohihy	Antsohihy	Madagascar
WAJ	Wawoi Falls	Wawoi Falls	Papua New Guinea
WAK	Ankazoabo	Ankazoabo	Madagascar
WAL	Wallops Flight Center	Chincoteague	United States
WAM	Ambatondrazaka	Ambatondrazaka	Madagascar
WAN	Waverney	Waverney	Australia
WAO	Wabo	Wabo	Papua New Guinea
WAP	Alto Palena	Alto Palena	Chile
WAQ	Antsalova	Antsalova	Madagascar
WAR	Waris	Waris	Indonesia
WAT	Waterford	Waterford	Ireland
WAU	Wauchope	Wauchope	Australia
WAV	Kalkgurung	Wave Hill	Australia
WAW	Frederic Chopin	Warsaw	Poland
WAX	Zwara	Zwara	Libya
WAY	Greene County	Waynesburg	United States
WAZ	Warwick	Warwick	Australia
WBA	Wahai	Wahai	Indonesia
WBB	Stebbins	Stebbins	United States
WBC	Wapolu	Wapolu	Papua New Guinea
WBD	Befandriana	Befandriana	Madagascar
WBE	Bealanana	Bealanana	Madagascar
WBG	Schleswig-jagel	Schleswig-jagel	Germany
WBI	Broker Inn	Boulder	United States
WBK	Community	West Branch	United States
WBM	Wapenamanda	Wapenamanda	Papua New Guinea
WBN	Cummings Park	Woburn	United States
WBO	Beroroha	Beroroha	Madagascar
WBQ	Beaver	Beaver	United States
WBR	Big Rapids	Big Rapids	United States
WBU	Boulder Municipal	Boulder	United States
WBW	Wilkes-Barre/Wyoming Valley	Wilkes-Barre	United States
WCA	Gamboa	Castro	Chile
WCH	Chaiten	Chaiten	Chile
WCR	Chandalar	Chandalar	United States
WDA	Wadi Ain	Wadi Ain	Yemen
WDB	Deep Bay	Deep Bay	United States
WDG	Enid Woodring Regional	Enid	United States
WDH	Hosea Kutako International (J. G. Strijdom)	Windhoek	Namibia
WDI	Wondai	Wondai	Australia
WDN	Waldron Island	Waldron Island	United States
WDR	Winder	Winder	United States
WDY	Kodiak Fss	Kodiak	United States
WEA	Parker County	Weatherford	United States
WEC	Wenchang Railway Station	Wenchang	China
WED	Wedau	Wedau	Papua New Guinea
WEF	Weifang	Weifang	China
WEH	Weihai	Weihai	China
WEI	Weipa	Weipa	Australia
WEL	Welkom	Welkom	South Africa
WEP	Weam	Weam	Papua New Guinea
WET	Wagethe	Wagethe	Indonesia
WEW	Wee Waa	Wee Waa	Australia
WFB	Waterfront SPB	Ketchikan	United States
WFD	Woodford	Woodford	United Kingdom
WFI	Fianarantsoa	Fianarantsoa	Madagascar
WFK	Frenchville	Frenchville	United States
WGA	Forest Hill	Wagga Wagga	Australia
WGB	Bahawalnagar	Bahawalnagar	Pakistan
WGC	Warangal	Warangal	India
WGE	Walgett	Walgett	Australia
WGN	Waitangi	Waitangi	New Zealand
WGO	Winchester Regional	Winchester	United States
WGP	Waingapu	Waingapu	Indonesia
WGT	Wangaratta	Wangaratta	Australia
WHD	SPB	Hyder	United States
WHF	Wadi Halfa	Wadi Halfa	Sudan
WHH	Hiltons Har H	Boulder	United States
WHK	Whakatane	Whakatane	New Zealand
WHL	Welshpool	Welshpool	Australia
WHO	Franz Josef	Franz Josef	New Zealand
WHP	Whiteman	Los Angeles	United States
WHS	Whalsay	Whalsay	United Kingdom
WHT	Wharton	Wharton	United States
WHU	Wuhu	Wuhu	China
WIB	Wilbarger County	Wilbarger	United States
WIC	Wick	Wick	United Kingdom
WIE	Air Base	Wiesbaden	Germany
WIK	Surfdale	Surfdale	New Zealand
WIL	Wilson	Nairobi	Kenya
WIN	Winton	Winton	Australia
WIO	Wilcannia	Wilcannia	Australia
WIR	Wairoa	Wairoa	New Zealand
WIT	Wittenoom	Wittenoom	Australia
WIU	Witu	Witu	Papua New Guinea
WJA	Woja	Woja	Marshall Islands
WJF	William J Fox	Lancaster	United States
WJR	Wajir	Wajir	Kenya
WJU	WonJu	WonJu	South Korea
WKA	Wanaka	Wanaka	New Zealand
WKB	Warracknabeal	Warracknabeal	Australia
WKF	Waterkloof AFB	Pretoria	South Africa
WKI	Hwange	Hwange	Zimbabwe
WKJ	Hokkaido	Wakkanai	Japan
WKK	Aleknagik	Aleknagik	United States
WKL	Waikoloa Airport	Waikoloa	United States
WKN	Wakunai	Wakunai	Papua New Guinea
WKR	Walker's Cay	Walker's Cay	Bahamas
WLA	Wallal	Wallal	Australia
WLB	Labouchere Bay	Labouchere Bay	United States
WLC	Walcha	Walcha	Australia
WLD	Arkansas City	Winfield	United States
WLG	Wellington International	Wellington	New Zealand
WLH	Walaha	Walaha	Vanuatu
WLK	Selawik	Selawik	United States
WLL	Wollogorang	Wollogorang	Australia
WLM	Waltham	Waltham	United States
WLN	Little Naukati	Little Naukati	United States
WLO	Waterloo	Waterloo	Australia
WLR	Loring	Loring	United States
WLS	Wallis Island	Wallis Island	Wallis and Futuna
WLW	Glenn County	Willows	United States
WMA	Mandritsara	Mandritsara	Madagascar
WMB	Warrnambool	Warrnambool	Australia
WMC	Winnemucca	Winnemucca	United States
WMD	Mandabe	Mandabe	Madagascar
WME	Mount Keith	Mount Keith	Australia
WMH	Mountain Home	Mountain Home	United States
WMI	Modlin	Nowy Dwor Mazowiecki	Poland
WMK	SPB	Meyers Chuck	United States
WML	Malaimbandy	Malaimbandy	Madagascar
WMN	Maroantsetra	Maroantsetra	Madagascar
WMO	White Mountain	White Mountain	United States
WMP	Mampikony	Mampikony	Madagascar
WMR	Mananara	Mananara	Madagascar
WMV	Madirovalo	Madirovalo	Madagascar
WMX	Wamena	Wamena	Indonesia
WNA	Napakiak SPB	Napakiak	United States
WNC	Naukati Bay SPB	Tuxekan Island	United States
WND	Windarra	Windarra	Australia
WNE	Wora Na Ye	Wora Na Ye	Gabon
WNH	Puzhehei	Wenshan	China
WNN	Wunnummin Lake	Wunnummin Lake	Canada
WNP	Naga	Naga	Philippines
WNR	Windorah	Windorah	Australia
WNS	Nawabshah	Nawabshah	Pakistan
WNU	Wanuma	Wanuma	Papua New Guinea
WNZ	Wenzhou	Wenzhou	China
WOA	Wonenara	Wonenara	Papua New Guinea
WOD	Wood River	Wood River	United States
WOE	Woensdrecht	Woensdrecht	Netherlands
WOK	Wonken	Wonken	Venezuela
WOL	Wollongong	Wollongong	Australia
WON	Wondoola	Wondoola	Australia
WOO	Woodchopper	Woodchopper	United States
WOR	Moramba	Ankorefo	Madagascar
WOS	Wonsan	Wonsan	North Korea
WOT	Wonan	Wonan	Taiwan
WOW	Willow	Willow	United States
WPA	Puerto Aisen	Puerto Aisen	Chile
WPB	Port Berge	Port Berge	Madagascar
WPC	Pincher Creek	Pincher Creek	Canada
WPK	Wrotham Park	Wrotham Park	Australia
WPL	Powell Lake	Powell Lake	Canada
WPM	Wipim	Wipim	Papua New Guinea
WPO	North Fork Valley	Paonia	United States
WPR	Porvenir	Porvenir	Chile
WPU	Puerto Williams	Puerto Williams	Chile
WRA	Warder	Warder	Ethiopia
WRB	Robins AFB	Macon	United States
WRE	Whangarei	Whangarei	New Zealand
WRG	Wrangell SPB	Wrangell	United States
WRH	Wrench Creek	Wrench Creek	United States
WRI	Mc Guire AFB	Wrightstown	United States
WRL	Worland Municipalcipal	Worland	United States
WRO	Nicolaus Copernicus	Wroclaw	Poland
WRW	Warrawagine	Warrawagine	Australia
WRY	Westray	Westray	United Kingdom
WRZ	Wirawila	Wirawila	Sri Lanka
WSA	Wasua	Wasua	Papua New Guinea
WSB	SPB	Steamboat Bay	United States
WSD	Condron AAF	White Sands	United States
WSF	Sarichef	Sarichef	United States
WSG	County	Washington	United States
WSH	Brookhaven	Shirley	United States
WSJ	San Juan SPB	San Juan	United States
WSM	Wiseman	Wiseman	United States
WSN	South Naknek	South Naknek	United States
WSO	Washabo	Washabo	Suriname
WSP	Waspam	Waspam	Nicaragua
WSR	Wasior	Wasior	Indonesia
WST	Westerly State	Westerly	United States
WSU	Wasu	Wasu	Papua New Guinea
WSX	Westsound	Westsound	United States
WSZ	Westport	Westport	New Zealand
WTA	Tambohorano	Tambohorano	Madagascar
WTC	World Trade Center	New York	United States
WTD	West End	West End	Bahamas
WTE	Wotje Island	Wotje Island	Marshall Islands
WTK	Noatak	Noatak	United States
WTL	Tuntutuliak	Tuntutuliak	United States
WTN	RAF Station	Waddington	United Kingdom
WTO	Wotho Island	Wotho Island	Marshall Islands
WTP	Woitape	Woitape	Papua New Guinea
WTR	White River	White River	United States
WTS	Tsiroanomandidy	Tsiroanomandidy	Madagascar
WTT	Wantoat	Wantoat	Papua New Guinea
WTZ	Whitianga	Whitianga	New Zealand
WUA	Wu Hai	Wu Hai	China
WUD	Wudinna	Wudinna	Australia
WUG	Wau	Wau	Papua New Guinea
WUH	Tianhe International	Wuhan	China
WUM	Wasum	Wasum	Papua New Guinea
WUN	Wiluna	Wiluna	Australia
WUS	Wuyishan	Wuyishan	China
WUU	Wau	Wau	South Sudan
WUV	Wuvulu Island	Wuvulu Island	Papua New Guinea
WUX	Sunan Shuofang	Wuxi	China
WUZ	Changzhoudao	Wuzhou	China
WVB	Rooikop	Walvis Bay	Namibia
WVI	Watsonville	Watsonville	United States
WVK	Manakara	Manakara	Madagascar
WVL	Robert Lafleur	Waterville	United States
WVN	Wilhelmshaven	Wilhelmshaven	Germany
WWA	Wasilla	Wasilla	United States
WWD	Cape May County	Wildwood	United States
WWI	Woodie Woodie	Woodie Woodie	Australia
WWK	Boram	Wewak	Papua New Guinea
WWP	Whale Pass	Whale Pass	United States
WWR	West Woodward	Woodward	United States
WWS	USAF Heliport	Wildwood	United States
WWT	Newtok	Newtok	United States
WWY	West Wyalong	West Wyalong	Australia
WXJ	Wanning Railway Station	Wanning	China
WXN	Wanxian	Wanxian	China
WYA	Whyalla	Whyalla	Australia
WYB	SPB	Yes Bay	United States
WYE	Yengema	Yengema	Sierra Leone
WYN	Wyndham	Wyndham	Australia
WYS	Yellowstone	West Yellowstone	United States
WZY	Paradise Island Seaplane Base	Nassau	Bahamas
XAD	Churchill Railway Station	Churchill	Canada
XAH	Silkeborg Railway Station	Silkeborg	Denmark
XAJ	Hirtshals Bus Station	Hirtshals	Denmark
XAK	Herning Railway Station	Herning	Denmark
XAL	Alamos	Alamos	Mexico
XAP	Aeroporto Municipalcipal Chapeco	Chapeco	Brazil
XAQ	Bronderslev Bus Station	Bronderslev	Denmark
XAR	Aribinda	Aribinda	Burkina Faso
XAU	Saul	Saul	French Guiana
XAW	Capreol Railway Station	Capreol	Canada
XAX	Dorval Railway Station	Montreal	Canada
XAY	Xayabury	Xayabury	Laos
XAZ	Campbellton Railway Station	Campbellton	Canada
XBB	Blubber Bay	Blubber Bay	Canada
XBE	Bearskin Lake	Bearskin Lake	Canada
XBG	Bogande	Bogande	Burkina Faso
XBJ	Birjand	Birjand	Iran
XBL	Buno Bedelle	Buno Bedelle	Ethiopia
XBN	Biniguni	Biniguni	Papua New Guinea
XBO	Boulsa	Boulsa	Burkina Faso
XBR	Brockville	Brockville	Canada
XBW	Killineq	Killineq	Canada
XCC	Le Creusot/Montceau TGV Railway Station	Le Creusot/Montceau	France
XCH	Christmas Island	Christmas Island	Christmas Island
XCI	Chambord Railway Station	Chambord	Canada
XCL	Cluff Lake	Cluff Lake	Canada
XCM	Chatham	Chatham	Canada
XCN	Coron Airport	Puerto Princesa City	Philippines
XCO	Colac	Colac	Australia
XCR	Vatry International	Paris	France
XDB	Europe Railway Station	Lille	France
XDD	Gaspe Railway Station	Gaspe	Canada
XDE	Diebougou	Diebougou	Burkina Faso
XDG	Halifax Railway Station	Halifax	Canada
XDH	Jasper Railway Station	Jasper	Canada
XDJ	Djibo	Djibo	Burkina Faso
XDL	Chandler Railway Station	Chandler	Canada
XDM	Drummondville Railway Station	Drummondville	Canada
XDO	Grande-Riviere Railway Station	Grande-Riviere	Canada
XDP	Moncton Railway Station	Moncton	Canada
XDQ	London Railway Station	London	Canada
XDS	Ottawa Railway Station	Ottawa	Canada
XDU	Hervey Railway Station	Hervey	Canada
XDV	Pr. George Railway	Prince George	Canada
XDW	Prince Rupert Railway Station	Prince Rupert	Canada
XDX	Sarnia Railway Station	Sarnia	Canada
XDY	Sudbury Jct Railway	Sudbury	Canada
XDZ	The Pas Railway Station	The Pas	Canada
XEA	Vancouver Railway.	Vancouver	Canada
XEC	Windsor Railway Station	Windsor	Canada
XED	Marne/Chessy Rail Station	Disneyland Paris	France
XEE	Lac Edouard Railway Station	Lac Edouard	Canada
XEF	Winnipeg Railway Station	Winnipeg	Canada
XEG	Kingston Railway Station	Kingston	Canada
XEH	Ladysmith Railway Station	Ladysmith	Canada
XEJ	Langford Railway Station	Langford	Canada
XEK	Melville Railway Station	Melville	Canada
XEL	New Carlisle Railway Station	New Carlisle	Canada
XEM	New Richmond Railway Station	New Richmond	Canada
XEN	Xingcheng	Xingcheng	China
XEO	Harbour	Oqatsut	Greenland
XEQ	Harbour	Tasiuasaq	Greenland
XER	Strasbourg Bus Service	Strasbourg	France
XES	Lake Geneva Aire Estates Airport	Lake Geneva	United States
XET	Karlsruhe Bus Station	Karlsruhe	Germany
XEU	Hyatt Rgncy EY Bus Station	Dubai	United Arab Emirates
XEV	Stockholm C Rail Station	Stockholm	Sweden
XEW	Flemingsberg Railway Station	Flemingsberg	Sweden
XEX	Aerogare	Paris	France
XEY	Miramichi Railway Station	Miramichi	Canada
XEZ	Sodertalje S Railway	Sodertalje	Sweden
XFA	Lille Flanders RailwaySv	Lille	France
XFC	Fredericton Junction Railway Station	Fredericton Junction	Canada
XFD	Stratford Railway Station	Stratford	Canada
XFE	Parent Railway Station	Parent	Canada
XFF	Calais-Frethun Rail Station	Calais	France
XFG	Perce Railway Station	Perce	Canada
XFH	Strangnas Railway Station	Strangnas	Sweden
XFI	Port-Daniel Railway Station	Port-Daniel	Canada
XFJ	Eskilstuna C Rail Station	Eskilstuna	Sweden
XFK	Senneterre Railway Station	Senneterre	Canada
XFL	Shawinigan Railway Station	Shawinigan	Canada
XFM	Shawnigan Railway Station	Shawnigan	Canada
XFN	Xiangfan	Xiangfan	China
XFO	Taschereau Railway Station	Taschereau	Canada
XFP	Malmo C Railway Station	Malmo	Sweden
XFQ	Weymont Railway Station	Weymont	Canada
XFR	Malmo Syd Railway Station	Malmo	Sweden
XFS	Alexandria Railway Station	Alexandria	Canada
XFU	Tierp Railway Station	Tierp	Sweden
XFV	Brantford Railway Station	Brantford	Canada
XFW	Finkenwerder	Hamburg	Germany
XFY	Sainte-Foy Railway	Québec City	Canada
XFZ	Charny	Québec City	Canada
XGA	Gaoua	Gaoua	Burkina Faso
XGB	Gare Montparnasse	Paris	France
XGC	Lund C Railway Station	Lund	Sweden
XGD	Arendal Railway Station	Arendal	Norway
XGE	Ottawa Bus Station	Ottawa	Canada
XGG	Gorom-Gorom	Gorom-Gorom	Burkina Faso
XGH	Flam Railway Station	Flam	Norway
XGI	Andalsnes Railway Station	Andalsnes	Norway
XGJ	Cobourg Railway Station	Cobourg	Canada
XGK	Coteau Railway Station	Coteau	Canada
XGL	Granville Lake	Granville Lake	Canada
XGM	Grantham Railway Station	Grantham	United Kingdom
XGN	Xangongo	Xangongo	Angola
XGP	Dombas Railway Station	Dombas	Norway
XGQ	Saariselka Bus Station	Saariselka	Finland
XGR	Kangiqsualujjuaq	Kangiqsualujjuaq	Canada
XGS	Gjerstad Railway Station	Gjerstad	Norway
XGU	Asker Railway Station	Asker	Norway
XGW	Gananoque Railway Station	Gananoque	Canada
XGX	Levi Bus Station	Levi	Finland
XGY	Grimsby Railway Station	Grimsby	Canada
XGZ	Bregenz Railway Station	Bregenz	Austria
XHA	Yllasjarvi Bus Station	Yllasjarvi	Finland
XHC	Akaslompolo Bus Station	Akaslompolo	Finland
XHD	Ruka Bus Station	Ruka	Finland
XHF	Honefoss Railway Station	Honefoss	Norway
XHG	Ottawa Bus Station	Ottawa	Canada
XHH	Boulder Bus Station	Boulder	United States
XHI	Herzogenaurach Bus Station	Herzogenaurach	Germany
XHJ	Aachen Hbf Railway Station	Aachen	Germany
XHK	Valence TGV Railway Station	Valence	France
XHL	Nelaug Railway Station	Nelaug	Norway
XHM	Georgetown Railway Station	Georgetown	Canada
XHN	Guillemins, Raiway Stn	Liege	Belgium
XHO	City Bus Station	Dongguan	China
XHP	Gare de l'Est Rail Station	Paris	France
XHQ	Hopa Bus Station	Artvin	Turkey
XHS	Chemainus Railway Station	Chemainus	Canada
XHT	Arna Railway Station	Arna	Norway
XHU	Huntingdon Railway Station	Huntingdon	United Kingdom
XHV	Brasov Bus Station	Brasov	Romania
XHW	Alice Springs Railway	Alice Springs	Australia
XHX	Adelaide Keswick Railway	Adelaide	Australia
XIA	Guelph Railway Station	Guelph	Canada
XIB	Ingersoll Railway Station	Ingersoll	Canada
XIC	Xichang	Xichang	China
XID	Maxville Railway Station	Maxville	Canada
XIE	Xienglom	Xienglom	Laos
XIF	Napanee Railway Station	Napanee	Canada
XIG	Xinguara	Xinguara	Brazil
XII	Prescott Railway Station	Prescott	Canada
XIJ	Ahmed Al Jaber	Ahmed Al Jaber	Kuwait
XIK	Central Station	Milan	Italy
XIL	Xilinhot	Xilinhot	China
XIM	Saint Hyacinthe Railway Station	Saint Hyacinthe	Canada
XIN	Xingning	Xingning	China
XIO	St Marys Railway Station	St Marys	Canada
XIP	Woodstock Railway Station	Woodstock	Canada
XIQ	Harbour	Ilimanaq	Greenland
XIR	Dresden Hbf Railway Station	Dresden	Germany
XIT	Leipzig Hbf Rail Station	Leipzig-Halle	Germany
XIU	Erfurt Hbf Railway Station	Erfurt	Germany
XIV	Campo Grande Rail Station	Valladolid	Spain
XIX	Porta Nuova Railway	Verona	Italy
XIY	Xianyang	Xian	China
XIZ	Champagne-Ardenne TGV	Reims	France
XJA	Alvdal Railway Station	Alvdal	Norway
XJB	Barcelona Bus Station	Barcelona	Spain
XJC	Olomouc Main Railway Station	Olomouc	Czech Republic
XJD	Al Udeid AB	Al Udeid	Qatar
XJE	Railway Service	Vojens	Denmark
XJF	Falun Bus Station	Borlange	Sweden
XJG	Darwin Railway	Darwin	Australia
XJH	Hong Kong Harbour	Hong Kong	Hong Kong
XJI	Ciudad Real Railway Station	Ciudad Real	Spain
XJJ	Albacete Bus Station	Albacete	Spain
XJK	Klaipeda Bus Station	Klaipeda	Lithuania
XJL	Joliette Railway Station	Joliette	Canada
XJN	Valladolid Bus Station	Valladolid	Spain
XJO	Soria Bus Station	Soria	Spain
XJP	Pardubice Main Railway Station	Pardubice	Czech Republic
XJQ	Jonquiere Railway Station	Jonquiere	Canada
XJR	Lorca Bus Station	Lorca	Spain
XJS	Kitzbuehl Railway	Kitzbuehl	Austria
XJT	Tours Railway Station	Tours	France
XJU	Burgos Bus Station	Burgos	Spain
XJV	Ostrava Main Railway Station	Ostrava	Czech Republic
XJY	Massy TGV Rail Station	Paris	France
XKA	Kantchari	Kantchari	Burkina Faso
XKB	Kongsberg Railway Station	Kongsberg	Norway
XKC	Sandnes Railway	Sandnes	Norway
XKD	Halden Railway Station	Halden	Norway
XKE	Rena Railway Station	Rena	Norway
XKF	Fredrikstad Railway Station	Fredrikstad	Norway
XKG	Grong Railway Station	Grong	Norway
XKH	Xieng Khouang	Xieng Khouang	Laos
XKI	Lillestrom Railway Station	Lillestrom	Norway
XKJ	Steinkjer Railway Station	Steinkjer	Norway
XKK	Larvik Railway Station	Larvik	Norway
XKL	Sentral Railway Station	Kuala Lumpur	Malaysia
XKM	Moss Railway Station	Moss	Norway
XKN	Finse Railway Station	Finse	Norway
XKO	Kemano	Kemano	Canada
XKP	Porsgrunn Railway Station	Porsgrunn	Norway
XKQ	Sarpsborg Railway Station	Sarpsborg	Norway
XKR	Kristiansand Railway Station	Kristiansand	Norway
XKS	Kasabonika	Kasabonika	Canada
XKV	Sackville Railway Station	Sackville	Canada
XKW	Tonsberg Railway Station	Tonsberg	Norway
XKY	Kaya	Kaya	Burkina Faso
XKZ	Vinstra Railway Station	Vinstra	Norway
XLB	Lac Brochet	Lac Brochet	Canada
XLF	Leaf Bay	Leaf Bay	Canada
XLJ	Quebec Stn. Railway	Québec City	Canada
XLK	Levis Railway Station	Québec City	Canada
XLM	St Lambert Railway	Montreal	Canada
XLO	Long Xuyen	Long Xuyen	Vietnam
XLP	Matapedia Railway Station	Matapedia	Canada
XLQ	Guildwood Railway Station	Toronto	Canada
XLS	St Louis	St Louis	Senegal
XLU	Leo	Leo	Burkina Faso
XLV	Niagara Falls Railway Station	Niagara Falls	Canada
XLW	Lemwerder	Lemwerder	Germany
XLY	Aldershot Railway Station	Aldershot	Canada
XLZ	Truro Railway Station	Truro	Canada
XMA	Maramag	Maramag	Philippines
XMB	Marina Mall EY Bus Station	Dubai	United Arab Emirates
XMC	Mallacoota	Mallacoota	Australia
XMD	Madison	Madison	United States
XMG	Mahendranagar	Mahendranagar	Nepal
XMH	Manihi	Manihi	French Polynesia
XMI	Masasi	Masasi	Tanzania
XML	Minlaton	Minlaton	Australia
XMN	Xiamen	Xiamen	China
XMP	Macmillan Pass	Macmillan Pass	Canada
XMS	Macas	Macas	Ecuador
XMY	Yam Island	Yam Island	Australia
XMZ	Macclesfield Railway Station	Macclesfield	United Kingdom
XNA	Northwest Arkansas Regional	Fayetteville	United States
XNB	Chelsea Twr EY Bus Station	Dubai	United Arab Emirates
XNC	Cadorna Railway Station	Milan	Italy
XND	Drammen Railway Station	Drammen	Norway
XNE	Newport Railway Station	Newport	United Kingdom
XNG	Quang Ngai	Quang Ngai	Vietnam
XNM	Nottingham Railway Station	Nottingham	United Kingdom
XNN	Xining	Xining	China
XNO	Northallerton Railway Station	Northallerton	United Kingdom
XNR	Aabenraa Bus Station	Aabenraa	Denmark
XNT	Xingtai	Xingtai	China
XNU	Nouna	Nouna	Burkina Faso
XNV	Nuneaton Railway Station	Nuneaton	United Kingdom
XNY	39th Street Ferry	New York	United States
XNZ	Auckland Ferry Port	Auckland	New Zealand
XOA	Aalbaek Bus Station	Aalbaek	Denmark
XOB	Bryne Railway Station	Bryne	Norway
XOC	Atocha Railway St.	Madrid	Spain
XOD	Oppdal Railway Station	Oppdal	Norway
XOF	Stratford International Rail Station	London	United Kingdom
XOH	Kitzbuehel Bus Station	Kitzbuehl	Austria
XOI	Ischgl Bus Station	Ischgl	Austria
XOJ	Cordoba Central Railway Station	Cordoba	Spain
XOK	Oakville Railway Station	Oakville	Canada
XOL	Myrdal Railway Station	Myrdal	Norway
XOM	Melbourne Ferry Port	Melbourne	Australia
XON	Carleton Railway Station	Carleton	Canada
XOO	Soelden Bus Station	Soelden	Austria
XOP	Poitiers Railway Station	Poitiers	France
XOQ	Sira Railway Station	Sira	Norway
XOR	Otta Railway Station	Otta	Norway
XOU	Guiomar Railway Station	Segovia	Spain
XOV	St Anton Bus Station	St Anton	Austria
XOW	Seefeld Bus Station	Seefeld	Austria
XPA	Pama	Pama	Burkina Faso
XPB	Parksville Railway Station	Parksville	Canada
XPF	Penrith Railway Station	Penrith	United Kingdom
XPG	Gare du Nord Railway	Paris	France
XPH	Port Hope Railway Station	Port Hope	Canada
XPJ	Montpellier Railway	Montpellier	France
XPK	Pukatawagan	Pukatawagan	Canada
XPL	Coronel Enrique Soto Cano AB	Comayagua	Honduras
XPN	Brampton Railway Station	Brampton	Canada
XPO	Perth Ferry Port	Perth	Australia
XPP	Poplar River	Poplar River	Canada
XPQ	Ferry	Port Klang	Malaysia
XPR	Pine Ridge	Pine Ridge	United States
XPT	Preston Railway Station	Preston	United Kingdom
XPU	West Kuparuk	West Kuparuk	United States
XPW	Parkway Railway Station	Didcot	United Kingdom
XPX	Pointe-aux-Trembles Railway Station	Pointe-aux-Trembles	Canada
XPY	Pyha Bus Station	Pyha	Finland
XPZ	Harbour	Saint Tropez	France
XQA	Santa Justa Railway Station	Sevilla	Spain
XQB	Basingstoke Railway Station	Basingstoke	United Kingdom
XQD	Bedford Railway Station	Bedford	United Kingdom
XQE	Ebbsfleet International Rail Station	London	United Kingdom
XQG	Berwick-upon-Tweed Railway Station	Berwick-upon-Tweed	United Kingdom
XQH	Derby Railway Station	Derby	United Kingdom
XQI	Loughborough Railway Station	Loughborough	United Kingdom
XQL	Lancaster Railway Station	Lancaster	United Kingdom
XQM	Market Harborough Railway Station	Market Harborough	United Kingdom
XQN	Brisbane Ferry Port	Brisbane	Australia
XQP	Quepos	Pavones	Costa Rica
XQS	Sotkamo Bus Station	Sotkamo	Finland
XQT	Trent Valley Rail Station	Lichfield	United Kingdom
XQU	Qualicum	Qualicum	Canada
XQW	Motherwell Railway Station	Motherwell	United Kingdom
XRA	Graasten Bus Station	Graasten	Denmark
XRC	Runcorn Railway Station	Runcorn	United Kingdom
XRD	Egersund Railway Station	Egersund	Norway
XRE	Railway Service	Reading	United Kingdom
XRF	Marseille Railway	Marseille	France
XRG	Trent Valley Rail Station	Rugeley	United Kingdom
XRH	Richmond AFB	Richmond	Australia
XRJ	Termini Railway	Rome	Italy
XRK	Paveletskiy Railway	Moscow	Russia
XRP	Riviere-a-Pierre Railway Station	Riviere-a-Pierre	Canada
XRR	Ross River	Ross River	Canada
XRU	Rugby Railway Station	Rugby	United Kingdom
XRY	Jerez De La Frontera	Jerez De La Frontera	Spain
XSC	International	South Caicos	Turks and Caicos Islands
XSD	Test Range	Tonopah	United States
XSE	Sebba	Sebba	Burkina Faso
XSH	St-Pierre-Corps RailSt	Tours	France
XSI	South Indian Lake	South Indian Lake	Canada
XSM	St Marys	St Marys	United States
XSO	Siocon	Siocon	Philippines
XSP	Seletar	Singapore	Singapore
XSR	Salisbury Railway Station	Salisbury	United Kingdom
XTG	Thargomindah	Thargomindah	Australia
XTI	Chamartin Railway St.	Madrid	Spain
XTJ	Toledo Railway Station	Toledo	Spain
XTK	Thirsk Railway Station	Thirsk	United Kingdom
XTL	Tadoule Lake	Tadoule Lake	Canada
XTO	Taroom	Taroom	Australia
XTP	Tampere Bus Station	Tampere	Finland
XTR	Tara	Tara	Australia
XTT	Etoile	Paris	France
XTY	Strathroy Railway Station	Strathroy	Canada
XUA	Huesca Railway Station	Huesca	Spain
XUB	Berkak Railway Station	Berkak	Norway
XUC	Elverum Railway Station	Elverum	Norway
XUE	Heimdal Railway Station	Heimdal	Norway
XUF	Cartagena Railway Station	Cartagena	Spain
XUG	Holmestrand Railway Station	Holmestrand	Norway
XUH	Levanger Railway Station	Levanger	Norway
XUI	Lysaker Railway Station	Lysaker	Norway
XUJ	Moelv Railway Station	Moelv	Norway
XUL	Nesbyen Railway Station	Nesbyen	Norway
XUM	Neslandsvatn Railway Station	Neslandsvatn	Norway
XUN	Hailey Bus Station	Sun Valley	United States
XUO	Nordagutu Railway Station	Nordagutu	Norway
XUQ	Ringebu Railway Station	Ringebu	Norway
XUR	Skoppum Railway Station	Skoppum	Norway
XUS	Snartemo Railway Station	Snartemo	Norway
XUT	Murcia Railway Station	Murcia	Spain
XUU	Stjordal Railway Station	Stjordal	Norway
XUV	Storekvina Railway	Storekvina	Norway
XUW	Storen Railway	Storen	Norway
XUX	Ustaoset Railway Station	Ustaoset	Norway
XUZ	Xuzhou	Xuzhou	China
XVA	Stockport Railway Station	Stockport	United Kingdom
XVB	Stafford Railway Station	Stafford	United Kingdom
XVC	Crewe Railway Station	Crewe	United Kingdom
XVG	Darlington Railway Station	Darlington	United Kingdom
XVH	Peterborough Railway Station	Peterborough	United Kingdom
XVJ	Stevenage Railway Station	Stevenage	United Kingdom
XVK	Voss Railway Station	Voss	Norway
XVL	Vinh Long	Vinh Long	Vietnam
XVM	Vuokatti Bus Station	Vuokatti	Finland
XVQ	Santa Lucia Railway	Venice	Italy
XVU	Durham Railway Station	Teesside	United Kingdom
XVV	Belleville Railway Station	Belleville	Canada
XVW	Wolverhampton Railway Station	Wolverhampton	United Kingdom
XVX	Vejle Railway Station	Vejle	Denmark
XVY	Mestre Railway	Venice	Italy
XWA	Watford Railway Station	Watford	Canada
XWB	Stirling Railway Station	Stirling	United Kingdom
XWC	Suedbahnhof Railway	Vienna	Austria
XWD	Westgate Railway Station	Wakefield	United Kingdom
XWE	Wellingborough Railway Station	Wellingborough	United Kingdom
XWF	Falun C Railway Station	Borlange	Sweden
XWG	Strasbourg Railway Station	Strasbourg	France
XWH	Stoke-on-Trent Railway Station	Stoke-on-Trent	United Kingdom
XWI	North Wstern Rail Station	Wigan	United Kingdom
XWK	Karlskrona Railway Svc.	Ronneby	Sweden
XWL	Goteborg C Railway Station	Gothenburg	Sweden
XWM	Hallsberg Railway Station	Hallsberg	Sweden
XWN	Bank Quay Rail Station	Warrington	United Kingdom
XWO	Woking Railway Station	Woking	United Kingdom
XWP	Hassleholm	Hassleholm	Sweden
XWQ	Enkoping	Enkoping	Sweden
XWR	Orebro C Railway Station	Orebro	Sweden
XWS	Swindon Railway Station	Swindon	United Kingdom
XWT	Mitte CAT Rail Station	Vienna	Austria
XWV	Varberg Railway Station	Varberg	Sweden
XWW	Westbahnhof Railway	Vienna	Austria
XWX	Nassjo C Railway Station	Nassjo	Sweden
XWY	Wyoming Railway Station	Wyoming	Canada
XWZ	Nykoping	Nykoping	Sweden
XXA	Alvesta	Alvesta	Sweden
XXC	Bo Railway Station	Bo	Norway
XXD	Degerfors Railway Station	Degerfors	Sweden
XXE	Vennesla Railway Station	Vennesla	Norway
XXG	Verdal Railway Station	Verdal	Norway
XXI	Koping Railway Station	Koping	Sweden
XXJ	Deli Railway Station	Budapest	Hungary
XXK	Katrineholm	Katrineholm	Sweden
XXL	Lillehammer Railway Station	Lillehammer	Norway
XXM	Mjolby Railway Station	Mjolby	Sweden
XXO	Leksand Railway Station	Leksand	Sweden
XXQ	Keleti Railway Station	Budapest	Hungary
XXR	Al Railway Station	Al	Norway
XXT	Arboga Railway Station	Arboga	Sweden
XXU	Hedemora	Hedemora	Sweden
XXV	Kumla Railway Station	Kumla	Sweden
XXY	Ronneby Railway Station	Ronneby	Sweden
XXZ	Sundsvall C Rail Station	Sundsvall	Sweden
XYA	Yandina	Yandina	Solomon Islands
XYB	Borlange Railway	Borlange	Sweden
XYC	Herrljunga	Herrljunga	Sweden
XYD	Lyon Part-Dieu	Lyon	France
XYE	Ye	Ye	Myanmar
XYF	Falkoping C Rail Station	Falkoping	Sweden
XYG	Prague Main Railway Station	Prague	Czech Republic
XYH	Helsingborg Railway	Angelholm	Sweden
XYI	Flen	Flen	Sweden
XYJ	Holesovice Railway Station	Prague	Czech Republic
XYK	Norrkoping C Rail Station	Norrkoping	Sweden
XYL	Lyon Perrache Railway Svc.	Lyon	France
XYM	Falkenberg Railway	Falkenberg	Sweden
XYN	Kristinehamn Railway	Kristinehamn	Sweden
XYO	Karlshamn	Karlshamn	Sweden
XYP	Avesta Krylbo	Avesta Krylbo	Sweden
XYQ	Angelholm Railway	Angelholm	Sweden
XYR	Yellow River	Yellow River	Papua New Guinea
XYS	Sydney Ferry Port	Sydney	Australia
XYU	Solvesborg	Solvesborg	Sweden
XYX	Sala	Sala	Sweden
XYY	Arvika Railway Station	Arvika	Sweden
XYZ	Harnosand Railway Station	Sundsvall	Sweden
XZA	Zabre	Zabre	Burkina Faso
XZB	Casselman Railway Station	Casselman	Canada
XZC	Glencoe Railway Station	Glencoe	Canada
XZD	Kongsvinger Railway Station	Kongsvinger	Norway
XZF	Dammam Port	Dammam	Saudi Arabia
XZI	Lorraine TGV Rail Station	Metz	France
XZK	Amherst Railway Station	Amherst	Canada
XZL	Edmonton Railway Station	Edmonton	Canada
XZM	Macau Ferry	Macau	Macao
XZN	Avignon Railway	Avignon	France
XZO	Oslo S Railway Station	Oslo	Norway
XZT	Trondheim S Rail Station	Trondheim	Norway
XZV	Toulon Railway Station	Hyeres	France
XZZ	Delicias Railway St.	Zaragoza	Spain
YAA	Anahim Lake	Anahim Lake	Canada
YAB	Arctic Bay	Arctic Bay	Canada
YAC	Cat Lake	Cat Lake	Canada
YAE	Alta Lake	Alta Lake	Canada
YAF	Asbestos Hill	Asbestos Hill	Canada
YAG	Fort Frances Municipal	Fort Frances	Canada
YAH	Lagrande 4	Lagrande 4	Canada
YAI	Chillan	Chillan	Chile
YAJ	Lyall Harbour	Lyall Harbour	Canada
YAK	Yakutat	Yakutat	United States
YAL	Alert Bay	Alert Bay	Canada
YAM	Sault Sainte Marie	Sault Sainte Marie	Canada
YAN	Yangambi	Yangambi	Democratic Republic of the Congo
YAO	Yaounde Airport	Yaounde	Cameroon
YAP	Yap International	Yap	Micronesia
YAQ	Maple Bay	Maple Bay	Canada
YAR	Lagrande 3	Lagrande 3	Canada
YAS	Yasawa Island	Yasawa Island	Fiji
YAT	Attawapiskat	Attawapiskat	Canada
YAU	Kattiniq/donaldson	Kattiniq	Canada
YAV	Miners Bay	Miners Bay	Canada
YAW	Shearwater	Halifax	Canada
YAX	Angling Lake	Angling Lake	Canada
YAY	St Anthony	St Anthony	Canada
YAZ	Tofino Airport	Tofino	Canada
YBA	Banff	Banff	Canada
YBB	Kugaaruk	Kugaaruk	Canada
YBC	Baie Comeau	Baie Comeau	Canada
YBD	New Westminster	New Westminster	Canada
YBE	Uranium City	Uranium City	Canada
YBF	Bamfield	Bamfield	Canada
YBG	Bagotville	Bagotville	Canada
YBH	Bull Harbour	Bull Harbour	Canada
YBI	Black Tickle	Black Tickle	Canada
YBJ	Baie Johan Beetz	Baie Johan Beetz	Canada
YBK	Baker Lake	Baker Lake	Canada
YBL	Campbell River	Campbell River	Canada
YBN	Borden	Borden	Canada
YBO	Bob Quinn Lake	Bobquinn Lake	Canada
YBP	Yibin	Yibin	China
YBQ	Telegraph Harbour	Telegraph Harbour	Canada
YBR	Brandon	Brandon	Canada
YBS	Musselwhite	Opapamiska Lake	Canada
YBT	Brochet	Brochet	Canada
YBV	Berens River	Berens River	Canada
YBW	Springbank	Bedwell Harbor	Canada
YBX	Blanc Sablon	Blanc Sablon	Canada
YBY	Bonnyville	Bonnyville	Canada
YBZ	Toronto Downtown	Toronto	Canada
YCA	Courtenay	Courtenay	Canada
YCB	Cambridge Bay	Cambridge Bay	Canada
YCC	Regional	Cornwall	Canada
YCD	Nanaimo	Nanaimo	Canada
YCE	Centralia	Centralia	Canada
YCF	Cortes Bay	Cortes Bay	Canada
YCG	Castlegar	Castlegar	Canada
YCH	Miramichi	Miramichi	Canada
YCI	Caribou Island	Caribou Island	Canada
YCJ	Cape St James	Cape St James	Canada
YCL	Charlo	Charlo	Canada
YCM	St Catharines	St Catharines	Canada
YCN	Cochrane	Cochrane	Canada
YCO	Kugluktuk	Kugluktuk	Canada
YCP	Co-op Point	Co-op Point	Canada
YCQ	Chetwynd	Chetwynd	Canada
YCR	Cross Lake	Cross Lake	Canada
YCS	Chesterfield Inlet	Chesterfield Inlet	Canada
YCT	Coronation	Coronation	Canada
YCU	Yun Cheng	Yun Cheng	China
YCW	Chilliwack Municipalcipal Airport	Chilliwack	Canada
YCX	Gagetown	Gagetown	Canada
YCY	Clyde River	Clyde River	Canada
YCZ	Fairmont Hot Springs	Fairmont Hot Springs	Canada
YDA	Dawson City	Dawson City	Canada
YDB	Burwash Landings	Burwash Landings	Canada
YDC	Industrial Airport	Drayton Valley	Canada
YDF	Deer Lake	Deer Lake	Canada
YDG	Digby	Digby	Canada
YDH	Daniels Harbour	Daniels Harbour	Canada
YDI	Davis Inlet	Davis Inlet	Canada
YDJ	Hatchet Lake	Hatchet Lake	Canada
YDK	Main Duck Island	Main Duck Island	Canada
YDL	Dease Lake	Dease Lake	Canada
YDN	Dauphin	Dauphin	Canada
YDO	St Methode	Dolbeau	Canada
YDP	Nain	Nain	Canada
YDQ	Dawson Creek	Dawson Creek	Canada
YDR	Broadview	Broadview	Canada
YDS	Desolation Sound	Desolation Sound	Canada
YDT	Boundary Bay	Vancouver	Canada
YDU	Kasba Lake	Kasba Lake	Canada
YDV	Bloodvein	Bloodvein	Canada
YDW	Obre Lake	Obre Lake	Canada
YDX	Doc Creek	Doc Creek	Canada
YEB	Bar River	Bar River	Canada
YEC	Yecheon	Yecheon	South Korea
YED	Namao Field	Edmonton	Canada
YEG	Edmonton International Airport	Edmonton	Canada
YEI	Yenisehir	Bursa	Turkey
YEK	Arviat	Arviat	Canada
YEL	Elliot Lake	Elliot Lake	Canada
YEM	East Manitoulin	Manitowaning	Canada
YEN	Estevan	Estevan	Canada
YEO	Yeovilton	Yeovilton	United Kingdom
YEP	Estevan Point	Estevan Point	Canada
YEQ	Yenkis	Yenkis	Papua New Guinea
YER	Fort Severn	Fort Severn	Canada
YES	Yasouj	Yasouj	Iran
YET	Edson	Edson	Canada
YEU	Eureka	Eureka	Canada
YEV	Inuvik/mike Zubko	Inuvik	Canada
YEY	Amos	Amos	Canada
YFA	Fort Albany	Fort Albany	Canada
YFB	Iqaluit	Iqaluit	Canada
YFC	Fredericton	Fredericton	Canada
YFE	Forestville	Forestville	Canada
YFG	Fontanges	Fontanges	Canada
YFH	Fort Hope	Fort Hope	Canada
YFI	Firebag	Fort MacKay	Canada
YFJ	Snare Lake	Snare Lake	Canada
YFL	Fort Reliance	Fort Reliance	Canada
YFO	Flin Flon	Flin Flon	Canada
YFR	Fort Resolution	Fort Resolution	Canada
YFS	Fort Simpson	Fort Simpson	Canada
YFT	Taipa Ferry Port	Taipa	Macao
YFX	Fox Harbour (St Lewis)	Fox Harbour (St Lewis)	Canada
YGB	Gillies Bay	Gillies Bay	Canada
YGC	Grande Cache	Grande Cache	Canada
YGE	Gorge Harbor	Gorge Harbor	Canada
YGG	Ganges Harbor	Ganges Harbor	Canada
YGH	Fort Good Hope	Fort Good Hope	Canada
YGJ	Miho	Yonago	Japan
YGK	Kingston	Kingston	Canada
YGL	La Grande	La Grande	Canada
YGM	Gimli	Gimli	Canada
YGN	Greenway Sound	Greenway Sound	Canada
YGO	Gods Narrows	Gods Narrows	Canada
YGP	Michel Pouliot	Gaspe	Canada
YGQ	Geraldton	Geraldton	Canada
YGR	Iles De La Madeleine	Iles De La Madeleine	Canada
YGT	Igloolik	Igloolik	Canada
YGV	Havre St Pierre	Havre St Pierre	Canada
YGW	Kuujjuarapik	Kuujjuarapik	Canada
YGX	Gillam	Gillam	Canada
YGZ	Grise Fiord	Grise Fiord	Canada
YHA	Port Hope Simpson	Port Hope Simpson	Canada
YHB	Hudson Bay	Hudson Bay	Canada
YHC	Hakai Pass	Hakai Pass	Canada
YHD	Dryden Municipal	Dryden	Canada
YHE	Hope	Hope	Canada
YHF	Hearst	Hearst	Canada
YHG	Charlottetown	Charlottetown	Canada
YHH	Harbor SPB	Campbell River	Canada
YHI	Holman	Holman	Canada
YHK	Gjoa Haven	Gjoa Haven	Canada
YHM	John C. Munroe	Toronto	Canada
YHN	Hornepayne	Hornepayne	Canada
YHO	Hopedale	Hopedale	Canada
YHP	Poplar Hill	Poplar Hill	Canada
YHR	Chevery	Chevery	Canada
YHS	Sechelt	Sechelt	Canada
YHT	Haines Junction	Haines Junction	Canada
YHU	St Hubert	Montreal	Canada
YHY	Hay River	Hay River	Canada
YHZ	Halifax International	Halifax	Canada
YIA	New Yogyakarta International	Yogyakarta	Indonesia
YIB	Atikokan	Atikokan	Canada
YIE	Yiershi	Aershan	China
YIF	Pakuashipi	Pakuashipi	Canada
YIG	Big Bay Marina	Big Bay Marina	Canada
YIH	Yichang	Yichang	China
YIK	Ivujivik	Ivujivik	Canada
YIN	Yining	Yining	China
YIO	Pond Inlet	Pond Inlet	Canada
YIP	Willow Run	Detroit	United States
YIV	Island Lk/Garden Hill	Island Lake	Canada
YIW	Yiwu	Yiwu	China
YJB	Sants Railway Station	Barcelona	Spain
YJC	A Coruna Railway Station	La Coruna	Spain
YJD	Franca Railway Station	Barcelona	Spain
YJE	Alicante Railway Station	Alicante	Spain
YJF	Fort Liard	Fort Liard	Canada
YJG	Granada Railway Station	Granada	Spain
YJH	San Sebastian Railway Station	San Sebastian	Spain
YJI	Abando Railway Station	Bilbao	Spain
YJL	Santander Railway Station	Santander	Spain
YJM	Malaga Railway Station	Malaga	Spain
YJN	St Jean	St Jean	Canada
YJO	Johnny Mountain	Johnny Mountain	Canada
YJP	Jasper-hinton	Jasper-hinton	Canada
YJR	Vigo Railway Station	Vigo	Spain
YJS	Samjiyon	Samjiyon	North Korea
YJT	Stephenville	Stephenville	Canada
YJV	Valencia Railway Station	Manises	Spain
YJW	Jerez Railway Station	Jerez De La Frontera	Spain
YKA	Kamloops	Kamloops	Canada
YKC	Collins Bay	Collins Bay	Canada
YKD	Township Airport	Kincardine	Canada
YKE	Knee Lake	Knee Lake	Canada
YKF	Kitchener-Waterloo Regional	Kitchener-Waterloo	Canada
YKG	Kangirsuk	Kangirsuk	Canada
YKI	Kennosao Lake	Kennosao Lake	Canada
YKJ	Key Lake	Key Lake	Canada
YKK	Kitkatla	Kitkatla	Canada
YKL	Schefferville	Schefferville	Canada
YKM	Yakima Air Terminal	Yakima	United States
YKN	Chan Gurney	Yankton	United States
YKQ	Waskaganish	Waskaganish	Canada
YKS	Yakutsk	Yakutsk	Russia
YKT	Klemtu	Klemtu	Canada
YKU	Chisasibi	Chisasibi	Canada
YKX	Kirkland Lake	Kirkland Lake	Canada
YKY	Kindersley	Kindersley	Canada
YKZ	Buttonville Municipalcipal	Toronto	Canada
YLA	Langara	Langara	Canada
YLB	Lac Biche	Lac Biche	Canada
YLC	Kimmirut	Kimmirut	Canada
YLD	Chapleau	Chapleau	Canada
YLE	Wha Ti	Wha Ti	Canada
YLF	LaForges	LaForges	Canada
YLG	Yalgoo	Yalgoo	Australia
YLH	Lansdowne House	Lansdowne House	Canada
YLI	Ylivieska	Ylivieska	Finland
YLJ	Meadow Lake	Meadow Lake	Canada
YLK	Lake Simcoe Regional	Oro Station	Canada
YLL	Lloydminster	Lloydminster	Canada
YLN	Yilan	Yilan	China
YLO	Shilo	Shilo	Canada
YLP	Mingan	Mingan	Canada
YLQ	La Tuque	La Tuque	Canada
YLR	Leaf Rapids	Leaf Rapids	Canada
YLS	Lebel-Sur-Quevillon	Lebel-Sur-Quevillon	Canada
YLT	Alert	Alert	Canada
YLW	Kelowna Airport	Kelowna	Canada
YLX	Long Point	Long Point	Canada
YLY	Langley Regional	Langley	Canada
YMA	Mayo	Mayo	Canada
YMB	Merritt	Merritt	Canada
YMC	Maricourt Airstrip	Maricourt Airstrip	Canada
YME	Matane	Matane	Canada
YMF	Montagne Harbor	Montagne Harbor	Canada
YMG	Manitouwadge	Manitouwadge	Canada
YMH	Mary's Harbour	Mary's Harbour	Canada
YMI	Minaki	Minaki	Canada
YMJ	Moose Jaw / Air Vice Marshal C. M. Mcewen Airport	Moose Jaw	Canada
YMK	Mys-Kamenny	Mys-Kamenny	Russia
YML	Charlevoix	Murray Bay	Canada
YMM	Fort Mcmurray	Fort Mcmurray	Canada
YMN	Makkovik	Makkovik	Canada
YMO	Moosonee	Moosonee	Canada
YMP	Port McNeil	Port McNeil	Canada
YMR	Merry Island	Merry Island	Canada
YMS	Yurimaguas	Yurimaguas	Peru
YMT	Chibougamau	Chibougamau	Canada
YMU	Mansons Landing SPB	Mansons Landing	Canada
YMV	Mary River	Mary River	Canada
YMW	Maniwaki	Maniwaki	Canada
YMX	Mirabel	Montreal	Canada
YMY	Downtown Railway Station	Montreal	Canada
YNA	Natashquan	Natashquan	Canada
YNB	Yanbu al Bahr Airport	Yanbu	Saudi Arabia
YNC	Wemindji	Wemindji	Canada
YND	Executive Gatineau-Ottawa	Ottawa	Canada
YNE	Norway House	Norway House	Canada
YNF	Deer Lake/Stephenville	Corner Brook	Canada
YNG	Youngstown	Youngstown	United States
YNH	Hudson Hope	Hudson's Hope	Canada
YNI	Nitchequon	Nitchequon	Canada
YNJ	Yanji	Yanji	China
YNK	Nootka Sound	Nootka Sound	Canada
YNL	Points North Landing	Points North Landing	Canada
YNM	Matagami	Matagami	Canada
YNN	Yandi	Yandicoogina	Australia
YNO	North Spirit Lake	North Spirit Lake	Canada
YNP	Natuashish	Natuashish	Canada
YNR	Arnes	Arnes	Canada
YNS	Nemiscau	Nemiscau	Canada
YNT	Yantai	Yantai	China
YNX	Snap Lake	Snap Lake	Canada
YNY	Yangyang	Yangyang	South Korea
YNZ	Yancheng	Yancheng	China
YOA	Ekati	Ekati	Canada
YOC	Old Crow	Old Crow	Canada
YOD	Cold Lake	Cold Lake	Canada
YOE	Falher	Falher	Canada
YOG	Ogoki	Ogoki	Canada
YOH	Oxford House	Oxford House	Canada
YOI	Opinaca	Opinaca	Canada
YOJ	Footner Lake	High Level	Canada
YOK	Yokohama	Yokohama	Japan
YOL	Yola	Yola	Nigeria
YOO	Oshawa	Oshawa	Canada
YOP	Rainbow Lake	Rainbow Lake	Canada
YOS	Billy Bishop Regional	Owen Sound	Canada
YOT	Yotvata	Yotvata	Israel
YOW	Ottawa Macdonald-Cartier International	Ottawa	Canada
YOY	Valcartier	Valcartier	Canada
YPA	Glass Field	Prince Albert	Canada
YPB	Port Alberni	Port Alberni	Canada
YPC	Paulatuk	Paulatuk	Canada
YPD	Parry Sound	Parry Sound	Canada
YPE	Peace River	Peace River	Canada
YPF	Esquimalt	Esquimalt	Canada
YPG	Portage La Prairie	Portage La Prairie	Canada
YPH	Inukjuak	Inukjuak	Canada
YPJ	Aupaluk	Aupaluk	Canada
YPL	Pickle Lake	Pickle Lake	Canada
YPM	Pikangikum	Pikangikum	Canada
YPN	Port Menier	Port Menier	Canada
YPO	Peawanuck	Peawanuck	Canada
YPP	Pine Point	Pine Point	Canada
YPQ	Peterborough	Peterborough	Canada
YPR	Digby Island	Prince Rupert	Canada
YPS	Port Hawkesbury	Port Hawkesbury	Canada
YPT	Pender Harbor	Pender Harbor	Canada
YPW	Powell River	Powell River	Canada
YPX	Puvirnituq	Povungnituk	Canada
YPY	Fort Chipewyan	Fort Chipewyan	Canada
YPZ	Burns Lake	Burns Lake	Canada
YQA	Muskoka	Muskoka	Canada
YQB	Jean Lesage International	Québec City	Canada
YQC	Quaqtaq	Quaqtaq	Canada
YQD	Clearwater	The Pas	Canada
YQE	Kimberley	Kimberley	Canada
YQF	Red Deer	Red Deer	Canada
YQG	Windsor	Windsor	Canada
YQH	Watson Lake	Watson Lake	Canada
YQI	Yarmouth	Yarmouth	Canada
YQJ	April Point SPB	Quadra Island	Canada
YQK	Kenora	Kenora	Canada
YQL	Lethbridge	Lethbridge	Canada
YQM	Greater Moncton International Airport	Moncton	Canada
YQN	Nakina	Nakina	Canada
YQQ	Comox	Comox	Canada
YQR	Regina	Regina	Canada
YQS	Pembroke Area Municipalcipal	St Thomas	Canada
YQT	Thunder Bay	Thunder Bay	Canada
YQU	Grande Prairie	Grande Prairie	Canada
YQV	Yorkton	Yorkton	Canada
YQW	North Battleford	North Battleford	Canada
YQX	Gander International	Gander	Canada
YQY	Sydney	Sydney	Canada
YQZ	Quesnel	Quesnel	Canada
YRA	Rae Lakes	Rae Lakes	Canada
YRB	Resolute	Resolute	Canada
YRC	Refuge Cove SPB	Refuge Cove	Canada
YRD	Dean River	Dean River	Canada
YRE	Resolution Island	Resolution Island	Canada
YRF	Cartwright	Cartwright	Canada
YRG	Rigolet	Rigolet	Canada
YRI	Riviere Du Loup	Riviere Du Loup	Canada
YRJ	Roberval	Roberval	Canada
YRL	Red Lake	Red Lake	Canada
YRM	Rocky Mountain House	Rocky Mountain House	Canada
YRN	Rivers Inlet	Owekeno Village	Canada
YRO	Rockcliffe St	Ottawa	Canada
YRQ	Trois-Rivieres	Trois-Rivieres	Canada
YRR	Stuart Island	Stuart Island	Canada
YRS	Red Sucker Lake	Red Sucker Lake	Canada
YRT	Nuuk	Rankin Inlet	Canada
YRV	Revelstoke	Revelstoke	Canada
YSA	Sable Island	Sable Island	Canada
YSB	Sudbury	Sudbury	Canada
YSC	Sherbrooke	Sherbrooke	Canada
YSD	Suffield	Suffield	Canada
YSE	Squamish	Squamish	Canada
YSF	Stony Rapids	Stony Rapids	Canada
YSG	Lutselke	Lutselke	Canada
YSH	Smith Falls	Smith Falls	Canada
YSI	Sans Souci	Sans Souci	Canada
YSJ	Saint John	Saint John	Canada
YSK	Sanikiluaq	Sanikiluaq	Canada
YSL	St Leonard	St Leonard	Canada
YSM	Fort Smith	Fort Smith	Canada
YSN	Salmon Arm	Salmon Arm	Canada
YSO	Postville	Postville	Canada
YSP	Marathon	Marathon	Canada
YSQ	Spring Island	Spring Island	Canada
YSS	Slate Island	Slate Island	Canada
YST	Ste Therese Point	Ste Therese Point	Canada
YSU	Summerside	Summerside	Canada
YSX	Shearwater	Shearwater	Canada
YSY	Sachs Harbour	Sachs Harbour	Canada
YSZ	Squirrel Cove	Squirrel Cove	Canada
YTA	Pembroke And Area Airport	Pembroke	Canada
YTB	Hartley Bay	Hartley Bay	Canada
YTC	Sturdee	Sturdee	Canada
YTD	Thicket Portage	Thicket Portage	Canada
YTE	Cape Dorset	Cape Dorset	Canada
YTF	Alma	Alma	Canada
YTG	Sullivan Bay	Sullivan Bay	Canada
YTH	Thompson	Thompson	Canada
YTI	Triple Island	Triple Island	Canada
YTK	Tulugak	Tulugak	Canada
YTL	Big Trout	Big Trout	Canada
YTM	La Macaza	Mont Tremblant	Canada
YTN	Riviere Au Tonnerre	Riviere Au Tonnerre	Canada
YTP	Seaplane Base	Tofino	Canada
YTQ	Tasiujuaq	Tasiujuaq	Canada
YTR	Trenton	Trenton	Canada
YTS	Timmins	Timmins	Canada
YTT	Tisdale	Tisdale	Canada
YTX	Telegraph Creek	Telegraph Creek	Canada
YTY	Taizhou	Yangzhou	China
YTZ	Toronto City Centre Airport	Toronto	Canada
YUA	Yuanmou	Yuanmou	China
YUB	Tuktoyaktuk	Tuktoyaktuk	Canada
YUD	Umiujaq	Umiujaq	Canada
YUE	Yuendumu	Yuendumu	Australia
YUL	Pierre Elliott Trudeau International	Montreal	Canada
YUM	International	Yuma	United States
YUS	Batang	Yushu	China
YUT	Repulse Bay	Repulse Bay	Canada
YUX	Hall Beach	Hall Beach	Canada
YUY	Rouyn-Noranda	Rouyn-Noranda	Canada
YVA	Iconi	Moroni	Comoros
YVB	Bonaventure	Bonaventure	Canada
YVC	La Ronge	La Ronge	Canada
YVD	Yeva	Yeva	Papua New Guinea
YVE	Vernon Regional Airport	Vernon	Canada
YVG	Vermilion	Vermilion	Canada
YVH	Hjerkinn Railway Station	Hjerkinn	Norway
YVK	Koppang Railway Station	Koppang	Norway
YVM	Qikiqtarjuaq	Qikiqtarjuaq	Canada
YVN	Cape Dyer	Cape Dyer	Canada
YVO	Val d'Or Airport	Val-d'or	Canada
YVP	Kuujjuaq	Kuujjuaq	Canada
YVQ	Norman Wells	Norman Wells	Canada
YVR	Vancouver International	Vancouver	Canada
YVS	Ski Railway Station	Ski	Norway
YVT	Buffalo Narrows	Buffalo Narrows	Canada
YVV	Wiarton/Keppel Airport	Wiarton	Canada
YVZ	Deer Lake	Deer Lake	Canada
YWA	Petawawa	Petawawa	Canada
YWB	Kangiqsujuaq	Kangiqsujuaq	Canada
YWF	Downtown Waterfront Heliport	Halifax	Canada
YWG	J.A. Richardson International	Winnipeg	Canada
YWH	Victoria Inner Harbor	Victoria	Canada
YWJ	Deline	Deline	Canada
YWK	Wabush	Wabush	Canada
YWL	Williams Lake	Williams Lake	Canada
YWM	Williams Harbour	Williams Harbour	Canada
YWP	Webequie	Webequie	Canada
YWQ	Chute-Des-Passes	Chute-Des-Passes	Canada
YWR	White River	White River	Canada
YWS	Whistler	Whistler	Canada
YWY	Wrigley	Wrigley	Canada
YXC	Cranbrook	Cranbrook	Canada
YXE	John G. Diefenbaker International	Saskatoon	Canada
YXF	Snake River	Snake River	Canada
YXH	Medicine Hat	Medicine Hat	Canada
YXJ	Fort St John	Fort St John	Canada
YXK	Rimouski	Rimouski	Canada
YXL	Sioux Lookout	Sioux Lookout	Canada
YXN	Whale Cove	Whale Cove	Canada
YXP	Pangnirtung	Pangnirtung	Canada
YXQ	Beaver Creek	Beaver Creek	Canada
YXR	Earlton	Earlton	Canada
YXS	Prince George	Prince George	Canada
YXT	Terrace	Terrace	Canada
YXU	London International	London	Canada
YXX	Abbotsford	Abbotsford	Canada
YXY	Whitehorse International	Whitehorse	Canada
YXZ	Wawa Airport	Wawa	Canada
YYA	Big Bay Yacht Club	Big Bay Yacht Club	Canada
YYB	North Bay	North Bay	Canada
YYC	Calgary International Airport	Calgary	Canada
YYD	Smithers	Smithers	Canada
YYE	Fort Nelson	Fort Nelson	Canada
YYF	Penticton	Penticton	Canada
YYG	Charlottetown	Charlottetown	Canada
YYH	Taloyoak	Taloyoak	Canada
YYJ	Victoria International	Victoria	Canada
YYL	Lynn Lake	Lynn Lake	Canada
YYM	Cowley	Cowley	Canada
YYN	Swift Current	Swift Current	Canada
YYQ	Churchill Airport	Churchill	Canada
YYR	Goose Bay	Happy Valley-Goose Bay	Canada
YYT	St. John's International	St. John's	Canada
YYU	Kapuskasing	Kapuskasing	Canada
YYW	Armstrong	Armstrong	Canada
YYY	Mont Joli	Mont Joli	Canada
YYZ	Lester B. Pearson International	Toronto	Canada
YZA	Ashcroft	Ashcroft	Canada
YZC	Beatton River	Beatton River	Canada
YZE	Gore Bay	Gore Bay	Canada
YZF	Yellowknife	Yellowknife	Canada
YZG	Salluit	Salluit	Canada
YZH	Slave Lake	Slave Lake	Canada
YZM	Buchans	Buchans	Canada
YZP	Sandspit	Sandspit	Canada
YZR	Sarnia	Sarnia	Canada
YZS	Coral Harbour	Coral Harbour	Canada
YZT	Port Hardy	Port Hardy	Canada
YZU	Whitecourt	Whitecourt	Canada
YZV	Sept-Iles	Sept-Iles	Canada
YZW	Teslin	Teslin	Canada
YZX	Greenwood	Greenwood	Canada
YZY	Ganzhou	Zhangye	China
YZZ	Trail Regional Airport	Trail	Canada
ZAC	York Landing	York Landing	Canada
ZAD	Zadar	Zadar	Croatia
ZAF	Arles Railway Station	Arles	France
ZAG	Franjo Tudman	Zagreb	Croatia
ZAH	Zahedan	Zahedan	Iran
ZAJ	Zaranj	Zaranj	Afghanistan
ZAK	Chiusa/Klausen Bus Station	Chiusa/Klausen	Italy
ZAL	Pichoy	Valdivia	Chile
ZAM	Zamboanga International	Zamboanga	Philippines
ZAO	Laberandie	Cahors	France
ZAP	Appenzell Railway Station	Appenzell	Switzerland
ZAQ	Nuremberg Hbf Railway Station	Nürnberg	Germany
ZAR	Zaria	Zaria	Nigeria
ZAS	Shunde Ferry	Shunde	China
ZAT	Zhaotong	Zhaotong	China
ZAU	Sachsen Railway	Aue	Germany
ZAW	Nykobing Mors Bus Station	Nykobing Mors	Denmark
ZAX	Pan Yu Ferry	Pan Yu	China
ZAY	De Keyserlei Bus Station	Antwerp	Belgium
ZAZ	Zaragoza	Zaragoza	Spain
ZBA	Basel Bad Railway Station	Mulhouse	Switzerland
ZBB	Esbjerg Railway Station	Esbjerg	Denmark
ZBC	Colmore Row Bus Station	Birmingham	United Kingdom
ZBD	Jiang Men Ferry	Jiang Men	China
ZBE	Dolni Benesov	Zabreh	Czech Republic
ZBF	Bathurst	Bathurst	Canada
ZBH	Severac-le-Chateau Railway Station	Severac-le-Chateau	France
ZBJ	Fredericia Railway Station	Fredericia	Denmark
ZBK	Zabljak	Zabljak	Montenegro
ZBL	Biloela	Biloela	Australia
ZBM	Bromont	Bromont	Canada
ZBN	Bolzano/Bozen Bus Station	Bolzano	Italy
ZBO	Bowen	Bowen	Australia
ZBP	Baltimore Railway	Baltimore	United States
ZBQ	Odense Railway Station	Odense	Denmark
ZBR	Chah- Bahar	Chah-bahar	Iran
ZBS	Mesa Bus Station	Mesa	United States
ZBT	Kolding Railway Station	Kolding	Denmark
ZBU	Aarhus Limo	Aarhus	Denmark
ZBV	Beaver Creek Bus Station	Vail	United States
ZBY	Sayaboury	Sayaboury	Laos
ZBZ	Xin Hui Ferry	Xin Hui	China
ZCA	Tai Shan	Tai Shan	China
ZCB	Aschaffenburg Hbf Railway Station	Aschaffenburg	Germany
ZCC	Baden-Baden Railway Station	Karlsruhe	Germany
ZCL	La Calera	Zacatecas	Mexico
ZCO	La Araucania International	Temuco	Chile
ZCP	Foshan Ferry	Fuoshan	China
ZDA	Aarau Railway Station	Aarau	Switzerland
ZDB	Adelboden Bus Station	Adelboden	Switzerland
ZDC	Aigle Railway Station	Aigle	Switzerland
ZDD	Arbon Railway Station	Arbon	Switzerland
ZDE	Arosa Railway Station	Arosa	Switzerland
ZDG	Baden Railway Station	Baden	Switzerland
ZDH	Basel SBB station	Mulhouse	Switzerland
ZDI	Bellinzona Railway Station	Bellinzona	Switzerland
ZDJ	Bern Railway Station	Berne	Switzerland
ZDK	Biel/Bienne Railway Station	Biel/Bienne	Switzerland
ZDL	Brig Railway Station	Brig	Switzerland
ZDN	Brno Bus Station	Brno	Czech Republic
ZDO	Buchs SG Railway Station	Buchs SG	Switzerland
ZDP	Burgdorf Railway Station	Burgdorf	Switzerland
ZDQ	Champery Railway Station	Champery	Switzerland
ZDR	Chateau-d'Oex Railway Station	Chateau-d'Oex	Switzerland
ZDS	Chiasso Railway Station	Chiasso	Switzerland
ZDT	Chur Railway Station	Chur	Switzerland
ZDU	ScotRailway	Dundee	United Kingdom
ZDV	Davos Dorf Railway Station	Davos	Switzerland
ZDW	Delemont Railway Station	Delemont	Switzerland
ZDX	Dietikon Railway Station	Dietikon	Switzerland
ZDZ	Einsiedeln Railway Station	Einsiedeln	Switzerland
ZEC	Secunda	Secunda	South Africa
ZEE	Fulda Railway Station	Fulda	Germany
ZEF	Nanhai Ferry	Nanhai	China
ZEG	Senggo	Senggo	Indonesia
ZEI	Garmisch-Partenkirchen Railway Station	Garmisch-Partenkirchen	Germany
ZEJ	Gelsenkirchen Hbf Railway Station	Gelsenkirchen	Germany
ZEL	Bella Bella	Bella Bella	Canada
ZEM	East Main	East Main	Canada
ZEN	Zenag	Zenag	Papua New Guinea
ZEP	Victoria Railway	London	United Kingdom
ZEQ	Dewsbury Bus Station	Dewsbury	United Kingdom
ZER	Zero	Zero	India
ZEU	Goettingen Railway Station	Goettingen	Germany
ZEX	Guetersloh Hbf Railway Station	Guetersloh	Germany
ZEY	Hagen Hbf Railway Station	Hagen	Germany
ZFA	Faro	Faro	Canada
ZFB	Old Fort Bay	Old Fort Bay	Canada
ZFC	Bradford Bus Station	Leeds	United Kingdom
ZFD	Fond Du Lac	Fond Du Lac	Canada
ZFG	Sheffield Bus Station	Doncaster	United Kingdom
ZFH	Milton Keynes Bus Station	Milton Keynes	United Kingdom
ZFI	Chesterfield Bus Station	Chesterfield	United Kingdom
ZFJ	Rennes	Rennes	France
ZFK	Guderup Bus Station	Guderup	Denmark
ZFL	South Trout Lake	South Trout Lake	Canada
ZFM	Fort Mcpherson	Fort Mcpherson	Canada
ZFN	Tulita	Tulita	Canada
ZFQ	Gare de Bordeaux	Bordeaux	France
ZFR	Frankfurt/Oder Railway	Frankfurt (Oder)	Germany
ZFT	Fort Lauderdale Railway Station	Fort Lauderdale	United States
ZFU	Aruja	Aruja	Brazil
ZFV	Philadelphia Railway Station	Philadelphia	United States
ZFW	Fairview	Fairview	Canada
ZFX	Szczecin Bus Station	Szczecin	Poland
ZFY	Katowice Bus Station	Katowice	Poland
ZFZ	Buffalo Depew Rr	Buffalo	United States
ZGA	Gera Railway	Gera	Germany
ZGB	Nottingham Bus Station	Nottingham	United Kingdom
ZGD	New London Railway	New London	United States
ZGE	Goerlitz Railway	Goerlitz	Germany
ZGF	Grand Forks	Grand Forks	Canada
ZGH	Copenhagen H Rail Station	Copenhagen	Denmark
ZGI	Gods River	Gods River	Canada
ZGJ	Brugge Railway Station	Ostend	Belgium
ZGL	South Galway	South Galway	Australia
ZGM	Ngoma	Ngoma	Zambia
ZGN	Zhongshan Ferry Port	Zhongshan	China
ZGO	Gotha Railway	Gotha	Germany
ZGR	Little Grand Rapids	Little Grand Rapids	Canada
ZGS	Gethsemani	Gethsemani	Canada
ZGU	Gaua	Gaua	Vanuatu
ZGW	Greifswald Railway	Greifswald	Germany
ZGX	Viborg Railway Station	Viborg	Denmark
ZGY	Kuching Port	Kuching	Malaysia
ZHA	Zhanjiang	Zhanjiang	China
ZHB	Engelberg Railway Station	Engelberg	Switzerland
ZHC	N Philadelphia RailwaySt	Philadelphia	United States
ZHD	Fluelen Railway Station	Fluelen	Switzerland
ZHE	Frauenfeld Railway Station	Frauenfeld	Switzerland
ZHF	Fribourg Railway Station	Fribourg	Switzerland
ZHG	Glarus Railway Station	Glarus	Switzerland
ZHH	Gossau SG Railway Station	Gossau SG	Switzerland
ZHI	Grenchen	Grenchen	Switzerland
ZHJ	Grindelwald Railway Station	Grindelwald	Switzerland
ZHK	Gstaad Railway Station	Gstaad	Switzerland
ZHL	Heerbrugg Railway Station	Heerbrugg	Switzerland
ZHM	Shamshernagar	Shamshernagar	Bangladesh
ZHN	Herzogenbuchsee Railway Station	Herzogenbuchsee	Switzerland
ZHO	Houston Bus Station	Houston	Canada
ZHP	High Prairie	High Prairie	Canada
ZHR	Kandersteg Railway Station	Kandersteg	Switzerland
ZHS	Klosters Railway Station	Klosters	Switzerland
ZHT	Geneva Railway Station	Geneva	Switzerland
ZHU	Kreuzlingen Railway Station	Kreuzlingen	Switzerland
ZHV	La Chaux-de-Fonds Railway Station	La Chaux-de-Fonds	Switzerland
ZHW	Langenthal Railway Station	Langenthal	Switzerland
ZHY	Xiangshan	Zhongwei	China
ZHZ	Halle Railway	Leipzig-Halle	Germany
ZIA	Zhukovsky International Airport	Zhukovsky	Russia
ZIB	Nyborg Railway Station	Nyborg	Denmark
ZIC	Victoria	Victoria	Chile
ZID	Aarhus Bus Station	Aarhus	Denmark
ZIE	Harbour (Eolie Island)	Vulcano	Italy
ZIF	Fallowfield Railway	Ottawa	Canada
ZIG	Ziguinchor	Ziguinchor	Senegal
ZIH	Internacional	Ixtapa	Mexico
ZII	Adelaide Ferry Port	Adelaide	Australia
ZIJ	Nykobing Sjaelland Railway Station	Nykobing Sjaelland	Denmark
ZIK	Karlovy Vary Bus Station	Karlovy Vary	Czech Republic
ZIL	Horsens Bus Station	Horsens	Denmark
ZIM	Odense Bus Station	Odense	Denmark
ZIO	Solingen Hbf Railway Station	Solingen	Germany
ZIP	Harbour (Eolie Island)	Lipari	Italy
ZIQ	Harbour (Eolie Island)	Salina Island	Italy
ZIR	Randers Railway Station	Randers	Denmark
ZIT	Zittau Railway Station	Zittau	Germany
ZIU	Railway	Zhuhai	China
ZIV	ScotRailway	Inverness	United Kingdom
ZIY	Lianhuashan Port	Lianhuashan	China
ZIZ	Zamzama	Zamzama	Pakistan
ZJA	Le Locle Railway Station	Le Locle	Switzerland
ZJB	Kuantan Port	Kuantan	Malaysia
ZJC	Lenzburg Railway Station	Lenzburg	Switzerland
ZJD	Lenzerheide/Lai Bus Station	Lenzerheide/Lai	Switzerland
ZJE	Harbour (Eolie Island)	Panarea	Italy
ZJG	Jenpeg	Jenpeg	Canada
ZJH	Aarhus H Railway Station	Aarhus	Denmark
ZJJ	Harbour	Procida	Italy
ZJL	Lyss Railway Station	Lyss	Switzerland
ZJM	Martigny Railway Station	Martigny	Switzerland
ZJN	Swan River	Swan River	Canada
ZJO	San Jose Bus Station	San Jose	United States
ZJP	Montreux Railway Station	Montreux	Switzerland
ZJQ	Morges Railway Station	Morges	Switzerland
ZJR	Penang Port	Penang	Malaysia
ZJS	Jena Railway	Jena	Germany
ZJT	Tanjung Pelepas Port	Tanjung Pelepas	Malaysia
ZJU	Olten Railway Station	Olten	Switzerland
ZJV	Pontresina Railway Station	Pontresina	Switzerland
ZJW	Rapperswil Railway Station	Rapperswil	Switzerland
ZJX	Harbour (Eolie Island)	Stromboli	Italy
ZJY	Harbour	Ponza	Italy
ZJZ	Rorschach Railway Station	Rorschach	Switzerland
ZKA	Sargans Railway Station	Sargans	Switzerland
ZKB	Kasaba Bay	Kasaba Bay	Zambia
ZKC	Sarnen Railway Station	Sarnen	Switzerland
ZKD	Leningradskiy Railway	Moscow	Russia
ZKE	Kaschechewan	Kaschechewan	Canada
ZKF	St Margrethen Railway Station	St Margrethen	Switzerland
ZKG	Kegaska	Kegaska	Canada
ZKH	St Moritz Railway Station	St Moritz	Switzerland
ZKI	Saas-Fee Bus Station	Saas-Fee	Switzerland
ZKJ	Schaffhausen Railway Station	Schaffhausen	Switzerland
ZKK	Schwyz Railway Station	Schwyz	Switzerland
ZKL	Steenkool	Steenkool	Indonesia
ZKM	Sette Cama	Sette Cama	Gabon
ZKN	Skive Railway Station	Skive	Denmark
ZKO	Sierre/Siders Railway Station	Sierre/Siders	Switzerland
ZKS	Solothurn Railway Station	Solothurn	Switzerland
ZKU	Sursee Railway Station	Sursee	Switzerland
ZKV	Thalwil Railway Station	Thalwil	Switzerland
ZKW	Wetzikon Railway Station	Wetzikon	Switzerland
ZKX	Uzwil Railway Station	Uzwil	Switzerland
ZKY	Verbier Bus Station	Verbier	Switzerland
ZKZ	Vevey Railway Station	Vevey	Switzerland
ZLA	Villars-sur-Ollon Railway Station	Villars-sur-Ollon	Switzerland
ZLB	Visp Railway Station	Visp	Switzerland
ZLC	Waedenswil Railway Station	Waedenswil	Switzerland
ZLD	Weinfelden Railway Station	Weinfelden	Switzerland
ZLE	Wengen Railway Station	Wengen	Switzerland
ZLF	Wettingen Railway Station	Wettingen	Switzerland
ZLH	Wil Railway Station	Wil	Switzerland
ZLI	Winterthur Railway Station	Winterthur	Switzerland
ZLJ	Yverdon-les-Bains Railway Station	Yverdon-les-Bains	Switzerland
ZLK	Moscovskiy Railway Stn	Saint Petersburg	Russia
ZLL	Zofingen Railway Station	Zofingen	Switzerland
ZLM	Zug Railway Station	Zug	Switzerland
ZLN	Le Mans Railway Station	Le Mans	France
ZLO	Manzanillo	Manzanillo	Mexico
ZLP	HB Railway Station	Zurich	Switzerland
ZLQ	Oerlikon Railway Station	Zurich	Switzerland
ZLS	Liverpool St Rail Station	London	United Kingdom
ZLT	La Tabatiere	La Tabatiere	Canada
ZLU	Ludwigslust Railway Station	Ludwigslust	Germany
ZLV	Luosto Bus Station	Luosto	Finland
ZLW	Pasir Gudang Port	Pasir Gudang	Malaysia
ZLZ	Leeds Bus Station	Leeds	United Kingdom
ZMA	Mansfield Bus Station	Mansfield	United Kingdom
ZMB	Hamburg Hbf Railway Station	Hamburg	Germany
ZMC	Miedzyzdroje Bus Station	Miedzyzdroje	Poland
ZMD	Sena Madureira	Sena Madureira	Brazil
ZME	Metropark Railway	Newark	United States
ZMF	Beverello Harbor	Napoli	Italy
ZMH	108 Mile Ranch	108 Mile Ranch	Canada
ZMI	Mergellina Railway	Napoli	Italy
ZMJ	Mergellina Harbour	Napoli	Italy
ZMK	Bintulu Port	Bintulu	Malaysia
ZML	Milwaukee General Mitchell	Milwaukee	United States
ZMM	Zamora	Zamora	Mexico
ZMO	Modena Bus Station	Modena	Italy
ZMP	Manchester Bus Station	Manchester	United Kingdom
ZMQ	Raufoss Railway Station	Raufoss	Norway
ZMR	Merano/Meran Bus Station	Merano/Meran	Italy
ZMS	S.M. Novella Rail.Svc	Florence	Italy
ZMT	Masset	Masset	Canada
ZMU	Munich Hbf Railway Station	Munich	Germany
ZMW	Brande Bus Station	Brande	Denmark
ZMX	Tynset Railway Station	Tynset	Norway
ZMY	Harbour	Huangpu	China
ZMZ	Bjerka Railway Station	Bjerka	Norway
ZNA	Nanaimo Harbour	Nanaimo	Canada
ZNB	Hamm Railway Station	Hamm	Germany
ZNC	Nyac	Nyac	United States
ZND	Zinder	Zinder	Niger
ZNE	Newman	Newman	Australia
ZNG	Negginan	Negginan	Canada
ZNQ	Ingolstadt Hbf Railway Station	Ingolstadt-manching	Germany
ZNU	Namu	Namu	Canada
ZNV	Koblenz Bus Station	Koblenz	Germany
ZNW	Limburg Railway Station	Limburg	Germany
ZNZ	Abeid Amani Karume International	Zanzibar	Tanzania
ZOF	Ocean Falls	Ocean Falls	Canada
ZOG	Lueneburg Railway Station	Lueneburg	Germany
ZOM	Minden Railway Station	Minden	Germany
ZOO	Muelheim an der Ruhr Hbf Railway Station	Muelheim an der Ruhr	Germany
ZOS	Canal Bajo	Osorno	Chile
ZOY	Oberhausen Hbf Railway Station	Oberhausen	Germany
ZPA	Offenburg Railway Station	Offenburg	Germany
ZPB	Sachigo Lake	Sachigo Lake	Canada
ZPC	Pucon	Pucon	Chile
ZPD	Oldenburg Railway Station	Oldenburg	Germany
ZPE	Osnabrueck Hbf Rail Station	Greven	Germany
ZPF	Passau Hbf Railway Station	Passau	Germany
ZPH	Zephyrhills	Zephyrhills	United States
ZPL	Recklinghausen Hbf Railway Station	Recklinghausen	Germany
ZPM	Regensburg Hbf Railway Station	Regensburg	Germany
ZPO	Pine House	Pine House	Canada
ZPY	Siegburg Railway Station	Siegburg	Germany
ZQF	Fohren	Trier	Germany
ZQN	Queenstown	Queenstown	New Zealand
ZQS	Queen Charlotte Island	Queen Charlotte Island	Canada
ZQU	Wolfsburg Rail Station	Braunschweig	Germany
ZQV	Worms Hbf Railway Station	Worms	Germany
ZQY	Giessen Bus Station	Giessen	Germany
ZQZ	Zhangjiakou	Zhangjiakou	China
ZRA	Atlantic City Railway Station	Atlantic City	United States
ZRB	Frankfurt Hbf Railway Station	Frankfurt	Germany
ZRC	San Pedro de Alcantara Bus Station	San Pedro de Alcantara	Spain
ZRD	Richmond VA Railway	Richmond	United States
ZRF	Park & Ride Bus Svc	Rockford	United States
ZRG	Bratislava Bus Station	Bratislava	Slovakia
ZRH	Zurich	Zurich	Switzerland
ZRI	Serui	Serui	Indonesia
ZRJ	Round Lake	Round Lake	Canada
ZRK	VanGalder Bus Termina	Rockford	United States
ZRL	Lancaster Railway	Lancaster	United States
ZRM	Sarmi	Sarmi	Indonesia
ZRN	Nyon Railway Station	Nyon	Switzerland
ZRO	Reggio nell'Emilia Bus Station	Reggio nell'Emilia	Italy
ZRP	Pennsylvania Railroad Station	Newark	United States
ZRR	Harbour	Fiumicino	Italy
ZRS	Flexenpass Heliport	Zurs	Austria
ZRT	Hartford Railway	Hartford	United States
ZRU	Boston RT128 Railway	Boston	United States
ZRV	Providence Railway	Providence	United States
ZRW	Rastatt Bus Station	Rastatt	Germany
ZRX	Riesa Railway Station	Riesa	Germany
ZRY	Herning Bus Station	Herning	Denmark
ZRZ	New Carrolton RR	Washington	United States
ZSA	San Salvador	San Salvador	Bahamas
ZSB	Salzburg Hbf Railway Station	Salzburg	Austria
ZSC	Schoena Railway Station	Schoena	Germany
ZSD	Schwanheide Railway Station	Schwanheide	Germany
ZSE	St Pierre dela Reunion	St Pierre dela Reunion	Reunion
ZSG	Sonneberg Hbf Railway Station	Sonneberg	Germany
ZSH	Santa Fe Bus Station	Santa Fe	United States
ZSI	Sassnitz Railway Station	Sassnitz	Germany
ZSJ	Sandy Lake	Sandy Lake	Canada
ZSK	Pasewalk Railway Station	Pasewalk	Germany
ZSL	Sligo Bus Station	Sligo	Ireland
ZSM	Santa Clara Bus Station	Santa Clara	United States
ZSN	Stendal Railway Station	Stendal	Germany
ZSO	Suhl Railway Station	Suhl	Germany
ZSP	St Paul	St Paul	Canada
ZSQ	Salzwedel Railway Station	Salzwedel	Germany
ZSR	Schwerin Hbf Railway Station	Schwerin	Germany
ZSS	Sassandra	Sassandra	Ivory Coast
ZST	Stewart	Stewart	Canada
ZSU	Dessau Railway	Dessau	Germany
ZSV	St Louis Railway Station	St Louis	United States
ZSW	Seal Cove	Prince Rupert	Canada
ZSX	Stralsund Railway Station	Barth	Germany
ZSY	Scottsdale Bus Station	Scottsdale	United States
ZSZ	Swakopmund Railway Station	Swakopmund	Namibia
ZTA	Tureira	Tureira	French Polynesia
ZTB	Tete-a-La Baleine	Tete-a-La Baleine	Canada
ZTC	Turin Bus Station	Turin	Italy
ZTD	Schenectady Railway	Schenectady	United States
ZTE	Rochester NY Railway	Rochester	United States
ZTF	Stamford Railway Station	Stamford	United States
ZTG	Aalborg Railway Station	Aalborg	Denmark
ZTH	Zakinthos International Airport	Zakinthos	Greece
ZTI	Humen Port	Humen	China
ZTJ	Princeton JT Railway	Princeton	United States
ZTK	Thun Railway Station	Thun	Switzerland
ZTL	Telluride Bus Station	Telluride	United States
ZTM	Shamattawa	Shamattawa	Canada
ZTN	Trenton Railway St.	Philadelphia	United States
ZTO	Boston South Railway	Boston	United States
ZTR	Zhitomir Airport	Zhitomir	Ukraine
ZTS	Tahsis	Tahsis	Canada
ZTT	Cottbus Railway	Cottbus	Germany
ZTU	Zaqatala	Zaqatala	Azerbaijan
ZTV	Sturtevant Railway Station	Sturtevant	United States
ZTW	Tsuen Wan Railway Station	Tsuen Wan	Hong Kong
ZTY	Boston BKBAY Railway	Boston	United States
ZTZ	Chemnitz Railway	Chemnitz	Germany
ZUA	Utica N Railway	Utica	United States
ZUC	Ignace	Ignace	Canada
ZUD	Ancud	Ancud	Chile
ZUG	Harrisburg Railway	Harrisburg	United States
ZUH	Sanzao International	Zhuhai	China
ZUI	Jiuzhou Ferry Port	Zhuhai	China
ZUK	Lake Cook Road Railway Station	Lake Cook Road	United States
ZUL	Zilfi	Zilfi	Saudi Arabia
ZUM	Churchill Falls	Churchill Falls	Canada
ZUN	Chicago Union Railway Station	Chicago	United States
ZVA	Miandrivazo	Miandrivazo	Madagascar
ZVB	Brumunddal Railway Station	Brumunddal	Norway
ZVC	Villarrica Bus Station	Villarrica	Chile
ZVD	Drangedal Railway Station	Drangedal	Norway
ZVE	New Haven Railway	New Haven	United States
ZVG	Springvale	Springvale	Australia
ZVH	EK Bus Station	Al Ain	United Arab Emirates
ZVJ	EK Bus Station	Abu Dhabi	United Arab Emirates
ZVK	Savannakhet	Savannakhet	Laos
ZVM	Messe-BF Railway Servi	Hanover	Germany
ZVR	Hanover Railway	Hanover	Germany
ZWA	Andapa	Andapa	Madagascar
ZWB	Williamsburg Railway	Newport News	United States
ZWC	Stavanger Railway Station	Stavanger	Norway
ZWD	Warnemuende Railway Station	Warnemuende	Germany
ZWE	Antwerp Central Railway Station	Antwerp	Belgium
ZWH	Windhoek Railway Station	Windhoek	Namibia
ZWI	Wilmington Railway	Wilmington	United States
ZWJ	Haugastol Railway Station	Haugastol	Norway
ZWL	Wollaston Lake	Wollaston Lake	Canada
ZWM	Wismar Railway Station	Wismar	Germany
ZWN	Wittenberge Railway Station	Wittenberge	Germany
ZWP	West Palm Beach Railway Station	West Palm Beach	United States
ZWR	Kota Kinabalu Port	Kota Kinabalu	Malaysia
ZWS	Stuttgart Hauptbahnhof	Stuttgart	Germany
ZWT	Lutherstadt Wittenberg Railway Station	Lutherstadt Wittenberg	Germany
ZWU	Washington Union Railway Station	Washington	United States
ZWV	Glenview Railway Station	Glenview	United States
ZWW	Newport News Railway	Newport News	United States
ZXA	Aberdeen Railway Station	Aberdeen	United Kingdom
ZXE	Waverley Railway Station	Edinburgh	United Kingdom
ZXM	Rognan Railway Station	Rognan	Norway
ZXO	Fauske Railway Station	Fauske	Norway
ZXP	ScotRailway	Perth	United Kingdom
ZXS	Exchangest Railway	Buffalo	United States
ZXT	Heydar Aliyev	Baku	Azerbaijan
ZXU	Rygge Railway Station	Rygge	Norway
ZXX	Rade Railway Station	Rade	Norway
ZXY	Holland Spoor Rail Station	The Hague	Netherlands
ZXZ	Jumeirah Beach Bus Station	Dubai	United Arab Emirates
ZYA	Amsterdam Centraal Railway Station	Amsterdam	Netherlands
ZYD	Lisbon TP	Lisbon	Portugal
ZYE	Eindhoven Railway Station	Eindhoven	Netherlands
ZYF	Faro TP	Faro	Portugal
ZYG	Gjovik Railway Station	Gjovik	Norway
ZYH	The Hague Centraal Railway Station	The Hague	Netherlands
ZYI	Zunyi	Zunyi	China
ZYJ	Porto TP Bus Station	Porto	Portugal
ZYK	Shekou Ferry Port	Shekou	China
ZYL	Osmani International	Sylhet	Bangladesh
ZYM	Arnhem Railway Station	Arnhem	Netherlands
ZYN	Railway	Nimes	France
ZYO	Roosendaal Railway Station	Roosendaal	Netherlands
ZYP	Penn Railway Station	New York	United States
ZYQ	Syracuse Railway	Syracuse	United States
ZYR	Midi Railway Station	Brussels	Belgium
ZYS	Sandefjord Railway Station	Sandefjord	Norway
ZYT	Maastricht Railway Station	Maastricht	Netherlands
ZYU	Utrecht Centraal Railway Station	Utrecht	Netherlands
ZYV	Vegarshei Railway Station	Vegarshei	Norway
ZYW	Sandvika Railway Station	Sandvika	Norway
ZYX	Yantian Ferry Port	Shenzhen	China
ZYY	Marnardal Railway Station	Marnardal	Norway
ZYZ	Berchem Railway	Antwerp	Belgium
ZZN	Nationaltheatret RailS	Oslo	Norway
ZZO	Zonalnoye	Zonalnoye	Russia
ZZU	Mzuzu	Mzuzu	Malawi
ZZV	Zanesville	Zanesville	United States
